locationid,day_of_week,hour,norm_value
4,0,0,0.07154704347709111
4,0,1,0.03900394520096617
4,0,2,0.022627284451378887
4,0,3,0.01489046708588879
4,0,4,0.010857196012659949
4,0,5,0.011571886178833587
4,0,6,0.023735413577770387
4,0,7,0.05221029823184519
4,0,8,0.08324634131182179
4,0,9,0.07021836670667811
4,0,10,0.06734636546491611
4,0,11,0.0736075299421835
4,0,12,0.09195576924196125
4,0,13,0.10304974565709145
4,0,14,0.1182084218599424
4,0,15,0.1393906745113801
4,0,16,0.16679351328625772
4,0,17,0.23076225108428008
4,0,18,0.24505104711921533
4,0,19,0.21349523788412697
4,0,20,0.17897056432820477
4,0,21,0.16798784794108956
4,0,22,0.15285373698216825
4,0,23,0.11614097729859861
4,1,0,0.07219793952388796
4,1,1,0.03431168544150578
4,1,2,0.01924030527001573
4,1,3,0.011688286895897645
4,1,4,0.00865941052053585
4,1,5,0.009980523849402033
4,1,6,0.024878649074598823
4,1,7,0.056611144615712115
4,1,8,0.09096668873545635
4,1,9,0.07213172997144914
4,1,10,0.06960661569550212
4,1,11,0.07567043029974192
4,1,12,0.09423590965529412
4,1,13,0.10631396562874154
4,1,14,0.1282165729750025
4,1,15,0.14668152305696797
4,1,16,0.176006928663292
4,1,17,0.25922358936401285
4,1,18,0.28655212684325165
4,1,19,0.23672647659342058
4,1,20,0.20514762385263458
4,1,21,0.1909986997395937
4,1,22,0.17364263199817703
4,1,23,0.13071216537595232
4,2,0,0.08501336555923444
4,2,1,0.043689474197464766
4,2,2,0.02639974381916703
4,2,3,0.01666528792592715
4,2,4,0.013074458280222325
4,2,5,0.013564204003946655
4,2,6,0.02611633135812912
4,2,7,0.05723431546276083
4,2,8,0.08939868049775994
4,2,9,0.07522840853904172
4,2,10,0.0715263810948927
4,2,11,0.08101142279666257
4,2,12,0.101718417504298
4,2,13,0.11234328013332646
4,2,14,0.12806804137915037
4,2,15,0.15357788406419165
4,2,16,0.18152705735040667
4,2,17,0.2545340898701125
4,2,18,0.27980708577002517
4,2,19,0.25217851310320993
4,2,20,0.20946998419702162
4,2,21,0.19932900714429222
4,2,22,0.18397406900199964
4,2,23,0.14562636746418275
4,3,0,0.09643281601655625
4,3,1,0.049902756048897955
4,3,2,0.03046108090795709
4,3,3,0.020378074117798694
4,3,4,0.013733913020215035
4,3,5,0.011360449678497326
4,3,6,0.02818086440398098
4,3,7,0.05466970600670873
4,3,8,0.08719412084877276
4,3,9,0.0732220922392831
4,3,10,0.0721292889058415
4,3,11,0.08123565996965593
4,3,12,0.10302134859915944
4,3,13,0.11273984903100802
4,3,14,0.1278129688021654
4,3,15,0.15304359557116853
4,3,16,0.18151683984300923
4,3,17,0.2601376556073855
4,3,18,0.2836900068781858
4,3,19,0.2542785808585905
4,3,20,0.22497428870176575
4,3,21,0.21012299487418776
4,3,22,0.2053916867966246
4,3,23,0.17918179087883107
4,4,0,0.12900068614775373
4,4,1,0.08299546387500464
4,4,2,0.05099888184239257
4,4,3,0.028603931554050246
4,4,4,0.01906356243778377
4,4,5,0.014324998368871463
4,4,6,0.023990897615397133
4,4,7,0.05510431335331201
4,4,8,0.09831604458752445
4,4,9,0.08882311760511824
4,4,10,0.08405135401881295
4,4,11,0.09093284042710105
4,4,12,0.11267758750551513
4,4,13,0.12795914357369503
4,4,14,0.14682089168804893
4,4,15,0.1737814421590735
4,4,16,0.20062242288970966
4,4,17,0.24746847097208366
4,4,18,0.26799377618006126
4,4,19,0.25930712833130437
4,4,20,0.24390839513190452
4,4,21,0.2444869010920764
4,4,22,0.24512336504629997
4,4,23,0.25044289441812995
4,5,0,0.22939038573367265
4,5,1,0.18804660053742733
4,5,2,0.13974741456179224
4,5,3,0.08950129954014734
4,5,4,0.054373900230522354
4,5,5,0.023527378286063366
4,5,6,0.01846656001735656
4,5,7,0.03181868782591855
4,5,8,0.048979929390309325
4,5,9,0.07763567673341205
4,5,10,0.1061323029120455
4,5,11,0.12335461976724303
4,5,12,0.14995815929882755
4,5,13,0.1621376808485344
4,5,14,0.16840341785259413
4,5,15,0.18575741057213438
4,5,16,0.20375857487691637
4,5,17,0.22219102457182213
4,5,18,0.22759854504121996
4,5,19,0.23587487394776166
4,5,20,0.22738605694982997
4,5,21,0.2338156396988185
4,5,22,0.24344446537318531
4,5,23,0.25074024901528236
4,6,0,0.2236060708018492
4,6,1,0.1884680551864215
4,6,2,0.13729577222428252
4,6,3,0.0907105530220586
4,6,4,0.05763470338797554
4,6,5,0.024143335491494552
4,6,6,0.01861189265383574
4,6,7,0.033937162263192176
4,6,8,0.043769292903410924
4,6,9,0.06677064768903714
4,6,10,0.08446198616698791
4,6,11,0.10576900865454271
4,6,12,0.12856344977211928
4,6,13,0.14213618769447064
4,6,14,0.14520829447747832
4,6,15,0.1547340670932028
4,6,16,0.16408025413697008
4,6,17,0.17334045899992437
4,6,18,0.1919644674371982
4,6,19,0.17308021708179236
4,6,20,0.15397972592332798
4,6,21,0.152324457266314
4,6,22,0.13611455565709646
4,6,23,0.11204469298459853
12,0,0,0.0011673454761765506
12,0,1,0.0004598939827565319
12,0,2,0.0004832979643364218
12,0,3,0.0003438094968018942
12,0,4,0.0002424320429070942
12,0,5,0.0015195819157631102
12,0,6,0.001200167455274906
12,0,7,0.005998713456022503
12,0,8,0.02336874399476191
12,0,9,0.025644003503190176
12,0,10,0.02059642042134983
12,0,11,0.016058382997384327
12,0,12,0.015825267044248345
12,0,13,0.014012171944854815
12,0,14,0.010290332592261985
12,0,15,0.008677159885998617
12,0,16,0.010128853840034268
12,0,17,0.008924137402786988
12,0,18,0.007610247026523698
12,0,19,0.004609658283822226
12,0,20,0.0025981941996237002
12,0,21,0.002255292250108961
12,0,22,0.001599924382914932
12,0,23,0.0008644396951985465
12,1,0,0.0007638683442974884
12,1,1,0.00045260588369074636
12,1,2,0.0002767552345285261
12,1,3,0.0002553956920184768
12,1,4,0.0002479834827690087
12,1,5,0.0015752442345806986
12,1,6,0.0014631281503864784
12,1,7,0.005998110823241294
12,1,8,0.023282567261948297
12,1,9,0.028190980010962728
12,1,10,0.019869895864027688
12,1,11,0.015069681211325514
12,1,12,0.012662443451706362
12,1,13,0.010415096280284787
12,1,14,0.008791679214144508
12,1,15,0.007800741403852585
12,1,16,0.009982972152333631
12,1,17,0.009774817375726922
12,1,18,0.007843769356822928
12,1,19,0.00546612335044588
12,1,20,0.002740085709502629
12,1,21,0.0023706799742019926
12,1,22,0.002176658618699009
12,1,23,0.0017350884621886347
12,2,0,0.00103270618604804
12,2,1,0.0005532984117049642
12,2,2,0.00034113407100994574
12,2,3,0.0002676433616195757
12,2,4,0.00026639796737564853
12,2,5,0.0004812487168671158
12,2,6,0.0016229445687229716
12,2,7,0.006595643005707937
12,2,8,0.021997645682175847
12,2,9,0.02662747416551533
12,2,10,0.020204503555815823
12,2,11,0.015020572938562841
12,2,12,0.012803903335456899
12,2,13,0.011043467089163558
12,2,14,0.009494314391408683
12,2,15,0.00827161050908137
12,2,16,0.008727760414280547
12,2,17,0.008837392472404407
12,2,18,0.00672847438346757
12,2,19,0.004265583098426477
12,2,20,0.00258252300773517
12,2,21,0.002126863471475659
12,2,22,0.0017291116075890086
12,2,23,0.0009563979652760501
12,3,0,0.0011397242530305485
12,3,1,0.00044981237118545147
12,3,2,0.00029339277759197005
12,3,3,0.00024236770160104712
12,3,4,0.00024912172524867003
12,3,5,0.0009380832643483328
12,3,6,0.0011909186818717015
12,3,7,0.005886287443204393
12,3,8,0.021440685849742153
12,3,9,0.0245340192559901
12,3,10,0.01884327180889283
12,3,11,0.014370161365242435
12,3,12,0.014349497723481907
12,3,13,0.01269337537295834
12,3,14,0.010618496349708254
12,3,15,0.008296453004700562
12,3,16,0.008698516133935606
12,3,17,0.009068311454454341
12,3,18,0.007912348038083834
12,3,19,0.004832309334796113
12,3,20,0.0030570095533247583
12,3,21,0.0024911338181290597
12,3,22,0.0030732714171231813
12,3,23,0.0019499097401696915
12,4,0,0.0014497121711928422
12,4,1,0.0006527012758921957
12,4,2,0.0006147152923810899
12,4,3,0.0002994491880175029
12,4,4,0.00030793284413146234
12,4,5,0.000774793766333329
12,4,6,0.0013593594046616825
12,4,7,0.005541006100061248
12,4,8,0.021729943436947792
12,4,9,0.025919239908237728
12,4,10,0.02428436034183964
12,4,11,0.01826319080932883
12,4,12,0.017622023198154087
12,4,13,0.015752910112011947
12,4,14,0.014045605407413269
12,4,15,0.011821633228880534
12,4,16,0.013240590562657093
12,4,17,0.009217768136587716
12,4,18,0.007513308951799275
12,4,19,0.0053380888519034934
12,4,20,0.004381861168278715
12,4,21,0.0038461385795867478
12,4,22,0.0031502165917004
12,4,23,0.002294401662380716
12,5,0,0.001546623878779316
12,5,1,0.0008119946090981783
12,5,2,0.0010397055610433029
12,5,3,0.0004771014051407449
12,5,4,0.0007651344464396189
12,5,5,0.0005093633353066319
12,5,6,0.0009631441107516262
12,5,7,0.004250864298117278
12,5,8,0.01907732295168086
12,5,9,0.02479221909479314
12,5,10,0.02378210166766825
12,5,11,0.023773107195616972
12,5,12,0.022714854831157122
12,5,13,0.022256305207295157
12,5,14,0.019187543181481154
12,5,15,0.017437262083009063
12,5,16,0.013923631179413549
12,5,17,0.012010548206980973
12,5,18,0.00959715219099158
12,5,19,0.006232896905974539
12,5,20,0.005015585468280301
12,5,21,0.0033305508310315563
12,5,22,0.002662806510073268
12,5,23,0.0019801272500493466
12,6,0,0.0014766617449938262
12,6,1,0.0010655394953576537
12,6,2,0.0010683894696663565
12,6,3,0.0007802527772899681
12,6,4,0.0007555701640845942
12,6,5,0.0020189691858234233
12,6,6,0.0012348256156443434
12,6,7,0.004592543265701874
12,6,8,0.01641069518469109
12,6,9,0.019232482453142432
12,6,10,0.018367315087975282
12,6,11,0.01753075594154139
12,6,12,0.017094641267217617
12,6,13,0.013972078688585576
12,6,14,0.014591036382804368
12,6,15,0.011946610496291213
12,6,16,0.010634993394219127
12,6,17,0.008263706808318694
12,6,18,0.006650183469960964
12,6,19,0.005421511380936428
12,6,20,0.0032907938314657176
12,6,21,0.0024087257228265027
12,6,22,0.0019071505857795855
12,6,23,0.00117959141263919
13,0,0,0.03388373582725524
13,0,1,0.016065943439295655
13,0,2,0.007145336769441474
13,0,3,0.004139009993242263
13,0,4,0.005498580027869417
13,0,5,0.025523260870337634
13,0,6,0.12916048692735502
13,0,7,0.2613541766386432
13,0,8,0.403184638193714
13,0,9,0.30142266357266256
13,0,10,0.17120114994755478
13,0,11,0.14501292411844732
13,0,12,0.15521929479339208
13,0,13,0.15363986119721917
13,0,14,0.1716366007386947
13,0,15,0.1924421222205852
13,0,16,0.22575367940463203
13,0,17,0.3118448615874064
13,0,18,0.29999057690236813
13,0,19,0.22733505035726964
13,0,20,0.17362811589153396
13,0,21,0.14716503064169312
13,0,22,0.10649182228030318
13,0,23,0.061776892294976585
13,1,0,0.03244697115100226
13,1,1,0.015243339144962242
13,1,2,0.006756110423833189
13,1,3,0.0040572462731419
13,1,4,0.005973264724495014
13,1,5,0.03377238018373013
13,1,6,0.15056304221363542
13,1,7,0.3250715302498384
13,1,8,0.5403862215174813
13,1,9,0.41768022921347503
13,1,10,0.21961398210641134
13,1,11,0.17183276571300873
13,1,12,0.1706128414298432
13,1,13,0.16960358613831783
13,1,14,0.18655735286602687
13,1,15,0.20399131228071063
13,1,16,0.23919657348655535
13,1,17,0.3730935176122107
13,1,18,0.35414539488508673
13,1,19,0.2720827582807431
13,1,20,0.218260862365311
13,1,21,0.1906140831101646
13,1,22,0.1488144792705498
13,1,23,0.0858155152586771
13,2,0,0.04190651566615851
13,2,1,0.021961577737915277
13,2,2,0.009978803598432713
13,2,3,0.005866429100082224
13,2,4,0.006816078448203621
13,2,5,0.03049109538853151
13,2,6,0.1462158067388709
13,2,7,0.31894728144337536
13,2,8,0.5342015084012492
13,2,9,0.426563584163309
13,2,10,0.23244088126250903
13,2,11,0.18597143698884003
13,2,12,0.18293043176797918
13,2,13,0.17677698004148096
13,2,14,0.18981685250825125
13,2,15,0.20530766518553678
13,2,16,0.24388048546157606
13,2,17,0.35603601233322935
13,2,18,0.3284472790484794
13,2,19,0.26367135960487553
13,2,20,0.2168680142379263
13,2,21,0.1949059482491502
13,2,22,0.16070305191343623
13,2,23,0.09745848323200375
13,3,0,0.050990954099231135
13,3,1,0.027220517288028663
13,3,2,0.013075683725423143
13,3,3,0.007203889579084952
13,3,4,0.007624525372661024
13,3,5,0.029834165477863613
13,3,6,0.13442149748901494
13,3,7,0.30021726350554
13,3,8,0.5034267546473224
13,3,9,0.4078173598074063
13,3,10,0.223321870832544
13,3,11,0.1789092506185726
13,3,12,0.1835838841426888
13,3,13,0.17584612676826197
13,3,14,0.18834956439750536
13,3,15,0.20432710661941558
13,3,16,0.24631379243557064
13,3,17,0.3355066397163363
13,3,18,0.31291203140524865
13,3,19,0.2586334982188379
13,3,20,0.20927750033702489
13,3,21,0.19138288750193197
13,3,22,0.17619934824954192
13,3,23,0.12334288277564327
13,4,0,0.07582791689554028
13,4,1,0.040591281403424745
13,4,2,0.021005102624347512
13,4,3,0.010987923876162221
13,4,4,0.008789178123641404
13,4,5,0.02448935611480768
13,4,6,0.11462645835409627
13,4,7,0.2470533659725487
13,4,8,0.38238385316450946
13,4,9,0.28764088750188577
13,4,10,0.18237885932578374
13,4,11,0.16264158851225904
13,4,12,0.17917127162577506
13,4,13,0.18216167555889046
13,4,14,0.2055104709692053
13,4,15,0.23014105975605736
13,4,16,0.2725351652106241
13,4,17,0.30614407890158113
13,4,18,0.2800809601082866
13,4,19,0.24218827244576793
13,4,20,0.18605029279455826
13,4,21,0.16222443645497342
13,4,22,0.16942341690464496
13,4,23,0.15433094360725247
13,5,0,0.12487158361206303
13,5,1,0.09374703649792018
13,5,2,0.06134065686427728
13,5,3,0.03866065805063379
13,5,4,0.02122134024095097
13,5,5,0.011793228141737637
13,5,6,0.024028115707462237
13,5,7,0.044119180617332915
13,5,8,0.08134473223215137
13,5,9,0.13422840944565717
13,5,10,0.18118841733985547
13,5,11,0.21383130904100991
13,5,12,0.248449985292829
13,5,13,0.2649461895648051
13,5,14,0.27871371642690657
13,5,15,0.28700048679339524
13,5,16,0.27738314105517764
13,5,17,0.25971065393772613
13,5,18,0.24087544380987216
13,5,19,0.20754590774277873
13,5,20,0.16865820569842643
13,5,21,0.15808550448592712
13,5,22,0.16340142005122096
13,5,23,0.15622107493704274
13,6,0,0.13072102199537697
13,6,1,0.09972213382199833
13,6,2,0.06317233775401167
13,6,3,0.03918697717049166
13,6,4,0.021976912616881415
13,6,5,0.011808851065324115
13,6,6,0.019972576259877892
13,6,7,0.03666266794941746
13,6,8,0.06752484106188716
13,6,9,0.10894310821792348
13,6,10,0.15058264766956883
13,6,11,0.18273297867374494
13,6,12,0.21034557044857516
13,6,13,0.22686846675077846
13,6,14,0.23548329091468098
13,6,15,0.24530134482093166
13,6,16,0.2442320324684796
13,6,17,0.22489029268730465
13,6,18,0.20874409727219395
13,6,19,0.17391681695029695
13,6,20,0.13691296939535286
13,6,21,0.11612522267128424
13,6,22,0.09307445715675716
13,6,23,0.060030533090938434
24,0,0,0.023381356672768912
24,0,1,0.013375981379826095
24,0,2,0.007841078914872785
24,0,3,0.004211049782578955
24,0,4,0.0036041010167765174
24,0,5,0.0031015304032293712
24,0,6,0.010618372489308366
24,0,7,0.032058917824137764
24,0,8,0.054294159411675924
24,0,9,0.03974980197659504
24,0,10,0.03341223715712769
24,0,11,0.0381822935416389
24,0,12,0.04472397391553251
24,0,13,0.04858629371322043
24,0,14,0.053861044364602095
24,0,15,0.06812255975291566
24,0,16,0.0759805432501143
24,0,17,0.0902965009966876
24,0,18,0.08580470885507183
24,0,19,0.07009596717108939
24,0,20,0.05946754742430444
24,0,21,0.050575766785671245
24,0,22,0.04584045335157723
24,0,23,0.034074258226671594
24,1,0,0.021366060643542645
24,1,1,0.011691467672341764
24,1,2,0.006501435868955249
24,1,3,0.0036968579965151018
24,1,4,0.0031749913591884974
24,1,5,0.003522711585516183
24,1,6,0.01176606654224685
24,1,7,0.038146882009865365
24,1,8,0.06395653748869679
24,1,9,0.04421568884820221
24,1,10,0.03702647438783716
24,1,11,0.03935531401630142
24,1,12,0.04782667150970727
24,1,13,0.05090560391565128
24,1,14,0.05623981194018376
24,1,15,0.07210298135113276
24,1,16,0.08189292683607051
24,1,17,0.10283554334103594
24,1,18,0.09814666808010226
24,1,19,0.07942942918899021
24,1,20,0.06434628448960875
24,1,21,0.05913008522061151
24,1,22,0.052166218647567514
24,1,23,0.038126404947852854
24,2,0,0.024094727421852858
24,2,1,0.013057608819036013
24,2,2,0.007769450457083468
24,2,3,0.004945987502014409
24,2,4,0.003104556578967704
24,2,5,0.0038443157521085188
24,2,6,0.01250398928270488
24,2,7,0.039046780599594426
24,2,8,0.06360164614445507
24,2,9,0.04555232998027361
24,2,10,0.039783272672228635
24,2,11,0.0440544376315514
24,2,12,0.05004061239022221
24,2,13,0.055233198414052824
24,2,14,0.05922065642729848
24,2,15,0.07393920112847126
24,2,16,0.08247551032057318
24,2,17,0.10458685272970221
24,2,18,0.09892756483628694
24,2,19,0.08212952223363575
24,2,20,0.06540176295811936
24,2,21,0.06155677267667797
24,2,22,0.0551167473997982
24,2,23,0.0420498771140686
24,3,0,0.026678853846215773
24,3,1,0.015476180866416977
24,3,2,0.009147307137460618
24,3,3,0.006096641922664889
24,3,4,0.004361515140910963
24,3,5,0.003901376272890817
24,3,6,0.01157876004192755
24,3,7,0.037166394765515295
24,3,8,0.06161250614858376
24,3,9,0.04383384353107201
24,3,10,0.03892491336638747
24,3,11,0.04377652643912973
24,3,12,0.048796716716216694
24,3,13,0.05219600912522883
24,3,14,0.05887487465879424
24,3,15,0.07620653943514609
24,3,16,0.08383007557145528
24,3,17,0.09982812773097609
24,3,18,0.09625519259574186
24,3,19,0.08301987563687713
24,3,20,0.0682375052503706
24,3,21,0.06309156756504085
24,3,22,0.057879949995498226
24,3,23,0.04754980956490266
24,4,0,0.032185350412353764
24,4,1,0.021469509866621366
24,4,2,0.014568706669044713
24,4,3,0.0082016914912204
24,4,4,0.0053937045489324854
24,4,5,0.003974369701786148
24,4,6,0.011566457068593963
24,4,7,0.03592802600951728
24,4,8,0.055866973228652174
24,4,9,0.045456258068835735
24,4,10,0.043747484317505386
24,4,11,0.05199977125271005
24,4,12,0.05802071928796301
24,4,13,0.06212869375718737
24,4,14,0.07013925571270693
24,4,15,0.08230476806137815
24,4,16,0.08860406828130196
24,4,17,0.10056365317417998
24,4,18,0.09836253831116872
24,4,19,0.08477741424255307
24,4,20,0.06981794317730484
24,4,21,0.06499152239361784
24,4,22,0.060676451978247836
24,4,23,0.055300408607888714
24,5,0,0.0473085990084003
24,5,1,0.038218648131736054
24,5,2,0.030615034866230302
24,5,3,0.02193053620382005
24,5,4,0.013755945631823512
24,5,5,0.006741211645566584
24,5,6,0.00815274017124865
24,5,7,0.017040193394611863
24,5,8,0.024516311158434726
24,5,9,0.03741095851756331
24,5,10,0.05442535250681894
24,5,11,0.0615491449292224
24,5,12,0.06943555135382981
24,5,13,0.07129747748547584
24,5,14,0.07135835741684096
24,5,15,0.07351978576190075
24,5,16,0.07444621075477999
24,5,17,0.0809963097047041
24,5,18,0.08029689439869266
24,5,19,0.07403572036411567
24,5,20,0.06318355151339243
24,5,21,0.0588979853331101
24,5,22,0.05768127440617303
24,5,23,0.05650556220267337
24,6,0,0.047260179693160105
24,6,1,0.03990071487286365
24,6,2,0.03145268701211251
24,6,3,0.024230723440674163
24,6,4,0.014700913922031959
24,6,5,0.00721076061175443
24,6,6,0.009600408327728401
24,6,7,0.016267554757689064
24,6,8,0.02352738815325897
24,6,9,0.03468270482409943
24,6,10,0.047114764767652244
24,6,11,0.05362280264867961
24,6,12,0.06550084460131772
24,6,13,0.0652120516030407
24,6,14,0.06432158773643223
24,6,15,0.06586016018372384
24,6,16,0.06827629106371681
24,6,17,0.0722484720742064
24,6,18,0.07038155026936027
24,6,19,0.06226995612363244
24,6,20,0.053208379737450684
24,6,21,0.048538361470472455
24,6,22,0.045335238893769426
24,6,23,0.03633416932193028
41,0,0,0.07538877069828653
41,0,1,0.04393194658811186
41,0,2,0.028492227178132868
41,0,3,0.0197644987431058
41,0,4,0.023961641214472636
41,0,5,0.033398338952344474
41,0,6,0.07333138989917212
41,0,7,0.17887884825578879
41,0,8,0.25215348497505785
41,0,9,0.19837983632617334
41,0,10,0.16325954255859373
41,0,11,0.1621759454574414
41,0,12,0.17024881141952367
41,0,13,0.1810842774216912
41,0,14,0.20262762324543407
41,0,15,0.24000293747679233
41,0,16,0.2697407037693162
41,0,17,0.3027985107847376
41,0,18,0.27955634919819916
41,0,19,0.2245424712396854
41,0,20,0.18020903597610985
41,0,21,0.14635987333442774
41,0,22,0.11996913840123652
41,0,23,0.09289710027565712
41,1,0,0.06475768522534191
41,1,1,0.03605297611339512
41,1,2,0.023549992079457537
41,1,3,0.015865609050577503
41,1,4,0.021753167535038136
41,1,5,0.03360328575926047
41,1,6,0.08043587026870531
41,1,7,0.2044969416228682
41,1,8,0.2911350128059541
41,1,9,0.22971687208532904
41,1,10,0.18213190339295146
41,1,11,0.1718934719079349
41,1,12,0.17987594343603952
41,1,13,0.19047032593964838
41,1,14,0.21340705848089755
41,1,15,0.2553208853202631
41,1,16,0.2748213291988983
41,1,17,0.32571083709714144
41,1,18,0.2996310966774008
41,1,19,0.24380646454122776
41,1,20,0.19405458257864938
41,1,21,0.16205174780921708
41,1,22,0.13950849654509437
41,1,23,0.10655166845730699
41,2,0,0.07278081405803527
41,2,1,0.04185748619253161
41,2,2,0.02780699537551377
41,2,3,0.020064793348496802
41,2,4,0.023880391142083797
41,2,5,0.035214605933555215
41,2,6,0.07942796155567995
41,2,7,0.20525047366744537
41,2,8,0.2909637666692392
41,2,9,0.2292305374535612
41,2,10,0.18800569890178132
41,2,11,0.1773610779202532
41,2,12,0.18523365808579975
41,2,13,0.19770063300920301
41,2,14,0.21821014100517228
41,2,15,0.25873157658235446
41,2,16,0.2804350040004501
41,2,17,0.32554254093508206
41,2,18,0.30263770744186025
41,2,19,0.24717623504410463
41,2,20,0.19883084574042847
41,2,21,0.17221698240611605
41,2,22,0.1468810629390901
41,2,23,0.11921256442290389
41,3,0,0.0802608678567988
41,3,1,0.04656666961026747
41,3,2,0.03165228450260607
41,3,3,0.022931765667369184
41,3,4,0.02517932245444013
41,3,5,0.03413095369517129
41,3,6,0.07947042426072785
41,3,7,0.20031714962327593
41,3,8,0.2827400490303137
41,3,9,0.22662546549963888
41,3,10,0.187155691355088
41,3,11,0.1830394479112796
41,3,12,0.18769193841168355
41,3,13,0.20074769088938396
41,3,14,0.22010332942045516
41,3,15,0.2658019754188271
41,3,16,0.28882192220556024
41,3,17,0.32853584781059075
41,3,18,0.30796209273809005
41,3,19,0.2569475436887538
41,3,20,0.2064612790713855
41,3,21,0.1767164151168736
41,3,22,0.1561703393285772
41,3,23,0.12865536665242533
41,4,0,0.09537406413854024
41,4,1,0.05809072637197503
41,4,2,0.03920086073969361
41,4,3,0.027737651987964972
41,4,4,0.02881148236792034
41,4,5,0.033969369911176585
41,4,6,0.07697653763849771
41,4,7,0.19516755040717357
41,4,8,0.26606146335778946
41,4,9,0.22633771257956395
41,4,10,0.195382237375402
41,4,11,0.1966151715621709
41,4,12,0.21480301002911925
41,4,13,0.22751154200024082
41,4,14,0.2483222631830199
41,4,15,0.29226490447692827
41,4,16,0.30911400037362724
41,4,17,0.33822313222506917
41,4,18,0.31717627438171436
41,4,19,0.2770766429644437
41,4,20,0.22974748848195325
41,4,21,0.19821594002522244
41,4,22,0.1801063687280198
41,4,23,0.16377711311627988
41,5,0,0.13467434203010265
41,5,1,0.10085562125007422
41,5,2,0.07788843346719697
41,5,3,0.060784971619388554
41,5,4,0.049168676880256855
41,5,5,0.03586621075015653
41,5,6,0.04496341691360472
41,5,7,0.08037292554046979
41,5,8,0.1274988870205041
41,5,9,0.18266812979961233
41,5,10,0.21184494777561377
41,5,11,0.23600418211087285
41,5,12,0.24894045768596515
41,5,13,0.26187077866104685
41,5,14,0.26186483127881915
41,5,15,0.2684955393493532
41,5,16,0.2718507618751724
41,5,17,0.26990387530622245
41,5,18,0.2673640071907282
41,5,19,0.24505049726563008
41,5,20,0.21169675635533003
41,5,21,0.1874480595927208
41,5,22,0.17657253723246083
41,5,23,0.1659362747407237
41,6,0,0.13824032974164183
41,6,1,0.10844110833261991
41,6,2,0.08099159582847143
41,6,3,0.06590541133648715
41,6,4,0.05458284110099812
41,6,5,0.03626049745167875
41,6,6,0.0417058465663111
41,6,7,0.06757598115298216
41,6,8,0.10029339256872416
41,6,9,0.17303660794772405
41,6,10,0.22074600292479343
41,6,11,0.23020993154646738
41,6,12,0.22750713500623934
41,6,13,0.23266374508078205
41,6,14,0.23278785830521953
41,6,15,0.23266071776612077
41,6,16,0.22957058648073414
41,6,17,0.22654781604190524
41,6,18,0.2155822804001408
41,6,19,0.18611588353880404
41,6,20,0.1627046613442712
41,6,21,0.13855177329613627
41,6,22,0.12448014304866199
41,6,23,0.10336298387645337
42,0,0,0.12035362333928225
42,0,1,0.07545494936143214
42,0,2,0.051252117989526745
42,0,3,0.03336430916444954
42,0,4,0.030678110592939376
42,0,5,0.03926438950018434
42,0,6,0.08406648269772261
42,0,7,0.19432904961514774
42,0,8,0.21984353676767654
42,0,9,0.17496430125456205
42,0,10,0.1375431679801772
42,0,11,0.1336932958546982
42,0,12,0.143052793345157
42,0,13,0.1531858918729947
42,0,14,0.17105566825767365
42,0,15,0.19816357816465635
42,0,16,0.22962391661613712
42,0,17,0.24302618660462774
42,0,18,0.22801555673464255
42,0,19,0.19778227367028917
42,0,20,0.17294418913455792
42,0,21,0.1595042617309241
42,0,22,0.1486768896390768
42,0,23,0.13810618496883303
42,1,0,0.0990172847765805
42,1,1,0.05834274336391027
42,1,2,0.038414956566079295
42,1,3,0.025767982341789633
42,1,4,0.02612119265794053
42,1,5,0.042078240411342366
42,1,6,0.08814643103111668
42,1,7,0.21424329872115755
42,1,8,0.2439088000887776
42,1,9,0.19401801820795386
42,1,10,0.1487823662745932
42,1,11,0.14202659744339852
42,1,12,0.1520426046092864
42,1,13,0.16141421103484507
42,1,14,0.1848955556661116
42,1,15,0.20861824084304845
42,1,16,0.24075028705767126
42,1,17,0.2554976255687068
42,1,18,0.24413630561522662
42,1,19,0.21363180169537568
42,1,20,0.18660179743812907
42,1,21,0.17813109550003026
42,1,22,0.163376830608353
42,1,23,0.15178929611639758
42,2,0,0.11042988312745577
42,2,1,0.06794292259215831
42,2,2,0.04504961380013339
42,2,3,0.031614388231380665
42,2,4,0.027792755649354323
42,2,5,0.043412123774130396
42,2,6,0.08930214604741063
42,2,7,0.2141600106783643
42,2,8,0.24465338657243688
42,2,9,0.1929213661095613
42,2,10,0.15191359765794546
42,2,11,0.14961645855689892
42,2,12,0.16160810054260932
42,2,13,0.1718856397121538
42,2,14,0.19268162622780582
42,2,15,0.21910024416329507
42,2,16,0.2454054826818476
42,2,17,0.2606036086864323
42,2,18,0.25522095400464456
42,2,19,0.22410095566207225
42,2,20,0.19845735910429968
42,2,21,0.1887003601540006
42,2,22,0.1765827951568075
42,2,23,0.17001996854666657
42,3,0,0.12317019156771945
42,3,1,0.07550253230309661
42,3,2,0.05099051575358891
42,3,3,0.03679353859556318
42,3,4,0.03270383448111963
42,3,5,0.044456253697954216
42,3,6,0.09014903530062424
42,3,7,0.21174382254284582
42,3,8,0.24148178669238943
42,3,9,0.1954423957095296
42,3,10,0.1576303457992464
42,3,11,0.15214455678202582
42,3,12,0.16315175950614177
42,3,13,0.17258591836915652
42,3,14,0.19844303027893592
42,3,15,0.22527405501577116
42,3,16,0.253480326503713
42,3,17,0.2658368959344292
42,3,18,0.25873271494585887
42,3,19,0.22761802837057277
42,3,20,0.21203784779749518
42,3,21,0.19931530789946902
42,3,22,0.19267256689121778
42,3,23,0.1820714378428068
42,4,0,0.14266399665223606
42,4,1,0.09494477471650523
42,4,2,0.06481265799214814
42,4,3,0.043293252603804504
42,4,4,0.036187466806568036
42,4,5,0.044204610312211456
42,4,6,0.0901061840589231
42,4,7,0.21100131505712597
42,4,8,0.2394485380221115
42,4,9,0.20041129128450347
42,4,10,0.16413721339915127
42,4,11,0.1620883250118087
42,4,12,0.1823109469742348
42,4,13,0.19052441208593046
42,4,14,0.21771177021848281
42,4,15,0.23869487415129037
42,4,16,0.2665884252576672
42,4,17,0.2734537860646964
42,4,18,0.273218374313856
42,4,19,0.24418904064997984
42,4,20,0.2260567696980068
42,4,21,0.21754686995335384
42,4,22,0.21325031293207178
42,4,23,0.21954448646476324
42,5,0,0.19214327100380446
42,5,1,0.14862153523310742
42,5,2,0.11916448811294597
42,5,3,0.08789773398188579
42,5,4,0.07093691961020805
42,5,5,0.04864370816456831
42,5,6,0.05973514090683786
42,5,7,0.10425592222170858
42,5,8,0.1285273690280253
42,5,9,0.15523296941409429
42,5,10,0.16879405869308647
42,5,11,0.17785274355188876
42,5,12,0.1876255739429544
42,5,13,0.19747778140323088
42,5,14,0.2067604982235095
42,5,15,0.21728236594346592
42,5,16,0.2179498185626219
42,5,17,0.2169697589796246
42,5,18,0.22147594618431346
42,5,19,0.21758342360603286
42,5,20,0.20751783944372854
42,5,21,0.20916234475529646
42,5,22,0.21471817346136643
42,5,23,0.22016586250932096
42,6,0,0.19703680222102632
42,6,1,0.16489412173683257
42,6,2,0.12643968224539995
42,6,3,0.09804651923689263
42,6,4,0.0785514504749102
42,6,5,0.051562794907264696
42,6,6,0.052015234125525216
42,6,7,0.0855625211345908
42,6,8,0.10578338442644306
42,6,9,0.15690702951565114
42,6,10,0.17005401049975552
42,6,11,0.15059675420924296
42,6,12,0.15262358707605875
42,6,13,0.16299878848912164
42,6,14,0.17251365053733797
42,6,15,0.17900815556320787
42,6,16,0.18144304993367782
42,6,17,0.17849534869633302
42,6,18,0.18424737704680824
42,6,19,0.18293002297826283
42,6,20,0.17174228334481206
42,6,21,0.16961115180896577
42,6,22,0.16352749678982936
42,6,23,0.15791643541695935
43,0,0,0.017256330990770664
43,0,1,0.00843979826255904
43,0,2,0.003420753519521917
43,0,3,0.002263384006695665
43,0,4,0.003565317296720219
43,0,5,0.01575705011947532
43,0,6,0.04976570807090312
43,0,7,0.11326186685814688
43,0,8,0.22142978985488376
43,0,9,0.17810733350366287
43,0,10,0.19336334052204265
43,0,11,0.21168915137843505
43,0,12,0.23881964720716084
43,0,13,0.2545739966979618
43,0,14,0.28212732579559735
43,0,15,0.32283305144955
43,0,16,0.33039902967888435
43,0,17,0.3697303988506738
43,0,18,0.3097249314647741
43,0,19,0.18820193850322592
43,0,20,0.11420402694173944
43,0,21,0.08754740895032564
43,0,22,0.06448048089834635
43,0,23,0.03792623764236291
43,1,0,0.017836003433671383
43,1,1,0.0073323001821218575
43,1,2,0.00325860562894803
43,1,3,0.0022533311288103685
43,1,4,0.0037928306701274983
43,1,5,0.019897906101700287
43,1,6,0.06388125345877624
43,1,7,0.13702890501259465
43,1,8,0.27760455739841
43,1,9,0.2176035592993768
43,1,10,0.20141532616950528
43,1,11,0.21602703536352083
43,1,12,0.24165707695344416
43,1,13,0.2527361306546115
43,1,14,0.28358738661989835
43,1,15,0.3259988039883844
43,1,16,0.3327552947203303
43,1,17,0.40335083028325097
43,1,18,0.34718785046422895
43,1,19,0.2106673675767029
43,1,20,0.13292010887218123
43,1,21,0.10535560553633432
43,1,22,0.07982467403608964
43,1,23,0.045661836874212464
43,2,0,0.02158413649236391
43,2,1,0.009475685196592011
43,2,2,0.004819675857001625
43,2,3,0.0026127468543949185
43,2,4,0.003838644936761881
43,2,5,0.018613380678252783
43,2,6,0.06358190267514474
43,2,7,0.1356544105484838
43,2,8,0.2680046509355916
43,2,9,0.20617849742723843
43,2,10,0.18092828507646366
43,2,11,0.19272824472842634
43,2,12,0.22461311017971894
43,2,13,0.22995665631708825
43,2,14,0.262586785721062
43,2,15,0.307186028456822
43,2,16,0.3283581478024112
43,2,17,0.381920062333952
43,2,18,0.3315853658953988
43,2,19,0.20940760679136547
43,2,20,0.1329368656223103
43,2,21,0.10569800515347046
43,2,22,0.08391272409945072
43,2,23,0.05174393451502609
43,3,0,0.024361879724710725
43,3,1,0.010533402302238757
43,3,2,0.00519266435570671
43,3,3,0.0029452616141081257
43,3,4,0.0043884993504514054
43,3,5,0.018133469818226566
43,3,6,0.059699789473486004
43,3,7,0.13065163490496223
43,3,8,0.2576025773976109
43,3,9,0.21835798805962076
43,3,10,0.21052467963256352
43,3,11,0.22390701429713186
43,3,12,0.24614247933357697
43,3,13,0.2568900300301052
43,3,14,0.28996742899302025
43,3,15,0.332504514560003
43,3,16,0.3442224208627299
43,3,17,0.39013416847520305
43,3,18,0.33075295384897385
43,3,19,0.21001631116575872
43,3,20,0.13318708689133288
43,3,21,0.10363583363967731
43,3,22,0.08576061886455665
43,3,23,0.05413726890994151
43,4,0,0.028314835052583854
43,4,1,0.013245504967131923
43,4,2,0.006876422370876429
43,4,3,0.004098436074861113
43,4,4,0.004738449049957171
43,4,5,0.016655440103177696
43,4,6,0.05035459928354241
43,4,7,0.11684084191994548
43,4,8,0.19677069730505575
43,4,9,0.192322440209873
43,4,10,0.2230620922992791
43,4,11,0.24258440677534598
43,4,12,0.2785538892004882
43,4,13,0.30081262465210673
43,4,14,0.33483358083895076
43,4,15,0.3722654868291164
43,4,16,0.3805975137451837
43,4,17,0.3930378677233472
43,4,18,0.32955801372412774
43,4,19,0.229232232118539
43,4,20,0.13863336202383003
43,4,21,0.10081401689794293
43,4,22,0.09003355316682288
43,4,23,0.06480022433504962
43,5,0,0.03958058834148941
43,5,1,0.022576571429646593
43,5,2,0.01485952202251181
43,5,3,0.010044452520718429
43,5,4,0.006899464474422738
43,5,5,0.00921480383641747
43,5,6,0.0328088405598755
43,5,7,0.06583093295563965
43,5,8,0.0985478225454424
43,5,9,0.18314838417083515
43,5,10,0.2746354594729386
43,5,11,0.312243623122547
43,5,12,0.353044158806031
43,5,13,0.38230511964360236
43,5,14,0.4041514943522768
43,5,15,0.40563279866552415
43,5,16,0.39423566280930283
43,5,17,0.3616635481301992
43,5,18,0.2825027053590799
43,5,19,0.20676879030688
43,5,20,0.12352325738768927
43,5,21,0.09475447565510767
43,5,22,0.08503889120867561
43,5,23,0.065607490154101
43,6,0,0.03895236722449989
43,6,1,0.024850939032249362
43,6,2,0.014624694183448774
43,6,3,0.010793540431337212
43,6,4,0.00840056173535967
43,6,5,0.009598648122401729
43,6,6,0.028330577398540044
43,6,7,0.060520277921958465
43,6,8,0.08920469382196841
43,6,9,0.14879587198777067
43,6,10,0.24577846330293712
43,6,11,0.27679850781227305
43,6,12,0.3213089927696696
43,6,13,0.3416121307657304
43,6,14,0.3553920961947443
43,6,15,0.352891981769385
43,6,16,0.32501739129608576
43,6,17,0.28812319844603207
43,6,18,0.21563580012911543
43,6,19,0.1452688410287416
43,6,20,0.09674743396204168
43,6,21,0.06983909958800769
43,6,22,0.05538328639404887
43,6,23,0.03544767285909805
45,0,0,0.023387220232154903
45,0,1,0.013531575202185609
45,0,2,0.00804444530097739
45,0,3,0.005046564274330038
45,0,4,0.004232416159347304
45,0,5,0.0060255039155042425
45,0,6,0.017497583724483335
45,0,7,0.046915970569082574
45,0,8,0.10559434725690031
45,0,9,0.1261105963241249
45,0,10,0.10442498951739522
45,0,11,0.0976549417609373
45,0,12,0.10519706377147713
45,0,13,0.1110853274402283
45,0,14,0.11551807110987798
45,0,15,0.13624679338646975
45,0,16,0.16164139139345815
45,0,17,0.19701669320656334
45,0,18,0.16467770249653518
45,0,19,0.12177774196933155
45,0,20,0.09256475444086676
45,0,21,0.06625101955700037
45,0,22,0.052687009282518085
45,0,23,0.039300568543950254
45,1,0,0.02392247705730543
45,1,1,0.01182598563513777
45,1,2,0.006063063469070562
45,1,3,0.0037018157881287075
45,1,4,0.004025583990444159
45,1,5,0.006618927607638371
45,1,6,0.019446402490206027
45,1,7,0.05231981482550395
45,1,8,0.11531945355369425
45,1,9,0.14208710058452148
45,1,10,0.11292831242211691
45,1,11,0.09988322547356532
45,1,12,0.10874249199174127
45,1,13,0.11218034197890474
45,1,14,0.124168642868662
45,1,15,0.14591811414944297
45,1,16,0.17549652971598373
45,1,17,0.22365831180697568
45,1,18,0.19495869014469877
45,1,19,0.1403189810273233
45,1,20,0.11001281787262754
45,1,21,0.07513922420519563
45,1,22,0.06335230271580423
45,1,23,0.047147336293047015
45,2,0,0.029446933947009698
45,2,1,0.015994426863829764
45,2,2,0.009153762883282263
45,2,3,0.005518073730905063
45,2,4,0.00487707079900794
45,2,5,0.007313481467114932
45,2,6,0.020245747371861564
45,2,7,0.05343340856836876
45,2,8,0.11839321773024776
45,2,9,0.1378167465405291
45,2,10,0.11066731539648446
45,2,11,0.10290230664508504
45,2,12,0.11241800417411156
45,2,13,0.11676902044764136
45,2,14,0.12516154641278807
45,2,15,0.1439261379878083
45,2,16,0.17816497161606026
45,2,17,0.22854325798669498
45,2,18,0.19387300983158368
45,2,19,0.14550227451948392
45,2,20,0.11437598367571819
45,2,21,0.07885496622266791
45,2,22,0.06599975423054999
45,2,23,0.05092595084382573
45,3,0,0.03403603822488898
45,3,1,0.019109332528641984
45,3,2,0.011773687620756692
45,3,3,0.006471752752243175
45,3,4,0.005669001025677073
45,3,5,0.006958192724120722
45,3,6,0.019054549048432234
45,3,7,0.0523117243416578
45,3,8,0.1095442694454721
45,3,9,0.135538046497442
45,3,10,0.11450024198982652
45,3,11,0.10680451415955286
45,3,12,0.1141696726166789
45,3,13,0.11914977149172305
45,3,14,0.13151813814835897
45,3,15,0.15272772368288243
45,3,16,0.17667340503409254
45,3,17,0.2170560568163303
45,3,18,0.1965429331023036
45,3,19,0.15567256061375762
45,3,20,0.12074594307044748
45,3,21,0.08707176167674446
45,3,22,0.07420572384047586
45,3,23,0.057739867631389497
45,4,0,0.04207472771318958
45,4,1,0.027775567855612263
45,4,2,0.016969487746863895
45,4,3,0.010278347773692945
45,4,4,0.0070825627356519705
45,4,5,0.007411829593509935
45,4,6,0.019040294162713405
45,4,7,0.04735176038954792
45,4,8,0.1010726298151213
45,4,9,0.1232636854290241
45,4,10,0.11069464825686134
45,4,11,0.10921017427471777
45,4,12,0.12545274908017848
45,4,13,0.1278530943708717
45,4,14,0.14548801413596152
45,4,15,0.16093270939361104
45,4,16,0.18325437835944164
45,4,17,0.2084186476486235
45,4,18,0.19212590033243335
45,4,19,0.1689902975600828
45,4,20,0.1436288986628316
45,4,21,0.10416653062343123
45,4,22,0.09101452196421171
45,4,23,0.07855608657696497
45,5,0,0.061573087973404196
45,5,1,0.04509616539415509
45,5,2,0.03533867795857881
45,5,3,0.02657616319678898
45,5,4,0.016592799877405497
45,5,5,0.007923382028790279
45,5,6,0.011435410041742953
45,5,7,0.020919282626896248
45,5,8,0.042291702204309896
45,5,9,0.07786036602311235
45,5,10,0.10690222492685765
45,5,11,0.13644305761304326
45,5,12,0.16001008107032902
45,5,13,0.15543841307623218
45,5,14,0.14913121356229303
45,5,15,0.14224051838484508
45,5,16,0.14559406846917197
45,5,17,0.15284106537559564
45,5,18,0.15527521347092887
45,5,19,0.14649441579400763
45,5,20,0.12473725039130866
45,5,21,0.09615183593242561
45,5,22,0.08515440090454841
45,5,23,0.07460518487006226
45,6,0,0.057639961871974524
45,6,1,0.04714500132070724
45,6,2,0.0362908826110293
45,6,3,0.025682365457465352
45,6,4,0.01654335137247622
45,6,5,0.00792432983378547
45,6,6,0.01001277114909719
45,6,7,0.01745563271232034
45,6,8,0.032129869762311955
45,6,9,0.06450288602395113
45,6,10,0.09033278697231066
45,6,11,0.11485492363815708
45,6,12,0.12789942964828685
45,6,13,0.12400612972861857
45,6,14,0.11932780826797136
45,6,15,0.11409805674311868
45,6,16,0.11505093010803694
45,6,17,0.1184246222048246
45,6,18,0.11765095521544015
45,6,19,0.09996393527582219
45,6,20,0.07641273963467098
45,6,21,0.054638099765361776
45,6,22,0.04708003629363682
45,6,23,0.037283233560765995
48,0,0,0.13661301036349052
48,0,1,0.08172245112826575
48,0,2,0.052354745575175575
48,0,3,0.03610919097476641
48,0,4,0.033967199959845484
48,0,5,0.0468485125575391
48,0,6,0.09038778283145667
48,0,7,0.15627302657594527
48,0,8,0.2246854785249587
48,0,9,0.2217333453392236
48,0,10,0.18276314618850012
48,0,11,0.1910679633346284
48,0,12,0.21958195762667573
48,0,13,0.2374960901774904
48,0,14,0.2808499852552815
48,0,15,0.32571857650732444
48,0,16,0.39589261827927136
48,0,17,0.505929510551993
48,0,18,0.5162448343480645
48,0,19,0.4106781840658233
48,0,20,0.3495355101892816
48,0,21,0.32520997726779544
48,0,22,0.2789530017799503
48,0,23,0.19852024347055755
48,1,0,0.12614535586204892
48,1,1,0.06849061750785658
48,1,2,0.04168723926766689
48,1,3,0.02631178770675217
48,1,4,0.025190406366000655
48,1,5,0.041720896272526176
48,1,6,0.10261496438154513
48,1,7,0.1860354807727032
48,1,8,0.2752218616731659
48,1,9,0.27098977005492236
48,1,10,0.21556588916140162
48,1,11,0.2117381294944342
48,1,12,0.2408571200272988
48,1,13,0.25822999214883546
48,1,14,0.2957427516078824
48,1,15,0.35258456744016936
48,1,16,0.4523508688616406
48,1,17,0.5891596550654531
48,1,18,0.5963349649035642
48,1,19,0.45945753382604226
48,1,20,0.3838107646036954
48,1,21,0.37972134955568554
48,1,22,0.3303492823702731
48,1,23,0.23608016053974087
48,2,0,0.14721058794947023
48,2,1,0.08317630067178267
48,2,2,0.05086588365207299
48,2,3,0.03462408145222588
48,2,4,0.02870837195299616
48,2,5,0.043745834332270896
48,2,6,0.10006558421997432
48,2,7,0.18379525820201928
48,2,8,0.2575755925351411
48,2,9,0.2643156251213631
48,2,10,0.2178117083056344
48,2,11,0.23262188403538966
48,2,12,0.28186542595565944
48,2,13,0.31611217855540186
48,2,14,0.30406735382742256
48,2,15,0.360244223928279
48,2,16,0.44016666460130743
48,2,17,0.572909288750205
48,2,18,0.5781581381486207
48,2,19,0.49071581082133275
48,2,20,0.3933708111127223
48,2,21,0.3813860697957429
48,2,22,0.34679765530237394
48,2,23,0.26038742523307373
48,3,0,0.16893372825132488
48,3,1,0.09949568523397044
48,3,2,0.06466229455532381
48,3,3,0.04552749379535009
48,3,4,0.03574637257192357
48,3,5,0.042975829144761536
48,3,6,0.09535133960648509
48,3,7,0.17422500130565421
48,3,8,0.2545976482525016
48,3,9,0.26385595479518553
48,3,10,0.22306428535947068
48,3,11,0.2326359233766064
48,3,12,0.2594833888145779
48,3,13,0.2798228976835367
48,3,14,0.3099389770603381
48,3,15,0.3658071849962367
48,3,16,0.4548824068110133
48,3,17,0.5795818789861964
48,3,18,0.5944465634083086
48,3,19,0.4816150754956476
48,3,20,0.3937733121004488
48,3,21,0.3885819398612357
48,3,22,0.3678040736687666
48,3,23,0.29929043012957485
48,4,0,0.21439807671936265
48,4,1,0.13615494937284156
48,4,2,0.08778903458463742
48,4,3,0.05556191032772477
48,4,4,0.0441669233512791
48,4,5,0.047122519153203625
48,4,6,0.09098545651136589
48,4,7,0.15699907086033976
48,4,8,0.2198592155725894
48,4,9,0.22935666756795026
48,4,10,0.21567982461924637
48,4,11,0.23905745827497252
48,4,12,0.273131565041946
48,4,13,0.2987241654902259
48,4,14,0.3351296812132398
48,4,15,0.3959508658347789
48,4,16,0.47453017848186085
48,4,17,0.5876678272755521
48,4,18,0.6187656405639252
48,4,19,0.5067889461386185
48,4,20,0.4041380083333799
48,4,21,0.3913141441963158
48,4,22,0.39380475240952195
48,4,23,0.36966435164152767
48,5,0,0.3020573746954451
48,5,1,0.24512522773660775
48,5,2,0.1992528996189479
48,5,3,0.150406880260742
48,5,4,0.10067202395991699
48,5,5,0.05709820910630404
48,5,6,0.06678038758441963
48,5,7,0.08660041211027265
48,5,8,0.12718768367729721
48,5,9,0.18703451128390097
48,5,10,0.23450541353754314
48,5,11,0.2953284073394148
48,5,12,0.3725799546887283
48,5,13,0.44355691652303825
48,5,14,0.3802330126442089
48,5,15,0.3821799519970256
48,5,16,0.44756014308794007
48,5,17,0.5043318858655271
48,5,18,0.5187068656608502
48,5,19,0.5184650708132599
48,5,20,0.39994456369024783
48,5,21,0.3786008973920215
48,5,22,0.3859686655321355
48,5,23,0.37975453609389914
48,6,0,0.3140704433912745
48,6,1,0.2609363355296362
48,6,2,0.2012504172266356
48,6,3,0.16298335228069777
48,6,4,0.11217188532384692
48,6,5,0.061482078625820905
48,6,6,0.06078109117459056
48,6,7,0.07167887730155027
48,6,8,0.10592731166194479
48,6,9,0.15895458920433472
48,6,10,0.21473451182746459
48,6,11,0.26938328245880533
48,6,12,0.3395514578811842
48,6,13,0.37596114058339763
48,6,14,0.38661693472372294
48,6,15,0.34871822710548467
48,6,16,0.3871872150107122
48,6,17,0.40255714191649306
48,6,18,0.404927535179149
48,6,19,0.35421364464765526
48,6,20,0.3065684080591495
48,6,21,0.29026876102581517
48,6,22,0.2696937401185505
48,6,23,0.20653104565602723
50,0,0,0.07887853453174
50,0,1,0.04520328972933336
50,0,2,0.033159714310159634
50,0,3,0.026260134244115108
50,0,4,0.027415655944349894
50,0,5,0.032157599747006264
50,0,6,0.07091960400641975
50,0,7,0.1383891039677284
50,0,8,0.17628206203473715
50,0,9,0.2013646402187149
50,0,10,0.14774919867720843
50,0,11,0.14141144516870577
50,0,12,0.1489032162150237
50,0,13,0.158626287292673
50,0,14,0.17106485668397356
50,0,15,0.17785917780238716
50,0,16,0.21194438698704296
50,0,17,0.2954095420815074
50,0,18,0.3229258738397336
50,0,19,0.24990050323461513
50,0,20,0.21683554520589024
50,0,21,0.194363291259355
50,0,22,0.1688769742709109
50,0,23,0.11910944109981815
50,1,0,0.07460189618294918
50,1,1,0.042377873630131804
50,1,2,0.028652790791622095
50,1,3,0.023392094469764826
50,1,4,0.029914892863755586
50,1,5,0.039092586514014226
50,1,6,0.08058255023898968
50,1,7,0.15138677158242114
50,1,8,0.20283810823781073
50,1,9,0.23473735858465344
50,1,10,0.16345434205633094
50,1,11,0.14417804927038583
50,1,12,0.15057908286473404
50,1,13,0.1647365922973787
50,1,14,0.18059550473080738
50,1,15,0.19905471526828714
50,1,16,0.22681564995544187
50,1,17,0.33667840674722127
50,1,18,0.36050015617893166
50,1,19,0.29449791904077616
50,1,20,0.2515965102138885
50,1,21,0.23199852639614565
50,1,22,0.20481525729221975
50,1,23,0.14061453482242123
50,2,0,0.08483659638574707
50,2,1,0.05205735437363971
50,2,2,0.03685398611201064
50,2,3,0.03194838381902156
50,2,4,0.03457258982361541
50,2,5,0.03736382569406757
50,2,6,0.08486139088816552
50,2,7,0.1538244542895618
50,2,8,0.20472153254970307
50,2,9,0.2316468183917151
50,2,10,0.1659178112856464
50,2,11,0.14906111316087223
50,2,12,0.15698215713162492
50,2,13,0.17305728291409375
50,2,14,0.17960838126249412
50,2,15,0.19646294195611977
50,2,16,0.23379943665819947
50,2,17,0.33706280211094164
50,2,18,0.3548797354737846
50,2,19,0.2965394505782851
50,2,20,0.2554371347084366
50,2,21,0.2367078785831144
50,2,22,0.2159083916903731
50,2,23,0.15690327934435133
50,3,0,0.09806727957452148
50,3,1,0.06065529967997578
50,3,2,0.041541024105898716
50,3,3,0.03538649351267035
50,3,4,0.03557305395377517
50,3,5,0.04113464373925142
50,3,6,0.08236588304658853
50,3,7,0.1458146076819125
50,3,8,0.19643799384602442
50,3,9,0.2331297919840778
50,3,10,0.17440370842468808
50,3,11,0.1577287729336448
50,3,12,0.16334370457598418
50,3,13,0.1764326670691834
50,3,14,0.1877229113884907
50,3,15,0.19971331428946307
50,3,16,0.23155239878931552
50,3,17,0.3243609337872441
50,3,18,0.3610199336888685
50,3,19,0.30548448577823123
50,3,20,0.2729546340792435
50,3,21,0.24734191205039144
50,3,22,0.2359946412076842
50,3,23,0.18890482950797383
50,4,0,0.12829402662788414
50,4,1,0.08084031370184286
50,4,2,0.05538875312798973
50,4,3,0.044277831346200974
50,4,4,0.04248556683092212
50,4,5,0.038177909722422534
50,4,6,0.07510117411605675
50,4,7,0.1316230926894445
50,4,8,0.1819444803542665
50,4,9,0.20333898708092402
50,4,10,0.1604872732489546
50,4,11,0.1517362686176387
50,4,12,0.16706217874433765
50,4,13,0.18840019590619278
50,4,14,0.20759427482886947
50,4,15,0.21641368938660985
50,4,16,0.254697968161856
50,4,17,0.3136123178425109
50,4,18,0.31818925074589843
50,4,19,0.2930376650416515
50,4,20,0.2498716905476082
50,4,21,0.2294242714547666
50,4,22,0.24047319591316055
50,4,23,0.22298901015163158
50,5,0,0.19630993830360566
50,5,1,0.1598208292924769
50,5,2,0.12951703165635534
50,5,3,0.10210172456655088
50,5,4,0.07839427299368425
50,5,5,0.04155618109299764
50,5,6,0.04392723440201285
50,5,7,0.057791694106101216
50,5,8,0.09580924065156732
50,5,9,0.15059210170763396
50,5,10,0.1776758429145319
50,5,11,0.19950772866168187
50,5,12,0.21627674230101618
50,5,13,0.23366527202392656
50,5,14,0.25071872499940384
50,5,15,0.24332531958948603
50,5,16,0.2483673337268111
50,5,17,0.25912859942592437
50,5,18,0.27710129044285414
50,5,19,0.25997755194267735
50,5,20,0.24147946336521198
50,5,21,0.2276783859033499
50,5,22,0.2351066580292433
50,5,23,0.24837749777921778
50,6,0,0.22381248495420547
50,6,1,0.1823716147748448
50,6,2,0.13779439766448195
50,6,3,0.10346964130614876
50,6,4,0.07892552000949052
50,6,5,0.04359636899442182
50,6,6,0.040701424430531215
50,6,7,0.047514029173850926
50,6,8,0.06861888049102471
50,6,9,0.11742435464882194
50,6,10,0.14337749708469003
50,6,11,0.1838950995775532
50,6,12,0.20018914316635125
50,6,13,0.19433613808623104
50,6,14,0.20113706696593686
50,6,15,0.2061525803668345
50,6,16,0.2030377663729384
50,6,17,0.2144571786511891
50,6,18,0.2271439727658263
50,6,19,0.20194801288594583
50,6,20,0.18203264612889203
50,6,21,0.17284032449517372
50,6,22,0.15542929268616243
50,6,23,0.12087197617309071
68,0,0,0.10831411279056889
68,0,1,0.059103560686242534
68,0,2,0.03450099938038979
68,0,3,0.0289474126515022
68,0,4,0.04373218951772872
68,0,5,0.11973822399180754
68,0,6,0.1960384414643888
68,0,7,0.35654347830904687
68,0,8,0.5094435049236715
68,0,9,0.5160893430669579
68,0,10,0.41781280279324384
68,0,11,0.3835835396257024
68,0,12,0.39857780356824113
68,0,13,0.41983873328181387
68,0,14,0.45705219081202086
68,0,15,0.5068336429408279
68,0,16,0.5596933318917412
68,0,17,0.6237879940623557
68,0,18,0.6111508570643451
68,0,19,0.5293707355432561
68,0,20,0.4254892802845805
68,0,21,0.35159521300066815
68,0,22,0.2823562094426063
68,0,23,0.18274677191098446
68,1,0,0.10483660588505556
68,1,1,0.056210756205738344
68,1,2,0.03090225802933601
68,1,3,0.024942978753231457
68,1,4,0.04238338490638767
68,1,5,0.11524835980741405
68,1,6,0.22568820907322315
68,1,7,0.43277218676580037
68,1,8,0.5914800766275251
68,1,9,0.5887619753879542
68,1,10,0.48386359499347625
68,1,11,0.4158925633547744
68,1,12,0.438130446107072
68,1,13,0.4505778775262391
68,1,14,0.4849743119634801
68,1,15,0.5422441330590183
68,1,16,0.6096120584442616
68,1,17,0.6836836674819754
68,1,18,0.6736810386415129
68,1,19,0.5945940599953181
68,1,20,0.490111806329412
68,1,21,0.4191183447803997
68,1,22,0.3407216855742062
68,1,23,0.21624636553267298
68,2,0,0.12308785607277097
68,2,1,0.06491765110025612
68,2,2,0.03761236101512253
68,2,3,0.029916754501082537
68,2,4,0.04653654115068473
68,2,5,0.11585438442664339
68,2,6,0.22310672566331505
68,2,7,0.42470413425818393
68,2,8,0.5927392308877817
68,2,9,0.5949470306617575
68,2,10,0.49565363602064544
68,2,11,0.4390571543182998
68,2,12,0.46502043581933755
68,2,13,0.4702304408014273
68,2,14,0.5078446007849793
68,2,15,0.5528140849412557
68,2,16,0.6219875544751294
68,2,17,0.6890015946623071
68,2,18,0.671950470145775
68,2,19,0.601587631588291
68,2,20,0.4983384289795229
68,2,21,0.43230272374862905
68,2,22,0.3618504875983861
68,2,23,0.2528479642088941
68,3,0,0.1499792348520525
68,3,1,0.08130944303368588
68,3,2,0.04701212727956174
68,3,3,0.03655789174419213
68,3,4,0.05356656299610189
68,3,5,0.12422601659666839
68,3,6,0.2177200199308793
68,3,7,0.412026040077017
68,3,8,0.576844642880631
68,3,9,0.5841400670633661
68,3,10,0.5076235196808324
68,3,11,0.4413142065514742
68,3,12,0.4714943209907123
68,3,13,0.48176827440026
68,3,14,0.5147785688633822
68,3,15,0.5660395271877726
68,3,16,0.6242555169367253
68,3,17,0.6856178036434679
68,3,18,0.6878189611016479
68,3,19,0.62140712300146
68,3,20,0.5095349315810818
68,3,21,0.44244242737126227
68,3,22,0.3930177041461276
68,3,23,0.3073834469362697
68,4,0,0.2009261982338432
68,4,1,0.1207449667820145
68,4,2,0.07187260583713391
68,4,3,0.05105796533321147
68,4,4,0.06584408087348245
68,4,5,0.14315092723415032
68,4,6,0.20542968909205286
68,4,7,0.35111415173480254
68,4,8,0.5033028576183655
68,4,9,0.5251614576718434
68,4,10,0.46655275214035463
68,4,11,0.45253651121811606
68,4,12,0.49816519936540155
68,4,13,0.5197780281906921
68,4,14,0.5464039347204774
68,4,15,0.5999254858701958
68,4,16,0.6225362826149115
68,4,17,0.6530343372628192
68,4,18,0.6482853672307064
68,4,19,0.620525772112484
68,4,20,0.5062550380087978
68,4,21,0.4350097154371742
68,4,22,0.4176655780971454
68,4,23,0.38205224150895023
68,5,0,0.3180930778174129
68,5,1,0.2470479875479276
68,5,2,0.18430359518470224
68,5,3,0.1280014047286042
68,5,4,0.08073568753259966
68,5,5,0.07632997665384465
68,5,6,0.1437210154837648
68,5,7,0.1858371302281279
68,5,8,0.2574428258119614
68,5,9,0.3410919117974585
68,5,10,0.42190502053057377
68,5,11,0.47671439791898507
68,5,12,0.5260095131569464
68,5,13,0.5495490054527852
68,5,14,0.5518068001128346
68,5,15,0.5557796638644182
68,5,16,0.5914838871238206
68,5,17,0.6011025617047676
68,5,18,0.5909878130188366
68,5,19,0.5565170411192704
68,5,20,0.4748628761620887
68,5,21,0.4149064688932203
68,5,22,0.40052574885315845
68,5,23,0.3898811539588647
68,6,0,0.32285834073576786
68,6,1,0.25729445980886645
68,6,2,0.18549453099122262
68,6,3,0.13779757716882357
68,6,4,0.08709629120624993
68,6,5,0.07181256677105437
68,6,6,0.12733130799811984
68,6,7,0.15742770172093698
68,6,8,0.22447602267912356
68,6,9,0.28305521649840326
68,6,10,0.3959197387318243
68,6,11,0.45114854536779225
68,6,12,0.5058723391413591
68,6,13,0.5282107278351447
68,6,14,0.5116418481454673
68,6,15,0.5186381012712157
68,6,16,0.536309214255888
68,6,17,0.5306782931934455
68,6,18,0.5063468591675295
68,6,19,0.43175890861015104
68,6,20,0.3704477853038147
68,6,21,0.3052374250019201
68,6,22,0.2579774356558343
68,6,23,0.1916661266551431
74,0,0,0.0901128127438848
74,0,1,0.05502656412584887
74,0,2,0.03533129810941658
74,0,3,0.028565465558759235
74,0,4,0.02939747784442267
74,0,5,0.0532072623075443
74,0,6,0.11102618373525577
74,0,7,0.231359631537934
74,0,8,0.2804446540644319
74,0,9,0.20152177050534983
74,0,10,0.1627893379648347
74,0,11,0.1544753338436201
74,0,12,0.1651034386413648
74,0,13,0.17143593085040587
74,0,14,0.20398118374567148
74,0,15,0.2598905038165566
74,0,16,0.2749232251503182
74,0,17,0.28415807838958124
74,0,18,0.24698224224969745
74,0,19,0.205749067061472
74,0,20,0.16916250074812264
74,0,21,0.13801334041258517
74,0,22,0.11980849349574936
74,0,23,0.10514787662251301
74,1,0,0.07782575764154413
74,1,1,0.044851303371672084
74,1,2,0.027537356507680036
74,1,3,0.022598464368684047
74,1,4,0.025135268793129058
74,1,5,0.05263084197653988
74,1,6,0.11949752409600635
74,1,7,0.25949347122239624
74,1,8,0.3177738099666201
74,1,9,0.22280079543303502
74,1,10,0.1801873021738016
74,1,11,0.16642021899153686
74,1,12,0.1773884987588909
74,1,13,0.1872525609366974
74,1,14,0.2223123026033237
74,1,15,0.27736715422949276
74,1,16,0.30466505587786474
74,1,17,0.3197364011722688
74,1,18,0.277630005259205
74,1,19,0.21883336004377302
74,1,20,0.18116761187705865
74,1,21,0.15607972685892693
74,1,22,0.13589977337272238
74,1,23,0.11668650574557506
74,2,0,0.08537958784492569
74,2,1,0.05089890571291376
74,2,2,0.03299592139493005
74,2,3,0.0265374862561531
74,2,4,0.027978845540986782
74,2,5,0.05278007011671397
74,2,6,0.11946154967353582
74,2,7,0.265269525887528
74,2,8,0.31780720883773067
74,2,9,0.22865307139105592
74,2,10,0.1891957596860468
74,2,11,0.1752693359163304
74,2,12,0.18763555769380771
74,2,13,0.19428931666410565
74,2,14,0.23186777025681127
74,2,15,0.2892758053089237
74,2,16,0.3068954880531835
74,2,17,0.32337931925196667
74,2,18,0.28233186908318225
74,2,19,0.23269582734131566
74,2,20,0.19226390411413377
74,2,21,0.16381751867168162
74,2,22,0.14475029037842443
74,2,23,0.13056979614241893
74,3,0,0.09367547186676241
74,3,1,0.05601466610525382
74,3,2,0.03761044989583312
74,3,3,0.03223823271369306
74,3,4,0.03155717445757304
74,3,5,0.053627331493371115
74,3,6,0.11877144783288407
74,3,7,0.2529835350795095
74,3,8,0.3061301138378106
74,3,9,0.22667063596402046
74,3,10,0.19378094406166538
74,3,11,0.18098697677315448
74,3,12,0.1898077003640298
74,3,13,0.19938317694770366
74,3,14,0.23115446553339142
74,3,15,0.29595261170304377
74,3,16,0.3081591864814431
74,3,17,0.3268785530317812
74,3,18,0.28388500644615605
74,3,19,0.23281644767080753
74,3,20,0.2012729917998017
74,3,21,0.17547198454915713
74,3,22,0.157068215736924
74,3,23,0.14023960482310416
74,4,0,0.106811603195498
74,4,1,0.06691817222225822
74,4,2,0.04667865843054186
74,4,3,0.03731628596628535
74,4,4,0.03651477498381401
74,4,5,0.053861011484204246
74,4,6,0.11522226364069785
74,4,7,0.24890291595394837
74,4,8,0.2926672721494909
74,4,9,0.23396943368602727
74,4,10,0.1997644113062185
74,4,11,0.1911964728232234
74,4,12,0.2115545982999728
74,4,13,0.2242230674266115
74,4,14,0.264228265545572
74,4,15,0.31885381801898083
74,4,16,0.3270978587431608
74,4,17,0.33189111646917113
74,4,18,0.2944851749615401
74,4,19,0.24669414665581144
74,4,20,0.2124699279953563
74,4,21,0.1912143283682533
74,4,22,0.18292243621951718
74,4,23,0.1723152922216496
74,5,0,0.14502386156606287
74,5,1,0.10997349265631395
74,5,2,0.08458484670099754
74,5,3,0.0712038291375087
74,5,4,0.06625981549997664
74,5,5,0.05538008010152078
74,5,6,0.07045871393416663
74,5,7,0.11433783781785835
74,5,8,0.15279142136391244
74,5,9,0.19356110679252891
74,5,10,0.2213446397217785
74,5,11,0.22048811830756188
74,5,12,0.22641641431761017
74,5,13,0.22964307290948063
74,5,14,0.24214914015682104
74,5,15,0.24944701295792776
74,5,16,0.24497277928142513
74,5,17,0.23843453045694876
74,5,18,0.22110385565250015
74,5,19,0.20487817446008655
74,5,20,0.18676314130760865
74,5,21,0.17757239327422586
74,5,22,0.1771014415274705
74,5,23,0.17525924213124588
74,6,0,0.14896536679151068
74,6,1,0.11893870433554297
74,6,2,0.08999686566200626
74,6,3,0.07656690828539763
74,6,4,0.06406701405643035
74,6,5,0.05177126215789865
74,6,6,0.05863765965864867
74,6,7,0.09080222396413179
74,6,8,0.11315862446532468
74,6,9,0.1515619105654085
74,6,10,0.17727776816093951
74,6,11,0.17844297136523424
74,6,12,0.18802759699249735
74,6,13,0.18970614476061914
74,6,14,0.19692069442234908
74,6,15,0.20521042723478333
74,6,16,0.19900029372956296
74,6,17,0.18830641995322542
74,6,18,0.17440042576133769
74,6,19,0.1643380619026834
74,6,20,0.1529042367584598
74,6,21,0.14227386775777953
74,6,22,0.1363865937485591
74,6,23,0.12244454989044054
75,0,0,0.07959708111981094
75,0,1,0.04639986910288743
75,0,2,0.0292193451329401
75,0,3,0.021455234497434583
75,0,4,0.028626570415588606
75,0,5,0.06544830172588206
75,0,6,0.1795858636826406
75,0,7,0.2996882334632486
75,0,8,0.3530970885188568
75,0,9,0.27812973138663855
75,0,10,0.2125451234865551
75,0,11,0.18946231853622122
75,0,12,0.1972827926313704
75,0,13,0.20702760185097235
75,0,14,0.22854004040119083
75,0,15,0.26093005445751155
75,0,16,0.24865052937461032
75,0,17,0.2600956450019866
75,0,18,0.23069469560022574
75,0,19,0.19068003962170002
75,0,20,0.15156412673609027
75,0,21,0.13473004558868185
75,0,22,0.1244775355914532
75,0,23,0.10796010605708038
75,1,0,0.0671362679555816
75,1,1,0.03631970445817447
75,1,2,0.02303929631836615
75,1,3,0.016891602441800026
75,1,4,0.0255369778602918
75,1,5,0.06757885900753713
75,1,6,0.1959796464811853
75,1,7,0.342956522798708
75,1,8,0.411312395353404
75,1,9,0.3154589297394702
75,1,10,0.2390881867968576
75,1,11,0.20985743789197667
75,1,12,0.21410482444714246
75,1,13,0.22139323042170253
75,1,14,0.24814924344818054
75,1,15,0.28025446829791034
75,1,16,0.26810108007080014
75,1,17,0.28332477303153175
75,1,18,0.2587826108784123
75,1,19,0.20657861539734557
75,1,20,0.1703414160373869
75,1,21,0.15334618807703204
75,1,22,0.14135901345385857
75,1,23,0.12329363963022397
75,2,0,0.07275654417281643
75,2,1,0.04220921927288343
75,2,2,0.028934078798621643
75,2,3,0.020754311649904225
75,2,4,0.02865216069064175
75,2,5,0.06366905702512617
75,2,6,0.1991289232530388
75,2,7,0.34189400500056183
75,2,8,0.41563212420826573
75,2,9,0.3198316608221758
75,2,10,0.23841091336845516
75,2,11,0.21521941081578375
75,2,12,0.21985133293665463
75,2,13,0.22738761112158237
75,2,14,0.25199339599866594
75,2,15,0.2824377651610629
75,2,16,0.2676784835632821
75,2,17,0.2844584781615563
75,2,18,0.25673667133555195
75,2,19,0.21326028885122014
75,2,20,0.1750999502622989
75,2,21,0.1595646583359539
75,2,22,0.15169727382151676
75,2,23,0.1320255468191242
75,3,0,0.08103469805786748
75,3,1,0.04763899201361151
75,3,2,0.03139858592455701
75,3,3,0.023072368656093148
75,3,4,0.030503784495428864
75,3,5,0.06719317682704255
75,3,6,0.19664484974911003
75,3,7,0.340839654054122
75,3,8,0.394988964580094
75,3,9,0.3111612992170529
75,3,10,0.2370727199962968
75,3,11,0.21317057588592747
75,3,12,0.2159667700047476
75,3,13,0.22290393503719688
75,3,14,0.25398651945540174
75,3,15,0.28657416278797
75,3,16,0.273461938393214
75,3,17,0.2835415627686752
75,3,18,0.26077350369953517
75,3,19,0.21702284059314672
75,3,20,0.17853320717627605
75,3,21,0.1684078970030578
75,3,22,0.1599809013705171
75,3,23,0.14091080748485382
75,4,0,0.09657883865505852
75,4,1,0.05783409131825239
75,4,2,0.03927424988575093
75,4,3,0.027521196094718807
75,4,4,0.03423430198121974
75,4,5,0.06792577787460906
75,4,6,0.19170097504975334
75,4,7,0.33025676643523266
75,4,8,0.3719553363050506
75,4,9,0.290781754550261
75,4,10,0.2305213974083048
75,4,11,0.2092900604352911
75,4,12,0.23219888895146917
75,4,13,0.24608563903813427
75,4,14,0.26556345976573226
75,4,15,0.28872539582316215
75,4,16,0.2747591192613943
75,4,17,0.27677720958477164
75,4,18,0.2590681984644231
75,4,19,0.2166678386011418
75,4,20,0.17967755972488056
75,4,21,0.16759477761699815
75,4,22,0.1696382386687567
75,4,23,0.1664836944579721
75,5,0,0.13379886746113934
75,5,1,0.10617061460394932
75,5,2,0.082439305659732
75,5,3,0.06319263542873302
75,5,4,0.05389364663442046
75,5,5,0.049415766464379694
75,5,6,0.12277672663202759
75,5,7,0.14103980718129788
75,5,8,0.12894184781453005
75,5,9,0.15380053360270118
75,5,10,0.17545838832329935
75,5,11,0.18506077105925844
75,5,12,0.19454891353792428
75,5,13,0.1995813740858689
75,5,14,0.21219824391460915
75,5,15,0.2183679964951529
75,5,16,0.20652590409920013
75,5,17,0.20085913271670602
75,5,18,0.2111464295069265
75,5,19,0.18917429050489573
75,5,20,0.16198814965382688
75,5,21,0.1578568845760786
75,5,22,0.1669711731131929
75,5,23,0.16741741204121316
75,6,0,0.14150391179373206
75,6,1,0.11769561313425582
75,6,2,0.08843389408295353
75,6,3,0.07080282140555154
75,6,4,0.057118346612697574
75,6,5,0.04775002060995186
75,6,6,0.11425820170175206
75,6,7,0.12168412669507156
75,6,8,0.09311637421514775
75,6,9,0.11061744651864155
75,6,10,0.1390111690189405
75,6,11,0.14873817261499436
75,6,12,0.15946466047590058
75,6,13,0.17105588105565012
75,6,14,0.18095397197833088
75,6,15,0.1847865515711003
75,6,16,0.1731467502278486
75,6,17,0.16492533963350275
75,6,18,0.18269190761327148
75,6,19,0.16055268047963445
75,6,20,0.14105619413771409
75,6,21,0.13236808020190757
75,6,22,0.12965680794202414
75,6,23,0.11555020940830857
79,0,0,0.1609624028790276
79,0,1,0.08831915639966403
79,0,2,0.04688537538988892
79,0,3,0.026770460201039358
79,0,4,0.02195707435880747
79,0,5,0.034550812597595605
79,0,6,0.08612709329538154
79,0,7,0.2138907490524927
79,0,8,0.3648810941543307
79,0,9,0.31953456458499546
79,0,10,0.2708045972055372
79,0,11,0.28369741522300934
79,0,12,0.32458592549041587
79,0,13,0.343372507010745
79,0,14,0.38550476077327395
79,0,15,0.42494916192612486
79,0,16,0.47328452551726724
79,0,17,0.5417002718972627
79,0,18,0.5915998390456751
79,0,19,0.5798190150137188
79,0,20,0.5349371813888333
79,0,21,0.4809750835073279
79,0,22,0.3841484897098902
79,0,23,0.26174961972260175
79,1,0,0.15586512603899283
79,1,1,0.08086534334859115
79,1,2,0.045058180407629864
79,1,3,0.025998940562209957
79,1,4,0.02315665213810523
79,1,5,0.03977818169945548
79,1,6,0.10984103660109215
79,1,7,0.2575079374492367
79,1,8,0.43003291915582426
79,1,9,0.349846068665579
79,1,10,0.27778850364637026
79,1,11,0.28406826219819187
79,1,12,0.3330070159726019
79,1,13,0.3449939256537234
79,1,14,0.38697285420696387
79,1,15,0.44286279306568554
79,1,16,0.4949097482392123
79,1,17,0.5731347375537539
79,1,18,0.6448828190997504
79,1,19,0.6387235518021203
79,1,20,0.6005718717368491
79,1,21,0.5572640578052059
79,1,22,0.48613663708415367
79,1,23,0.32837171583878366
79,2,0,0.20214923206434335
79,2,1,0.11098686781798368
79,2,2,0.06548528364775445
79,2,3,0.038071139734993334
79,2,4,0.028432722350972665
79,2,5,0.038873818532562505
79,2,6,0.10293449100136924
79,2,7,0.25055561818504213
79,2,8,0.4242241034882048
79,2,9,0.3573830438793878
79,2,10,0.28979155976627374
79,2,11,0.30847878225360476
79,2,12,0.35670039413444155
79,2,13,0.37376618829068
79,2,14,0.4104073428678045
79,2,15,0.4580743946995896
79,2,16,0.5058685689764951
79,2,17,0.5865931276511644
79,2,18,0.6647372001712593
79,2,19,0.6678124095341209
79,2,20,0.6302584453622982
79,2,21,0.5795439293592105
79,2,22,0.5125136017777858
79,2,23,0.3611853531767866
79,3,0,0.21677826790681157
79,3,1,0.1216961200509465
79,3,2,0.07123725828792789
79,3,3,0.0439813622050248
79,3,4,0.030367054656046045
79,3,5,0.03889337355039988
79,3,6,0.10033332999906497
79,3,7,0.24206800575508888
79,3,8,0.412082116919476
79,3,9,0.35199973711632604
79,3,10,0.2932259286382264
79,3,11,0.3122754201336858
79,3,12,0.3648894958437187
79,3,13,0.38068488853472954
79,3,14,0.40987917569990856
79,3,15,0.4653285748416278
79,3,16,0.5056393681918686
79,3,17,0.5918345304872634
79,3,18,0.6727651338542159
79,3,19,0.6954419669296793
79,3,20,0.6731991094912674
79,3,21,0.625635627679024
79,3,22,0.5883002013383032
79,3,23,0.47651592566857703
79,4,0,0.34224663809436146
79,4,1,0.21653645316458767
79,4,2,0.13100603748503378
79,4,3,0.07042711336881666
79,4,4,0.04252811744503591
79,4,5,0.041129940215833015
79,4,6,0.0932023092616549
79,4,7,0.2102308241761855
79,4,8,0.3643824629453065
79,4,9,0.3612685286413023
79,4,10,0.33465141709381463
79,4,11,0.36974063358203413
79,4,12,0.42419270401987913
79,4,13,0.4507001944911334
79,4,14,0.4843889785445025
79,4,15,0.5204407641612472
79,4,16,0.5560126255477263
79,4,17,0.6444987456712848
79,4,18,0.7251551033985036
79,4,19,0.7253475637153862
79,4,20,0.6993537154970304
79,4,21,0.6647583566575163
79,4,22,0.632488010182477
79,4,23,0.5989273060502437
79,5,0,0.5434622263858738
79,5,1,0.4777231038474694
79,5,2,0.39757218968504715
79,5,3,0.2358348254429398
79,5,4,0.1213564468192145
79,5,5,0.05212263177359917
79,5,6,0.0533432489172854
79,5,7,0.09985119748223649
79,5,8,0.17959350844868627
79,5,9,0.31754113692792146
79,5,10,0.4318262647067739
79,5,11,0.5129497973773092
79,5,12,0.5589547248289125
79,5,13,0.5784935303433254
79,5,14,0.5787626709326091
79,5,15,0.5987695745660823
79,5,16,0.6355305571755743
79,5,17,0.6923098111143489
79,5,18,0.7088811800166874
79,5,19,0.7048433065793042
79,5,20,0.665371827864655
79,5,21,0.6280133256401895
79,5,22,0.6057819815522972
79,5,23,0.5912508742652264
79,6,0,0.5346390139008251
79,6,1,0.4707931424007448
79,6,2,0.3809755073258572
79,6,3,0.24468480374084958
79,6,4,0.12795486763677444
79,6,5,0.05582976237640926
79,6,6,0.05474633730921601
79,6,7,0.08121685465755647
79,6,8,0.14094879249648534
79,6,9,0.2665481081055669
79,6,10,0.38018566123436837
79,6,11,0.482493553611189
79,6,12,0.5186562424676371
79,6,13,0.5306458487065676
79,6,14,0.5201759866274891
79,6,15,0.5219000691127976
79,6,16,0.5419728054174634
79,6,17,0.5742048717985717
79,6,18,0.5941076775353971
79,6,19,0.573196067764956
79,6,20,0.49049895101117336
79,6,21,0.4156017559714272
79,6,22,0.3571050386787912
79,6,23,0.26046609449170255
87,0,0,0.0680241381416014
87,0,1,0.036018736839000816
87,0,2,0.019092474381676182
87,0,3,0.01162368115936948
87,0,4,0.012689517283244404
87,0,5,0.03019384648158786
87,0,6,0.08813789857712359
87,0,7,0.19738787751441628
87,0,8,0.34916532720262256
87,0,9,0.290300010955628
87,0,10,0.19513502718024728
87,0,11,0.18048444305585265
87,0,12,0.19538123758900938
87,0,13,0.20907432551744037
87,0,14,0.24214389006973916
87,0,15,0.31394268667147657
87,0,16,0.4131159194080041
87,0,17,0.4861213223216118
87,0,18,0.45240459137321115
87,0,19,0.3000384805717016
87,0,20,0.23407669106415216
87,0,21,0.20688353684197788
87,0,22,0.1719775594093148
87,0,23,0.11954505824454799
87,1,0,0.07473524260871557
87,1,1,0.03599490550602999
87,1,2,0.018889448728150286
87,1,3,0.011356264276705693
87,1,4,0.01291120773240781
87,1,5,0.033426252994587444
87,1,6,0.10143941150406838
87,1,7,0.2418323597377971
87,1,8,0.46279278243564625
87,1,9,0.38458373434851906
87,1,10,0.2289347175722542
87,1,11,0.20482555593826118
87,1,12,0.21680870829393883
87,1,13,0.22409941987618956
87,1,14,0.2629970402984838
87,1,15,0.3477480741671718
87,1,16,0.47086234100174107
87,1,17,0.5303766655995275
87,1,18,0.5473953884821093
87,1,19,0.35533152205598256
87,1,20,0.2741398633174177
87,1,21,0.2533433457855434
87,1,22,0.21805127029641677
87,1,23,0.1474809454337789
87,2,0,0.09268708613770235
87,2,1,0.04777228342687369
87,2,2,0.026587122226307817
87,2,3,0.016558790342612595
87,2,4,0.015016736708044418
87,2,5,0.03468338847975753
87,2,6,0.10327490495997783
87,2,7,0.23498266193655531
87,2,8,0.4459810547723389
87,2,9,0.3840610864390916
87,2,10,0.235475015723794
87,2,11,0.2096277234698145
87,2,12,0.22730134962652027
87,2,13,0.24015178046457097
87,2,14,0.276484347180212
87,2,15,0.3566434318623231
87,2,16,0.46934330788238676
87,2,17,0.5248281204123803
87,2,18,0.5434556550223633
87,2,19,0.364306753944717
87,2,20,0.280732672031396
87,2,21,0.2604993933317911
87,2,22,0.23528849016920508
87,2,23,0.1680274347092005
87,3,0,0.10853884447544819
87,3,1,0.05632534740105242
87,3,2,0.03147268967138351
87,3,3,0.020533532665118842
87,3,4,0.01820830229153222
87,3,5,0.033402198943818656
87,3,6,0.09652491264502659
87,3,7,0.22329837477484513
87,3,8,0.42078701993920037
87,3,9,0.36717114758072367
87,3,10,0.2377642088378516
87,3,11,0.21466545120092745
87,3,12,0.23224546473836508
87,3,13,0.2424914840156407
87,3,14,0.2768213191506552
87,3,15,0.3567882489824064
87,3,16,0.4669092699419245
87,3,17,0.5149754347548772
87,3,18,0.5374258556303024
87,3,19,0.37284090099713035
87,3,20,0.290349863261527
87,3,21,0.2645814442268073
87,3,22,0.25677550894094825
87,3,23,0.20639107673638352
87,4,0,0.1496595485503889
87,4,1,0.08791393178026041
87,4,2,0.050248702205798655
87,4,3,0.03105616413634136
87,4,4,0.02288467443762224
87,4,5,0.03340424419613214
87,4,6,0.08617191837172662
87,4,7,0.18234241029433082
87,4,8,0.2925636139085564
87,4,9,0.26777170486480945
87,4,10,0.20641589911936134
87,4,11,0.2083354136782037
87,4,12,0.23268699034022533
87,4,13,0.2538483473954699
87,4,14,0.29174374328992253
87,4,15,0.3514779517727909
87,4,16,0.4287227563176354
87,4,17,0.5046392356655102
87,4,18,0.4267873925425289
87,4,19,0.34469804644386065
87,4,20,0.27847751244657465
87,4,21,0.25726792448119756
87,4,22,0.2620805945886227
87,4,23,0.24758925344224347
87,5,0,0.21782613871804743
87,5,1,0.17955316810047553
87,5,2,0.14963347108885422
87,5,3,0.10005423879803492
87,5,4,0.056414281664207526
87,5,5,0.028616377748724033
87,5,6,0.03616304827086011
87,5,7,0.05886619577600512
87,5,8,0.09222204053569462
87,5,9,0.13669103756362536
87,5,10,0.19201258879776137
87,5,11,0.22785585154137028
87,5,12,0.2687334240731171
87,5,13,0.27993138417633784
87,5,14,0.29711040383437715
87,5,15,0.32501374456577936
87,5,16,0.33531644157831925
87,5,17,0.3460067029409998
87,5,18,0.34266186952044786
87,5,19,0.32153887798942427
87,5,20,0.2855385401606295
87,5,21,0.2630458604352729
87,5,22,0.26121564472642483
87,5,23,0.25429045936673933
87,6,0,0.22569064992961574
87,6,1,0.19526071756865926
87,6,2,0.14966357864126908
87,6,3,0.10861067109598975
87,6,4,0.06244884963399076
87,6,5,0.02875807091235315
87,6,6,0.03309587791051553
87,6,7,0.04849730720253216
87,6,8,0.07277853563864205
87,6,9,0.10963241739779746
87,6,10,0.16461984633647556
87,6,11,0.19735767183046093
87,6,12,0.2195597925634293
87,6,13,0.22720938510693095
87,6,14,0.23442742331171978
87,6,15,0.2541933307494568
87,6,16,0.25858702380028725
87,6,17,0.26181000204878974
87,6,18,0.25653111419993985
87,6,19,0.21869403998316644
87,6,20,0.1910547530245038
87,6,21,0.1750471327671354
87,6,22,0.15843718062482087
87,6,23,0.1162139596319716
88,0,0,0.017445647608216406
88,0,1,0.009389350276940982
88,0,2,0.005512258221484162
88,0,3,0.0036083152703912102
88,0,4,0.006709221505861622
88,0,5,0.018343972787989115
88,0,6,0.038149426094841676
88,0,7,0.0853342560834234
88,0,8,0.12886543071654835
88,0,9,0.11115401327380857
88,0,10,0.07863540013182133
88,0,11,0.07077078042711023
88,0,12,0.07169343893737755
88,0,13,0.07353754443155801
88,0,14,0.08156892208390769
88,0,15,0.09136735277633505
88,0,16,0.10808726144951337
88,0,17,0.1289022076748831
88,0,18,0.09959380595044083
88,0,19,0.07176744800681176
88,0,20,0.05100401113243649
88,0,21,0.04865142306692052
88,0,22,0.03839705475636401
88,0,23,0.027274053121314104
88,1,0,0.01827588431087299
88,1,1,0.008800530356525603
88,1,2,0.005014008467420826
88,1,3,0.003581040497339351
88,1,4,0.0075702843283704385
88,1,5,0.020143356510352557
88,1,6,0.0427212124836716
88,1,7,0.10240414372207507
88,1,8,0.17168777075907435
88,1,9,0.1537338598332724
88,1,10,0.09717872024769895
88,1,11,0.08201701423564317
88,1,12,0.08008837095556175
88,1,13,0.08160584619824818
88,1,14,0.08679889419798668
88,1,15,0.09953047032877023
88,1,16,0.1266586749826908
88,1,17,0.1599470113025882
88,1,18,0.11716094275788487
88,1,19,0.08055757729147077
88,1,20,0.06167050207850429
88,1,21,0.05714135223555104
88,1,22,0.04670501323580108
88,1,23,0.03328191232127867
88,2,0,0.02237291637125122
88,2,1,0.010736955544595908
88,2,2,0.006246731196124709
88,2,3,0.004064018130355977
88,2,4,0.00773301383603978
88,2,5,0.02043706784056707
88,2,6,0.044243141829309454
88,2,7,0.1022272610846342
88,2,8,0.17475910188837687
88,2,9,0.15805984269572684
88,2,10,0.09635880642822994
88,2,11,0.0812137194459601
88,2,12,0.08235426558849977
88,2,13,0.0813648737521446
88,2,14,0.08688694013152677
88,2,15,0.09974234329531655
88,2,16,0.1216605730501748
88,2,17,0.15657926763525137
88,2,18,0.12115672862139937
88,2,19,0.08636632154547204
88,2,20,0.06560592179900127
88,2,21,0.06353328941089742
88,2,22,0.05213809422224046
88,2,23,0.0372467274963319
88,3,0,0.025935953144207262
88,3,1,0.013498923120485812
88,3,2,0.00766804022395672
88,3,3,0.005788757967571919
88,3,4,0.00811848070457575
88,3,5,0.019807714760916185
88,3,6,0.040850560035345186
88,3,7,0.09918622046126357
88,3,8,0.1652373626129747
88,3,9,0.15149064144353852
88,3,10,0.09399676893920263
88,3,11,0.08191158803961919
88,3,12,0.08377234264649339
88,3,13,0.08522139305906452
88,3,14,0.08869339926640729
88,3,15,0.1037406145564366
88,3,16,0.12298164787094802
88,3,17,0.15325876200748872
88,3,18,0.12079968455975576
88,3,19,0.09472253604113273
88,3,20,0.07557358307180359
88,3,21,0.06595063379011226
88,3,22,0.06132787735288694
88,3,23,0.047973889767388
88,4,0,0.0337543904958006
88,4,1,0.01975467782789085
88,4,2,0.011933507169123966
88,4,3,0.00736584783972209
88,4,4,0.008444310616764324
88,4,5,0.01854272822720411
88,4,6,0.03588666619551777
88,4,7,0.07850757025494885
88,4,8,0.12103257164050744
88,4,9,0.10701568819723505
88,4,10,0.08053974841713099
88,4,11,0.07872201199551364
88,4,12,0.08299402272867004
88,4,13,0.08864422031292328
88,4,14,0.09518475220636895
88,4,15,0.10538033500018938
88,4,16,0.11874377747254816
88,4,17,0.12107168763586977
88,4,18,0.09869154196160128
88,4,19,0.090918202240783
88,4,20,0.0821996303847753
88,4,21,0.07669882199129775
88,4,22,0.07106493455040701
88,4,23,0.06521438251112377
88,5,0,0.054785390881304644
88,5,1,0.039335244418293246
88,5,2,0.028960036185580167
88,5,3,0.019996680935677923
88,5,4,0.014536578876153994
88,5,5,0.012541360982584777
88,5,6,0.02091026303101665
88,5,7,0.037381400264460796
88,5,8,0.04924307213745133
88,5,9,0.06398881276047583
88,5,10,0.07876098226366131
88,5,11,0.08743663176425862
88,5,12,0.09933218528563807
88,5,13,0.10270178593215562
88,5,14,0.10485808433880638
88,5,15,0.1107336580483535
88,5,16,0.1131781886223768
88,5,17,0.10871737354427397
88,5,18,0.10608477899730138
88,5,19,0.09990459357948551
88,5,20,0.09891656166292355
88,5,21,0.08773350520487155
88,5,22,0.07839137734295201
88,5,23,0.07068826304714113
88,6,0,0.056878195605309635
88,6,1,0.04438316774729944
88,6,2,0.031683669835958495
88,6,3,0.022059314649674474
88,6,4,0.015710742362009457
88,6,5,0.016395364751855216
88,6,6,0.020415546339108605
88,6,7,0.03168735053845564
88,6,8,0.04245989078757545
88,6,9,0.051418145995415214
88,6,10,0.06334122865477554
88,6,11,0.06911358940525066
88,6,12,0.07720394180711439
88,6,13,0.08007745672622436
88,6,14,0.07716779975793764
88,6,15,0.0831889547423786
88,6,16,0.08213286510837602
88,6,17,0.07507279526048932
88,6,18,0.06957665136585978
88,6,19,0.05775523869531897
88,6,20,0.049436032372335285
88,6,21,0.04266898318957271
88,6,22,0.0375037627467093
88,6,23,0.027278268910953862
90,0,0,0.07611273014912631
90,0,1,0.039278124260765705
90,0,2,0.02179651690894404
90,0,3,0.01285422610783538
90,0,4,0.015874731123850242
90,0,5,0.03669966496528706
90,0,6,0.07337250956844604
90,0,7,0.14803349553052583
90,0,8,0.29117915923715176
90,0,9,0.2889869879585459
90,0,10,0.2111516381866607
90,0,11,0.21163376511958384
90,0,12,0.22903025920526304
90,0,13,0.23381901359854718
90,0,14,0.26373680297503926
90,0,15,0.3249866294376486
90,0,16,0.36896058411162047
90,0,17,0.4728812726572198
90,0,18,0.45982880415559413
90,0,19,0.344616609805135
90,0,20,0.287305178630513
90,0,21,0.2506269392492574
90,0,22,0.19388892183203396
90,0,23,0.12531448465496614
90,1,0,0.06921266685368463
90,1,1,0.03450327148562971
90,1,2,0.018877085606336847
90,1,3,0.011449693096538715
90,1,4,0.01666061552576605
90,1,5,0.04543268867138068
90,1,6,0.08901759599784079
90,1,7,0.17933989708610037
90,1,8,0.36528564825424775
90,1,9,0.34739871851890547
90,1,10,0.2443022457990731
90,1,11,0.230332836559468
90,1,12,0.2498004996020162
90,1,13,0.25564105408067334
90,1,14,0.2887972106205719
90,1,15,0.3513949085045519
90,1,16,0.40456113040401503
90,1,17,0.5547230576374327
90,1,18,0.5498835369676972
90,1,19,0.3952682233259951
90,1,20,0.33613258222698156
90,1,21,0.3016343848145713
90,1,22,0.24483568401512212
90,1,23,0.15552228215175443
90,2,0,0.08505404337158788
90,2,1,0.04450791103706227
90,2,2,0.02521546507523232
90,2,3,0.015615611965921523
90,2,4,0.022345050280297457
90,2,5,0.04364923068301577
90,2,6,0.09020531592124192
90,2,7,0.17499217020728355
90,2,8,0.3574557565490984
90,2,9,0.33100628006583066
90,2,10,0.2460513136671541
90,2,11,0.23905922197609283
90,2,12,0.26567545141725757
90,2,13,0.2722987826200946
90,2,14,0.30356192992713327
90,2,15,0.35663380715370696
90,2,16,0.40492489002316506
90,2,17,0.5475953297339522
90,2,18,0.5347761452822429
90,2,19,0.4090781891801203
90,2,20,0.347574929967376
90,2,21,0.31576909698213995
90,2,22,0.2648954062993988
90,2,23,0.17558169334300103
90,3,0,0.10150524998215385
90,3,1,0.054666149828888726
90,3,2,0.031746833522717316
90,3,3,0.01808620257995019
90,3,4,0.01867227151082872
90,3,5,0.043043487542701736
90,3,6,0.08379863533423448
90,3,7,0.1658740247062951
90,3,8,0.3349960496187794
90,3,9,0.3333222292834406
90,3,10,0.25278652426833753
90,3,11,0.2398519018171547
90,3,12,0.2642837888485569
90,3,13,0.2667681295658899
90,3,14,0.2930006454260658
90,3,15,0.3614233786725472
90,3,16,0.4071105772929053
90,3,17,0.5283516502639211
90,3,18,0.5373434168416491
90,3,19,0.4199470818955604
90,3,20,0.35859109888532303
90,3,21,0.32260772495554546
90,3,22,0.289114862095271
90,3,23,0.22798074928388593
90,4,0,0.15124320647757866
90,4,1,0.0901884939397225
90,4,2,0.05280767083731801
90,4,3,0.029198576571375975
90,4,4,0.026698541239204183
90,4,5,0.039935726738987966
90,4,6,0.07540157685455441
90,4,7,0.14406067693731012
90,4,8,0.2609021623262831
90,4,9,0.2721099603827842
90,4,10,0.24679986726959913
90,4,11,0.24833328969740018
90,4,12,0.2767326572896412
90,4,13,0.2857528964830439
90,4,14,0.3236491302078466
90,4,15,0.39134345910102175
90,4,16,0.42315941828567266
90,4,17,0.48745237430418176
90,4,18,0.47579847703570505
90,4,19,0.41675695039846505
90,4,20,0.3513015133558438
90,4,21,0.3097646670741892
90,4,22,0.31321883151711416
90,4,23,0.29831477114510996
90,5,0,0.25383932371179524
90,5,1,0.20583507133346257
90,5,2,0.15355568497950875
90,5,3,0.09536076562727755
90,5,4,0.05337727964089356
90,5,5,0.027139248783287682
90,5,6,0.03856043764646633
90,5,7,0.06156992506956126
90,5,8,0.12868161107904827
90,5,9,0.19670972092144698
90,5,10,0.2626186580023716
90,5,11,0.297179050272736
90,5,12,0.3267747204996977
90,5,13,0.34639915866442117
90,5,14,0.3538262635289194
90,5,15,0.37612087565689295
90,5,16,0.39256365251464337
90,5,17,0.39904891189436
90,5,18,0.40442842905062504
90,5,19,0.38280726223304135
90,5,20,0.3286796721720062
90,5,21,0.2991615927630539
90,5,22,0.30903411642650624
90,5,23,0.3041280937087219
90,6,0,0.26515368413500834
90,6,1,0.21665830199885167
90,6,2,0.15126061893761894
90,6,3,0.10145230455540853
90,6,4,0.057858654285420294
90,6,5,0.029925079242843197
90,6,6,0.030734655875590048
90,6,7,0.048827197817629946
90,6,8,0.10196266469209078
90,6,9,0.1558381861213608
90,6,10,0.2175830704514267
90,6,11,0.2533647397763996
90,6,12,0.2800701694531971
90,6,13,0.3007108654844142
90,6,14,0.3076952478667
90,6,15,0.31302193431606334
90,6,16,0.3230009766269072
90,6,17,0.3188368943187639
90,6,18,0.29836666491989233
90,6,19,0.2556161996765821
90,6,20,0.21906986374900728
90,6,21,0.19776315741410197
90,6,22,0.17342760189212672
90,6,23,0.12258126224295693
100,0,0,0.1011533281419765
100,0,1,0.04458581529520264
100,0,2,0.023548222125594834
100,0,3,0.01577688489249853
100,0,4,0.025288161139042184
100,0,5,0.1171271855358941
100,0,6,0.2898735826281441
100,0,7,0.4305750626635034
100,0,8,0.559978316173002
100,0,9,0.5672474083169534
100,0,10,0.40338518637934656
100,0,11,0.3541958873917172
100,0,12,0.35882690851557136
100,0,13,0.38385000760750465
100,0,14,0.4324632845143082
100,0,15,0.47968335894431224
100,0,16,0.5391292716025454
100,0,17,0.5758337233146531
100,0,18,0.5436349849592493
100,0,19,0.4253560107138159
100,0,20,0.32558728200455217
100,0,21,0.30704162372897953
100,0,22,0.26380031888721966
100,0,23,0.16579782611271332
100,1,0,0.09902465222392677
100,1,1,0.04100415227025032
100,1,2,0.02133488416772032
100,1,3,0.013806203227541081
100,1,4,0.02625273875829218
100,1,5,0.13023041865697702
100,1,6,0.3314949396520783
100,1,7,0.4926699092627806
100,1,8,0.6554826837508138
100,1,9,0.6621708682166435
100,1,10,0.46447171254523
100,1,11,0.3880938767183194
100,1,12,0.3919013107817873
100,1,13,0.41744253543014337
100,1,14,0.476308198877072
100,1,15,0.5225905859489457
100,1,16,0.5712663744109734
100,1,17,0.6166142909798054
100,1,18,0.5936137313325909
100,1,19,0.4861808706870316
100,1,20,0.37119021344338643
100,1,21,0.42230879181096875
100,1,22,0.34498128394516125
100,1,23,0.20201886366800473
100,2,0,0.12204364966269185
100,2,1,0.053561511605460625
100,2,2,0.02992357476903785
100,2,3,0.017328300865308663
100,2,4,0.026346502426895308
100,2,5,0.12938934974344854
100,2,6,0.3274077669172593
100,2,7,0.48261655387593216
100,2,8,0.6520698755334834
100,2,9,0.6534802150100163
100,2,10,0.4712210014387513
100,2,11,0.39677991421087283
100,2,12,0.40246220210774447
100,2,13,0.43420187771285945
100,2,14,0.47481952068042677
100,2,15,0.5292316698827417
100,2,16,0.5670652300815586
100,2,17,0.6121221853635443
100,2,18,0.5803857802089256
100,2,19,0.4961057279494134
100,2,20,0.3846407971825586
100,2,21,0.39551371220132564
100,2,22,0.37280171485644803
100,2,23,0.212234783630569
100,3,0,0.12518105376949173
100,3,1,0.05460151576589578
100,3,2,0.02891510796884837
100,3,3,0.01889642755622702
100,3,4,0.028324949548944028
100,3,5,0.1253240325711006
100,3,6,0.31366374454312795
100,3,7,0.46933946069015287
100,3,8,0.6189972447126804
100,3,9,0.6344625933273031
100,3,10,0.4650213863974934
100,3,11,0.4020900736311696
100,3,12,0.40789120006264973
100,3,13,0.432279573842411
100,3,14,0.48467562571020084
100,3,15,0.5340555167293726
100,3,16,0.5701666284179773
100,3,17,0.6127602304358818
100,3,18,0.5900181014060525
100,3,19,0.503118572612225
100,3,20,0.3987095874208463
100,3,21,0.4337999982660443
100,3,22,0.3769303429258636
100,3,23,0.23027977725374962
100,4,0,0.14850091825994927
100,4,1,0.0666544245067872
100,4,2,0.036042812796112406
100,4,3,0.02326406950633177
100,4,4,0.028824742249100744
100,4,5,0.11925599886841039
100,4,6,0.2785547361896085
100,4,7,0.41727139779517447
100,4,8,0.5214573168191661
100,4,9,0.5071197852556789
100,4,10,0.4064885777761629
100,4,11,0.38735475296776467
100,4,12,0.40845114331799337
100,4,13,0.4443036424279134
100,4,14,0.4981891636934338
100,4,15,0.5475847348347626
100,4,16,0.5682307539257953
100,4,17,0.5730807056817209
100,4,18,0.5576353084303157
100,4,19,0.4973004285904057
100,4,20,0.3984571536799273
100,4,21,0.4297348879112572
100,4,22,0.4315737583038621
100,4,23,0.3089781041613845
100,5,0,0.2110800325916402
100,5,1,0.11664260886079612
100,5,2,0.07089451501023572
100,5,3,0.04400886045933888
100,5,4,0.03590607728131728
100,5,5,0.04025668786811996
100,5,6,0.08667919239017627
100,5,7,0.12942616773689428
100,5,8,0.194544704406207
100,5,9,0.28387116006931157
100,5,10,0.3494456573102873
100,5,11,0.386372193997501
100,5,12,0.4105032812554554
100,5,13,0.44983898336377415
100,5,14,0.450878885058954
100,5,15,0.4742375728381718
100,5,16,0.5200032295081732
100,5,17,0.5129740761158639
100,5,18,0.49642312953420104
100,5,19,0.454707436042516
100,5,20,0.38595808156015976
100,5,21,0.3661430073867148
100,5,22,0.4339282732343067
100,5,23,0.3390724292189132
100,6,0,0.2144839155108814
100,6,1,0.12461847669417035
100,6,2,0.07324798282757068
100,6,3,0.04836125788048658
100,6,4,0.038498329738253095
100,6,5,0.03461278392164387
100,6,6,0.06389863743963636
100,6,7,0.09800173409162721
100,6,8,0.15506179605956957
100,6,9,0.23271605046965715
100,6,10,0.2966362021379591
100,6,11,0.3346750327499608
100,6,12,0.3542374815890695
100,6,13,0.3699519613622608
100,6,14,0.3817353365527175
100,6,15,0.40043557305284644
100,6,16,0.4252680941616403
100,6,17,0.4464612274514854
100,6,18,0.4135332263503226
100,6,19,0.3381777087768838
100,6,20,0.2974594056904082
100,6,21,0.28066361442765875
100,6,22,0.25265747584829285
100,6,23,0.165842028031575
107,0,0,0.07114284057949898
107,0,1,0.035703367415159386
107,0,2,0.019694561831668022
107,0,3,0.011776219865270951
107,0,4,0.011555553529357849
107,0,5,0.029137420730023438
107,0,6,0.07710453941476449
107,0,7,0.14657554127526942
107,0,8,0.27990939322518726
107,0,9,0.2657689149911306
107,0,10,0.19457944422864018
107,0,11,0.18027381731830788
107,0,12,0.20131871793930006
107,0,13,0.19827366037846428
107,0,14,0.20557649886249227
107,0,15,0.23760831302179605
107,0,16,0.2622672908304536
107,0,17,0.35611061045397113
107,0,18,0.3647327144883177
107,0,19,0.30051914145745096
107,0,20,0.2568069764147361
107,0,21,0.23156477968978337
107,0,22,0.19326604194943264
107,0,23,0.12483828986392624
107,1,0,0.07230371373450968
107,1,1,0.03445711840045996
107,1,2,0.018685665734715928
107,1,3,0.010665505961728742
107,1,4,0.013239517781753113
107,1,5,0.03562039662803347
107,1,6,0.0948181137509386
107,1,7,0.180814019917279
107,1,8,0.3271538220830722
107,1,9,0.3218234021579259
107,1,10,0.22146267153518504
107,1,11,0.19525381780804185
107,1,12,0.2228740256834105
107,1,13,0.2115069398839481
107,1,14,0.229358591720947
107,1,15,0.25852517854978846
107,1,16,0.28781035702969754
107,1,17,0.41264783158646773
107,1,18,0.4342722980901606
107,1,19,0.35501380580299335
107,1,20,0.30634410718697125
107,1,21,0.2867762634801437
107,1,22,0.251552692683755
107,1,23,0.1564603386298833
107,2,0,0.08982877997297241
107,2,1,0.04793695211790187
107,2,2,0.027580990122790198
107,2,3,0.01573505825100316
107,2,4,0.014823402278643963
107,2,5,0.0349804283602282
107,2,6,0.10336190303648096
107,2,7,0.17412583266680906
107,2,8,0.3339178267429234
107,2,9,0.31730109430922276
107,2,10,0.2290791344289514
107,2,11,0.20490906262190803
107,2,12,0.22809836012220142
107,2,13,0.22173363497328713
107,2,14,0.23462283244240809
107,2,15,0.26552071237061514
107,2,16,0.2966788107192138
107,2,17,0.41667025986094736
107,2,18,0.4271680551381515
107,2,19,0.36580814539958906
107,2,20,0.32029882156712564
107,2,21,0.30259729375376426
107,2,22,0.2730939833735107
107,2,23,0.18162000339188009
107,3,0,0.1043106919791641
107,3,1,0.056414237216092414
107,3,2,0.03345501942445361
107,3,3,0.01833289874774796
107,3,4,0.016295300541485733
107,3,5,0.032919323143932484
107,3,6,0.088416041029694
107,3,7,0.16668278438149428
107,3,8,0.3140597516141723
107,3,9,0.30099639380863713
107,3,10,0.226188274024454
107,3,11,0.19787352339457379
107,3,12,0.22538076370287793
107,3,13,0.22008634569687957
107,3,14,0.23458078815492323
107,3,15,0.26789934530916043
107,3,16,0.29367592893457317
107,3,17,0.40495301014554896
107,3,18,0.42589945725880235
107,3,19,0.37335804076030726
107,3,20,0.3301035156722554
107,3,21,0.3056738591908037
107,3,22,0.2942287367146978
107,3,23,0.22337743078351818
107,4,0,0.14691567219472873
107,4,1,0.08671769156746952
107,4,2,0.05019635873402359
107,4,3,0.027128960282110565
107,4,4,0.019416786560320982
107,4,5,0.033577861296608634
107,4,6,0.08293724125792308
107,4,7,0.1507854837543702
107,4,8,0.26033899229382657
107,4,9,0.24048752672272672
107,4,10,0.20340596031315464
107,4,11,0.19818888001189766
107,4,12,0.21776377939417466
107,4,13,0.23025182287707885
107,4,14,0.24724938326168472
107,4,15,0.2711101821930944
107,4,16,0.2951664313321072
107,4,17,0.3633755749825918
107,4,18,0.39114735885089913
107,4,19,0.3754241369860091
107,4,20,0.32948240765967113
107,4,21,0.2958820894633794
107,4,22,0.317597080503835
107,4,23,0.2915809825946024
107,5,0,0.2535647073998972
107,5,1,0.2244234616575498
107,5,2,0.17114763588225085
107,5,3,0.10468607545100915
107,5,4,0.054024341298636744
107,5,5,0.025854594484795556
107,5,6,0.040441007408211625
107,5,7,0.056380109964818556
107,5,8,0.09174804115558408
107,5,9,0.14031157341440942
107,5,10,0.19007453011930028
107,5,11,0.22379852419982044
107,5,12,0.25675057685040364
107,5,13,0.26889581900822684
107,5,14,0.2726639268317076
107,5,15,0.27930244085017925
107,5,16,0.29446483510875593
107,5,17,0.31697798209290745
107,5,18,0.3425919792399126
107,5,19,0.3501274116873026
107,5,20,0.3268294245222829
107,5,21,0.3065813612011691
107,5,22,0.32119448047031673
107,5,23,0.3041850801599465
107,6,0,0.26636498959346705
107,6,1,0.2320043747853192
107,6,2,0.1678674225613864
107,6,3,0.11045163526778566
107,6,4,0.057967183253595865
107,6,5,0.025463721991785714
107,6,6,0.03284482842136636
107,6,7,0.044975400451371925
107,6,8,0.06686889898524581
107,6,9,0.10361796014202282
107,6,10,0.16255128968938187
107,6,11,0.1976541504828112
107,6,12,0.22265411756485326
107,6,13,0.23246101066695848
107,6,14,0.23453681742340485
107,6,15,0.23535507151861781
107,6,16,0.25395597900831157
107,6,17,0.2722412266988932
107,6,18,0.2805775292960172
107,6,19,0.2571186678824951
107,6,20,0.2198855060032407
107,6,21,0.19806891117903402
107,6,22,0.1711332995321614
107,6,23,0.11923349093162967
113,0,0,0.04741381409740054
113,0,1,0.023409534274969057
113,0,2,0.012966855447471117
113,0,3,0.007091929809852563
113,0,4,0.013225768956878771
113,0,5,0.027979399794683977
113,0,6,0.07077185972173027
113,0,7,0.16804914121704775
113,0,8,0.2793497061639173
113,0,9,0.2968862294950011
113,0,10,0.22797953479786007
113,0,11,0.2123354495979922
113,0,12,0.23716842971993904
113,0,13,0.24431914840410168
113,0,14,0.25786839792829486
113,0,15,0.30889835207508415
113,0,16,0.3321700521190793
113,0,17,0.4070244223779115
113,0,18,0.4219769624237554
113,0,19,0.3204314398342697
113,0,20,0.24716974079956242
113,0,21,0.20189308601392225
113,0,22,0.14764996465942118
113,0,23,0.08670844855006167
113,1,0,0.0490809540406861
113,1,1,0.02423061335371577
113,1,2,0.012571724498156273
113,1,3,0.006462997711249929
113,1,4,0.019335865208170003
113,1,5,0.03278211786864029
113,1,6,0.09293540845488532
113,1,7,0.19781667108281045
113,1,8,0.3536228989474773
113,1,9,0.366185061727224
113,1,10,0.2628292492033767
113,1,11,0.23734626180274784
113,1,12,0.2715873402926986
113,1,13,0.27221655547498924
113,1,14,0.2771274635808748
113,1,15,0.3343440303706841
113,1,16,0.361318431368026
113,1,17,0.4686617680930024
113,1,18,0.49387189903230594
113,1,19,0.37940720763791247
113,1,20,0.28833336153292194
113,1,21,0.24478077310032098
113,1,22,0.1862518691457813
113,1,23,0.10969223448814229
113,2,0,0.059950858772488416
113,2,1,0.03174200878590564
113,2,2,0.016131878043883642
113,2,3,0.00942603669422396
113,2,4,0.021549195668863246
113,2,5,0.0336382786828113
113,2,6,0.08684667210583531
113,2,7,0.19617176460902797
113,2,8,0.3501437669356192
113,2,9,0.36789776282481323
113,2,10,0.2730921619706541
113,2,11,0.2521648251285003
113,2,12,0.2839757396675748
113,2,13,0.28401948418636297
113,2,14,0.28969327518503324
113,2,15,0.34015322603715675
113,2,16,0.3683166839086997
113,2,17,0.46554660720448066
113,2,18,0.48666651619287904
113,2,19,0.38463293679947014
113,2,20,0.2954340620975927
113,2,21,0.24885380906257656
113,2,22,0.20326598673647947
113,2,23,0.12817731401266907
113,3,0,0.07165160341528101
113,3,1,0.03963738271733526
113,3,2,0.020591471445791463
113,3,3,0.012045083012754603
113,3,4,0.017838346327589866
113,3,5,0.030165966950393416
113,3,6,0.08051684383477428
113,3,7,0.1798000280468508
113,3,8,0.33114564339455543
113,3,9,0.3576166160632943
113,3,10,0.2717267625003477
113,3,11,0.24868350202467754
113,3,12,0.2828180359201243
113,3,13,0.27771464247427274
113,3,14,0.28498801386890577
113,3,15,0.3397895371787472
113,3,16,0.3667808660051456
113,3,17,0.44905674559196834
113,3,18,0.4811897496835327
113,3,19,0.38822302056003455
113,3,20,0.3138219319120286
113,3,21,0.2599894240821569
113,3,22,0.21927805279279455
113,3,23,0.15513049575096194
113,4,0,0.0998845803099675
113,4,1,0.05979332147137041
113,4,2,0.03480470941177436
113,4,3,0.018310502249442195
113,4,4,0.019826912690564313
113,4,5,0.031213619592188966
113,4,6,0.07440349038985665
113,4,7,0.15488933971102115
113,4,8,0.26481755824880576
113,4,9,0.3013480047450882
113,4,10,0.24959314086384662
113,4,11,0.25843655967442564
113,4,12,0.2915901034778737
113,4,13,0.2998656121735149
113,4,14,0.31152818774428287
113,4,15,0.3467367243560952
113,4,16,0.37360891488953096
113,4,17,0.4302576760352386
113,4,18,0.4432400904421151
113,4,19,0.39101860603203586
113,4,20,0.3245127552618154
113,4,21,0.2672009271783739
113,4,22,0.2427454421971581
113,4,23,0.219992409005207
113,5,0,0.17719341668544253
113,5,1,0.1378835802812407
113,5,2,0.09796543726572358
113,5,3,0.05890116883430728
113,5,4,0.032415468502853324
113,5,5,0.018900901163361607
113,5,6,0.0343728399200862
113,5,7,0.059681033801600815
113,5,8,0.11769859274454199
113,5,9,0.1932963138122553
113,5,10,0.2521116272578359
113,5,11,0.28904690975741093
113,5,12,0.3344227694779733
113,5,13,0.33723439604006233
113,5,14,0.34164692836482474
113,5,15,0.3499417458307579
113,5,16,0.35123393414802323
113,5,17,0.3517909079406267
113,5,18,0.3693206621772678
113,5,19,0.3453348523051317
113,5,20,0.2952332448126271
113,5,21,0.2539841277363163
113,5,22,0.23758315291132112
113,5,23,0.21828983671373367
113,6,0,0.17709114710913473
113,6,1,0.14250661440664086
113,6,2,0.09589078085589138
113,6,3,0.061220898006886196
113,6,4,0.0355893625694132
113,6,5,0.0193606091090586
113,6,6,0.029305193127169456
113,6,7,0.04357047024823545
113,6,8,0.07817238368492926
113,6,9,0.129984117801221
113,6,10,0.19606785691184905
113,6,11,0.23916690969295612
113,6,12,0.26758611486332745
113,6,13,0.28092550497083985
113,6,14,0.28789330164204974
113,6,15,0.2914153647333354
113,6,16,0.29798461871694176
113,6,17,0.3029422811350397
113,6,18,0.2958301571181189
113,6,19,0.24357653124465042
113,6,20,0.1883023361544664
113,6,21,0.15941041142387055
113,6,22,0.12668304008683665
113,6,23,0.08171939727463876
114,0,0,0.04128474030203595
114,0,1,0.019475051114336776
114,0,2,0.010540145421017137
114,0,3,0.005537346164104361
114,0,4,0.005194471257648774
114,0,5,0.025725257105160344
114,0,6,0.053058900232114535
114,0,7,0.09083152512331334
114,0,8,0.1593703088260421
114,0,9,0.1840853721948357
114,0,10,0.1371846376639622
114,0,11,0.13640726881757675
114,0,12,0.1554944831926145
114,0,13,0.16202557022827668
114,0,14,0.16714430229714985
114,0,15,0.19376311855549042
114,0,16,0.227717240537738
114,0,17,0.30439597608424657
114,0,18,0.33911135656370456
114,0,19,0.2848433983021223
114,0,20,0.20282277572195165
114,0,21,0.15831494284543
114,0,22,0.11651605466732042
114,0,23,0.07119586800449036
114,1,0,0.03949470432567651
114,1,1,0.018115455129089086
114,1,2,0.00950661640262193
114,1,3,0.005415666358763286
114,1,4,0.006325113622975217
114,1,5,0.035381261680679364
114,1,6,0.07747725449597519
114,1,7,0.12022919285475579
114,1,8,0.19633699801787363
114,1,9,0.22693180840113403
114,1,10,0.16925339568729375
114,1,11,0.15756148265135042
114,1,12,0.1713911664815959
114,1,13,0.17755978169290387
114,1,14,0.1811039096526729
114,1,15,0.210511559894744
114,1,16,0.24936618579860115
114,1,17,0.3582439368626848
114,1,18,0.416711048952353
114,1,19,0.3454359665653875
114,1,20,0.24651321435332518
114,1,21,0.19634246341623138
114,1,22,0.1482089296096349
114,1,23,0.09048858668020486
114,2,0,0.049218738915656965
114,2,1,0.02493789909362205
114,2,2,0.013769202625903374
114,2,3,0.008001831014884922
114,2,4,0.007703858665149539
114,2,5,0.03295657117909831
114,2,6,0.0721024930348588
114,2,7,0.11736085579237725
114,2,8,0.19422474324772723
114,2,9,0.22091201866726684
114,2,10,0.17203499315631085
114,2,11,0.165541731657728
114,2,12,0.18284167655836583
114,2,13,0.18781916756814118
114,2,14,0.1925385960747736
114,2,15,0.21598374773198023
114,2,16,0.2547550670336198
114,2,17,0.36443446870739277
114,2,18,0.41750517507753265
114,2,19,0.3599262643782018
114,2,20,0.2607833667480195
114,2,21,0.20531145628040193
114,2,22,0.16413018664800447
114,2,23,0.10999428790661547
114,3,0,0.06111722245639094
114,3,1,0.031385352109440816
114,3,2,0.017605331021516884
114,3,3,0.00938749651872916
114,3,4,0.007884313115353748
114,3,5,0.03235737108416703
114,3,6,0.07181888171475975
114,3,7,0.11447461416472056
114,3,8,0.18973342287084008
114,3,9,0.22100677943417474
114,3,10,0.172237217325163
114,3,11,0.16659951570580178
114,3,12,0.18759324396361773
114,3,13,0.19065208683660723
114,3,14,0.19333732866379968
114,3,15,0.22251512190764186
114,3,16,0.2549163080071244
114,3,17,0.3612020100758743
114,3,18,0.42339573597905605
114,3,19,0.3867242112252942
114,3,20,0.31215580313599933
114,3,21,0.2424063355552545
114,3,22,0.20495026655105616
114,3,23,0.15387902942140663
114,4,0,0.10229364086458109
114,4,1,0.061508195297506
114,4,2,0.03295803620241232
114,4,3,0.016495084441287545
114,4,4,0.009586538809787236
114,4,5,0.0292854810815303
114,4,6,0.062666312222926
114,4,7,0.0995892555809145
114,4,8,0.16627773178770727
114,4,9,0.18290439494914768
114,4,10,0.16722000560918907
114,4,11,0.17430148689169717
114,4,12,0.2019286292988415
114,4,13,0.22260507455786188
114,4,14,0.2166148962770376
114,4,15,0.24936120207734516
114,4,16,0.27998895235653476
114,4,17,0.36338936293483987
114,4,18,0.40338495569312083
114,4,19,0.4173628232834311
114,4,20,0.37135418296334904
114,4,21,0.30387538390536134
114,4,22,0.2909685067278203
114,4,23,0.29525241576019284
114,5,0,0.23674607355934416
114,5,1,0.1685555129449207
114,5,2,0.1118900303853586
114,5,3,0.05482140182681855
114,5,4,0.025965597723383183
114,5,5,0.014032268269911835
114,5,6,0.01797110585076572
114,5,7,0.04871415381832361
114,5,8,0.10301614202060444
114,5,9,0.13465684997747263
114,5,10,0.1771017050907557
114,5,11,0.22288699152143454
114,5,12,0.2609046660754597
114,5,13,0.2848413586938042
114,5,14,0.2927125328085964
114,5,15,0.3134201877611082
114,5,16,0.3256111112035282
114,5,17,0.36813611747305974
114,5,18,0.3893818717440208
114,5,19,0.405522948874319
114,5,20,0.36657047899113027
114,5,21,0.3179597528836595
114,5,22,0.30188861927359434
114,5,23,0.2974378382127472
114,6,0,0.23671432874768947
114,6,1,0.175604286545952
114,6,2,0.1090985189500368
114,6,3,0.05792185178150284
114,6,4,0.02786843912561393
114,6,5,0.012815294539854217
114,6,6,0.01871002125949276
114,6,7,0.029845382838108475
114,6,8,0.06859513906979171
114,6,9,0.11066578595590153
114,6,10,0.14609416128638292
114,6,11,0.1980397568788095
114,6,12,0.2197715380688741
114,6,13,0.23556528097225118
114,6,14,0.23276924070236168
114,6,15,0.2297999417367421
114,6,16,0.2373993674211361
114,6,17,0.25904003408579596
114,6,18,0.2654657998718729
114,6,19,0.2273590149343605
114,6,20,0.17032521243024468
114,6,21,0.13890181095841328
114,6,22,0.11118377647998368
114,6,23,0.07382302729183157
116,0,0,0.07426814283420356
116,0,1,0.046897178513998466
116,0,2,0.03222166359265706
116,0,3,0.023242754629391443
116,0,4,0.021303760819596698
116,0,5,0.030934842165793477
116,0,6,0.05591930305992512
116,0,7,0.11189396373950133
116,0,8,0.13874175598365623
116,0,9,0.11426331054243373
116,0,10,0.09209991963623428
116,0,11,0.08943714904126837
116,0,12,0.09043313763505224
116,0,13,0.09932186432380881
116,0,14,0.11064677449724032
116,0,15,0.12594759107662537
116,0,16,0.1392476746540745
116,0,17,0.1486065729828317
116,0,18,0.14219381279165494
116,0,19,0.12254851477074596
116,0,20,0.10356814604999302
116,0,21,0.09208203684420863
116,0,22,0.0880204915537939
116,0,23,0.079721987971438
116,1,0,0.060969141550102704
116,1,1,0.035978293798878125
116,1,2,0.02428293672893264
116,1,3,0.01691919848737389
116,1,4,0.017587280326698897
116,1,5,0.02957161736692742
116,1,6,0.059954827768151864
116,1,7,0.1234208844533641
116,1,8,0.1597859538357509
116,1,9,0.12810398621443972
116,1,10,0.10295532957571085
116,1,11,0.09384935515149531
116,1,12,0.0951305967975715
116,1,13,0.10210204254963619
116,1,14,0.1141806022722155
116,1,15,0.1326587784347661
116,1,16,0.14905669052808915
116,1,17,0.1623045392499692
116,1,18,0.15917043832236413
116,1,19,0.13019500355942853
116,1,20,0.11171930172801461
116,1,21,0.10051360462561787
116,1,22,0.09480219605157643
116,1,23,0.08356834299391758
116,2,0,0.06626380530695046
116,2,1,0.03964833521115124
116,2,2,0.027689885514495048
116,2,3,0.020857773591305306
116,2,4,0.019895293862448978
116,2,5,0.029937327368309515
116,2,6,0.0593922321805162
116,2,7,0.1232457183892224
116,2,8,0.1585596056218245
116,2,9,0.12984589539924737
116,2,10,0.10369848309429003
116,2,11,0.09626827579898607
116,2,12,0.09911172823330872
116,2,13,0.1056867505684849
116,2,14,0.11645175550226476
116,2,15,0.13449978323538592
116,2,16,0.14983860855016962
116,2,17,0.16531898562567712
116,2,18,0.16507560862948406
116,2,19,0.13955957655647874
116,2,20,0.11707985761105179
116,2,21,0.10625161963731959
116,2,22,0.10149371768416612
116,2,23,0.09320622902928151
116,3,0,0.0740230373381197
116,3,1,0.04686838035914059
116,3,2,0.0320398755124686
116,3,3,0.02315542732677762
116,3,4,0.02154337225078128
116,3,5,0.030988158584177927
116,3,6,0.05759258344396815
116,3,7,0.12098462205984821
116,3,8,0.15437044944177594
116,3,9,0.12798727666220056
116,3,10,0.10633941200925726
116,3,11,0.09989323763645255
116,3,12,0.0993579519510054
116,3,13,0.1069974709470567
116,3,14,0.11970147148992302
116,3,15,0.13557869432005876
116,3,16,0.15098507443448408
116,3,17,0.1681383310186252
116,3,18,0.15956209990600456
116,3,19,0.13801345308807778
116,3,20,0.12127882696414694
116,3,21,0.11153737047774269
116,3,22,0.1080125969173027
116,3,23,0.09821737592283329
116,4,0,0.08314900789944273
116,4,1,0.054279806346115955
116,4,2,0.038319943344714585
116,4,3,0.027950605341112822
116,4,4,0.02437687978426677
116,4,5,0.0312872323551765
116,4,6,0.05614716291360114
116,4,7,0.11383426258321311
116,4,8,0.13967528511317476
116,4,9,0.12164273945409869
116,4,10,0.1037170094280225
116,4,11,0.10296874449475386
116,4,12,0.10794553850160997
116,4,13,0.11289666837788491
116,4,14,0.12813405250460713
116,4,15,0.14492349330564466
116,4,16,0.15625908211792305
116,4,17,0.17023999634219872
116,4,18,0.1656719654562183
116,4,19,0.15258406189035373
116,4,20,0.1354891295083535
116,4,21,0.12742261122125134
116,4,22,0.12578107632748295
116,4,23,0.1220337527337909
116,5,0,0.11223937649343858
116,5,1,0.08922880120845061
116,5,2,0.0719572963723343
116,5,3,0.05584319979452164
116,5,4,0.0444198356810815
116,5,5,0.03328038897483965
116,5,6,0.037864776786502574
116,5,7,0.05243958396697602
116,5,8,0.07676595410184694
116,5,9,0.09869964936616837
116,5,10,0.10828559470812159
116,5,11,0.11726518750491091
116,5,12,0.12492065904597957
116,5,13,0.12941241185436275
116,5,14,0.1320994237249929
116,5,15,0.13587494171078382
116,5,16,0.13546721680188575
116,5,17,0.14101054224889026
116,5,18,0.1403205330595339
116,5,19,0.13630748767946513
116,5,20,0.1304857664711152
116,5,21,0.12920941858807736
116,5,22,0.12666581875087135
116,5,23,0.1271211447846407
116,6,0,0.11777177846469318
116,6,1,0.10098760440509494
116,6,2,0.07854488129561056
116,6,3,0.06369454247621056
116,6,4,0.050949164388509764
116,6,5,0.03534208898316661
116,6,6,0.03457920119184112
116,6,7,0.04507362561520813
116,6,8,0.0607273969809846
116,6,9,0.09206316870119186
116,6,10,0.09891836572777263
116,6,11,0.1047226474082533
116,6,12,0.11079393156706677
116,6,13,0.1175576145471643
116,6,14,0.1207063424979188
116,6,15,0.12180405855970511
116,6,16,0.11966352785480198
116,6,17,0.11997938952329666
116,6,18,0.11913217444643194
116,6,19,0.11131558426745487
116,6,20,0.10165435173447065
116,6,21,0.10184783128776231
116,6,22,0.09667833447767508
116,6,23,0.09266657170144435
120,0,0,0.0038685973851878028
120,0,1,0.0021587301069538566
120,0,2,0.0012070514107047564
120,0,3,0.0007371014911320029
120,0,4,0.0009224195685746724
120,0,5,0.0007511057355494319
120,0,6,0.0013136048817570854
120,0,7,0.00906557131840061
120,0,8,0.00758704588523288
120,0,9,0.006533335381305971
120,0,10,0.005469944429244056
120,0,11,0.00569692057788326
120,0,12,0.005105703715139559
120,0,13,0.006047843821799044
120,0,14,0.006957404462251153
120,0,15,0.009215609224192328
120,0,16,0.00975211472134669
120,0,17,0.010093598702549094
120,0,18,0.009103335886594942
120,0,19,0.007694233010430298
120,0,20,0.006240518364375744
120,0,21,0.005200628472890628
120,0,22,0.003859807702369171
120,0,23,0.004022846874620795
120,1,0,0.0034026960913356866
120,1,1,0.001387775582437903
120,1,2,0.0010375958491352652
120,1,3,0.0005653820047542869
120,1,4,0.0010201899531104028
120,1,5,0.0005726523123559
120,1,6,0.0017373365027215173
120,1,7,0.009431483609787305
120,1,8,0.009590854877920585
120,1,9,0.007263637201860027
120,1,10,0.005720855484514695
120,1,11,0.004520961632193853
120,1,12,0.006078003500774565
120,1,13,0.005654794769347532
120,1,14,0.0077989751942226
120,1,15,0.009155855710591252
120,1,16,0.00973548166792462
120,1,17,0.011201002854799608
120,1,18,0.011142392220585367
120,1,19,0.007159766289438549
120,1,20,0.006451284193468782
120,1,21,0.005176832917519288
120,1,22,0.0051987603377375855
120,1,23,0.0048040899990558945
120,2,0,0.003576466619709733
120,2,1,0.001870173044092193
120,2,2,0.0013125345153486602
120,2,3,0.0007933789332360658
120,2,4,0.0007825451069568428
120,2,5,0.00085378028539763
120,2,6,0.0015624696735943313
120,2,7,0.009753999932779747
120,2,8,0.008615509605230035
120,2,9,0.007534893892245504
120,2,10,0.005687079035738432
120,2,11,0.004412602705013691
120,2,12,0.006134825681160663
120,2,13,0.006899409484035079
120,2,14,0.009339739667781044
120,2,15,0.008348889855591438
120,2,16,0.00887530888907401
120,2,17,0.010210790621629594
120,2,18,0.010030392286311973
120,2,19,0.009667325591873992
120,2,20,0.007022263920123663
120,2,21,0.00530864542169319
120,2,22,0.005665235651719751
120,2,23,0.004624107293231709
120,3,0,0.004345761295170941
120,3,1,0.0019493631273834328
120,3,2,0.0010140805494457
120,3,3,0.0008101312472305886
120,3,4,0.00118397296733843
120,3,5,0.0008858589157931028
120,3,6,0.001719491407550953
120,3,7,0.008986126508725479
120,3,8,0.009394753261693384
120,3,9,0.007592241725676634
120,3,10,0.0071189251024740725
120,3,11,0.0052270401186321385
120,3,12,0.006117939530063292
120,3,13,0.006328242744016232
120,3,14,0.008276986937947308
120,3,15,0.008630680121928785
120,3,16,0.011231958140715257
120,3,17,0.010501989609965212
120,3,18,0.011814550282020645
120,3,19,0.008982044244214346
120,3,20,0.006902285267547584
120,3,21,0.00577191271308663
120,3,22,0.005400289250505497
120,3,23,0.00458531977739249
120,4,0,0.00507988726526963
120,4,1,0.002383683864642793
120,4,2,0.0011592473317196927
120,4,3,0.0007211893731230682
120,4,4,0.0009236140260662638
120,4,5,0.0006501550829257826
120,4,6,0.0013846583409495943
120,4,7,0.009625027582145293
120,4,8,0.008717101378033231
120,4,9,0.00737459709744507
120,4,10,0.0067753600300468324
120,4,11,0.006057747924742332
120,4,12,0.0067818778092133035
120,4,13,0.008142246774367338
120,4,14,0.011061610013408805
120,4,15,0.01015277865738568
120,4,16,0.011186076716229433
120,4,17,0.011243680657347902
120,4,18,0.011209346692775459
120,4,19,0.010093862243851361
120,4,20,0.007743215323135062
120,4,21,0.007251556741659083
120,4,22,0.007303214744445411
120,4,23,0.007146245918908687
120,5,0,0.006589276504222992
120,5,1,0.0037458369958804
120,5,2,0.002953408563101164
120,5,3,0.0017009802444115524
120,5,4,0.0024720459668263104
120,5,5,0.0012255424409769319
120,5,6,0.0014688582667769885
120,5,7,0.001899066656647726
120,5,8,0.004301876569611374
120,5,9,0.004454251051111625
120,5,10,0.0063787535188855405
120,5,11,0.005930183172359288
120,5,12,0.007821916821421884
120,5,13,0.008494445928307465
120,5,14,0.009524460217732572
120,5,15,0.00933733153907414
120,5,16,0.012591656951101655
120,5,17,0.010250818952129656
120,5,18,0.009229783538473039
120,5,19,0.009404754373449606
120,5,20,0.008822174939931994
120,5,21,0.00829573792170114
120,5,22,0.0074398884886190675
120,5,23,0.007658198652510224
120,6,0,0.0059535355387119755
120,6,1,0.004631409484486998
120,6,2,0.0026705134378053074
120,6,3,0.002251187227787294
120,6,4,0.0023518955096210234
120,6,5,0.0009853163388680276
120,6,6,0.0017025155847568232
120,6,7,0.0020117541435925013
120,6,8,0.0025076218999196794
120,6,9,0.0035703568421102754
120,6,10,0.00689835780428428
120,6,11,0.004945625407027293
120,6,12,0.004872913939927181
120,6,13,0.005389378858121643
120,6,14,0.006763439676060373
120,6,15,0.008413868736783231
120,6,16,0.008789433807059356
120,6,17,0.008126994760205812
120,6,18,0.007777833921968557
120,6,19,0.007468848094604269
120,6,20,0.00680950567236627
120,6,21,0.006862292314005566
120,6,22,0.005109048879745686
120,6,23,0.004663294982090726
125,0,0,0.02729643351756576
125,0,1,0.015562979876532811
125,0,2,0.011138446824523317
125,0,3,0.008015421550706725
125,0,4,0.011471114768049693
125,0,5,0.02665596885173082
125,0,6,0.052615311456241674
125,0,7,0.08470507420013108
125,0,8,0.1943080060751832
125,0,9,0.17969178018203713
125,0,10,0.11324592475475527
125,0,11,0.10261201677243302
125,0,12,0.11344100597448428
125,0,13,0.11639203731184387
125,0,14,0.13447942023135448
125,0,15,0.16047739800046676
125,0,16,0.18754682946108522
125,0,17,0.26531591311491276
125,0,18,0.2465772981288985
125,0,19,0.18559763098957033
125,0,20,0.15043944647164312
125,0,21,0.10721181388026896
125,0,22,0.08269067260448727
125,0,23,0.04809858956412972
125,1,0,0.02486237095990967
125,1,1,0.011545570037160531
125,1,2,0.008257593231207602
125,1,3,0.005847365473398982
125,1,4,0.013314864837546313
125,1,5,0.030397106238434633
125,1,6,0.07138633736492772
125,1,7,0.11567112000507876
125,1,8,0.2922463248266716
125,1,9,0.27769306713358155
125,1,10,0.14482535261491794
125,1,11,0.12410221712202078
125,1,12,0.13359722342701824
125,1,13,0.1351372285527443
125,1,14,0.15573446523153398
125,1,15,0.18577237278570918
125,1,16,0.22517720979245245
125,1,17,0.34043734695929107
125,1,18,0.3057254913348074
125,1,19,0.21993644569598475
125,1,20,0.18487620456919174
125,1,21,0.13374393330906495
125,1,22,0.10177142146474077
125,1,23,0.05964819177459489
125,2,0,0.030646213246016307
125,2,1,0.015708302540178954
125,2,2,0.009908298867641378
125,2,3,0.00719678365175004
125,2,4,0.014565098220017392
125,2,5,0.02723083433651961
125,2,6,0.06953877792076948
125,2,7,0.11286982021603238
125,2,8,0.2945006542193604
125,2,9,0.30677656384347024
125,2,10,0.16659199928775004
125,2,11,0.1348227383771626
125,2,12,0.1465262082948155
125,2,13,0.14410073305059
125,2,14,0.15775214144956554
125,2,15,0.1836531689552732
125,2,16,0.22408557822537198
125,2,17,0.3283256901116287
125,2,18,0.29710827685983937
125,2,19,0.2145480124372303
125,2,20,0.1711304322455857
125,2,21,0.13379025028172645
125,2,22,0.11086788516974629
125,2,23,0.07273129139549721
125,3,0,0.04462497650030778
125,3,1,0.02432177260995977
125,3,2,0.014846888866859984
125,3,3,0.009541187607675444
125,3,4,0.015152709068905347
125,3,5,0.026804259560516946
125,3,6,0.06604448013904056
125,3,7,0.1028863604601177
125,3,8,0.27306757775710855
125,3,9,0.30174669811155425
125,3,10,0.17243797588124837
125,3,11,0.13812052993849644
125,3,12,0.14195313094023235
125,3,13,0.14225517581295968
125,3,14,0.16257157637152467
125,3,15,0.18503126805913586
125,3,16,0.22433391912699793
125,3,17,0.3129325187655412
125,3,18,0.2900633138039514
125,3,19,0.21915863769469018
125,3,20,0.18199126027524223
125,3,21,0.13364154217048854
125,3,22,0.1150861060714441
125,3,23,0.08906672497944844
125,4,0,0.05793105780617397
125,4,1,0.03707856873622468
125,4,2,0.024918821568739737
125,4,3,0.014208459832783371
125,4,4,0.018212161797920276
125,4,5,0.026335771461679338
125,4,6,0.06024006008969681
125,4,7,0.07957335805263385
125,4,8,0.16255341468640447
125,4,9,0.1746005616666628
125,4,10,0.13424657320289834
125,4,11,0.12401065553261022
125,4,12,0.13969868871963964
125,4,13,0.14616082925507423
125,4,14,0.16172341657028905
125,4,15,0.1878781181378441
125,4,16,0.19736452549539812
125,4,17,0.2333423497338623
125,4,18,0.24103206304545313
125,4,19,0.20531611111961282
125,4,20,0.17779149405514372
125,4,21,0.13403899766263233
125,4,22,0.12372576174233527
125,4,23,0.1169314092149873
125,5,0,0.09277455209114334
125,5,1,0.07009035024083494
125,5,2,0.05307752292564672
125,5,3,0.03177310631383849
125,5,4,0.02416380183723431
125,5,5,0.013254058487976925
125,5,6,0.018295027008723028
125,5,7,0.028551061643717023
125,5,8,0.05442088341302156
125,5,9,0.07975987153319514
125,5,10,0.11194320452591744
125,5,11,0.12909526948739625
125,5,12,0.15459822684316016
125,5,13,0.1684444466169097
125,5,14,0.17987861217245898
125,5,15,0.1887283676515085
125,5,16,0.19695918670346857
125,5,17,0.1966896063313105
125,5,18,0.1911655113848922
125,5,19,0.18207801943129334
125,5,20,0.15462087768540025
125,5,21,0.12331089451203417
125,5,22,0.11882443342970736
125,5,23,0.11726360365117502
125,6,0,0.09702480199965738
125,6,1,0.07416631057751463
125,6,2,0.05123057802502458
125,6,3,0.03380316592873163
125,6,4,0.024164500380723836
125,6,5,0.013918761070260832
125,6,6,0.01632817159622683
125,6,7,0.024263578481757173
125,6,8,0.040787104774207945
125,6,9,0.061461012307229806
125,6,10,0.09278900472875498
125,6,11,0.11046578543657486
125,6,12,0.12902973086392142
125,6,13,0.13985273027451717
125,6,14,0.14705415075841624
125,6,15,0.15041639323877273
125,6,16,0.15566964669057323
125,6,17,0.15655633312220227
125,6,18,0.147833150959021
125,6,19,0.12160008475998092
125,6,20,0.09846472097857883
125,6,21,0.08031806234183675
125,6,22,0.06782106344459014
125,6,23,0.0487356286822094
127,0,0,0.05544493234724254
127,0,1,0.03860318099567716
127,0,2,0.0233212198335782
127,0,3,0.013368344019006375
127,0,4,0.015090601627099598
127,0,5,0.022833606741615033
127,0,6,0.04539499711822021
127,0,7,0.10757568378258321
127,0,8,0.10577016149670185
127,0,9,0.07546629739278263
127,0,10,0.060706658374627395
127,0,11,0.055710243497050144
127,0,12,0.055044906380259426
127,0,13,0.06031979501023834
127,0,14,0.06769176930599785
127,0,15,0.07862510531809364
127,0,16,0.07897242624739315
127,0,17,0.08051123558213105
127,0,18,0.07269915018932888
127,0,19,0.06629012149208123
127,0,20,0.05828396804761168
127,0,21,0.05260824528175514
127,0,22,0.04883105600270351
127,0,23,0.04504193771993579
127,1,0,0.03354026430429399
127,1,1,0.020832012565151426
127,1,2,0.012182366232355923
127,1,3,0.008210329423292808
127,1,4,0.012489931975132476
127,1,5,0.02213975737729281
127,1,6,0.04896161342679307
127,1,7,0.11841273599138485
127,1,8,0.12014413043565826
127,1,9,0.08452135757785237
127,1,10,0.06737080862796109
127,1,11,0.057450000797497416
127,1,12,0.05917131950925805
127,1,13,0.06613148260847862
127,1,14,0.07131601235075533
127,1,15,0.0820778200512511
127,1,16,0.0850385502699306
127,1,17,0.08679594373339397
127,1,18,0.07856704646791722
127,1,19,0.07415435848143118
127,1,20,0.06754942643181741
127,1,21,0.0606096409948963
127,1,22,0.055340382013969056
127,1,23,0.04939579457664467
127,2,0,0.039823195721531625
127,2,1,0.025875540652593475
127,2,2,0.016424711906971628
127,2,3,0.010580089536871479
127,2,4,0.014319535572580512
127,2,5,0.023305558770595206
127,2,6,0.04789769878370397
127,2,7,0.11689524716785206
127,2,8,0.11983631860455672
127,2,9,0.0814959320611856
127,2,10,0.06808652200471198
127,2,11,0.06181653749110144
127,2,12,0.0652915825175146
127,2,13,0.06531269164873088
127,2,14,0.07275058161398289
127,2,15,0.08152915548751076
127,2,16,0.08297409680761665
127,2,17,0.08569412635199501
127,2,18,0.07936783428948885
127,2,19,0.07798085981392909
127,2,20,0.0695693647752372
127,2,21,0.06300515849075716
127,2,22,0.0591737604473263
127,2,23,0.05664077844617876
127,3,0,0.044961345501907835
127,3,1,0.029609767363934836
127,3,2,0.019527367506701088
127,3,3,0.012809867522134455
127,3,4,0.015215066782748005
127,3,5,0.023753556590598746
127,3,6,0.048327905952699576
127,3,7,0.11668366119800491
127,3,8,0.11842510487265757
127,3,9,0.08146984770809738
127,3,10,0.06771067082595428
127,3,11,0.06138127620326687
127,3,12,0.06250158325320047
127,3,13,0.06716310656538059
127,3,14,0.0741692879700863
127,3,15,0.08571557600101454
127,3,16,0.08611748445930467
127,3,17,0.09039352494784482
127,3,18,0.08094949098995763
127,3,19,0.07943975730914449
127,3,20,0.07525535403804069
127,3,21,0.0702466022888869
127,3,22,0.06509805460410437
127,3,23,0.060704377207799746
127,4,0,0.05100127896097809
127,4,1,0.034386666845162714
127,4,2,0.022477214850673544
127,4,3,0.013255330348385535
127,4,4,0.01541422896762327
127,4,5,0.02267358109863699
127,4,6,0.045933783524026175
127,4,7,0.11308197985215496
127,4,8,0.11131923122217983
127,4,9,0.08232552851617914
127,4,10,0.07015000591554797
127,4,11,0.06383721227004392
127,4,12,0.06558168043056212
127,4,13,0.06962371618341022
127,4,14,0.07833310582583654
127,4,15,0.09160559967033015
127,4,16,0.09313315993908243
127,4,17,0.09581069306884203
127,4,18,0.09739960126746457
127,4,19,0.09547525310488299
127,4,20,0.09262390008718038
127,4,21,0.09151279021024962
127,4,22,0.09813513557105544
127,4,23,0.11274886323604642
127,5,0,0.10008725113799699
127,5,1,0.07296229873304279
127,5,2,0.04825211527145073
127,5,3,0.029802450128610602
127,5,4,0.024595223191684095
127,5,5,0.020916135552640526
127,5,6,0.025503736900283906
127,5,7,0.036510484767796135
127,5,8,0.05264427221203537
127,5,9,0.06830468869534692
127,5,10,0.07201684844646253
127,5,11,0.07023920815747531
127,5,12,0.07185497342469085
127,5,13,0.0754270502520171
127,5,14,0.07966396778509072
127,5,15,0.07979535964668501
127,5,16,0.08170845749205392
127,5,17,0.0817305955609541
127,5,18,0.0870089013483296
127,5,19,0.08775314474450491
127,5,20,0.09597125874168388
127,5,21,0.09953215941168571
127,5,22,0.1096672627206474
127,5,23,0.1273197286145375
127,6,0,0.12368449975582285
127,6,1,0.09720432948295388
127,6,2,0.05899685796852223
127,6,3,0.03629773247717387
127,6,4,0.02855668699558047
127,6,5,0.02074365385183729
127,6,6,0.0209416741522533
127,6,7,0.02734076394568679
127,6,8,0.033862112164489665
127,6,9,0.04206357621419023
127,6,10,0.051052666774639974
127,6,11,0.05454052663672276
127,6,12,0.0631741164763236
127,6,13,0.06490991719528177
127,6,14,0.07295132851224627
127,6,15,0.08028140934485864
127,6,16,0.08613467726718008
127,6,17,0.08594492024618818
127,6,18,0.08242015095113797
127,6,19,0.084568974853367
127,6,20,0.08008003380258719
127,6,21,0.07797323453679818
127,6,22,0.0729628518110434
127,6,23,0.06886022086175941
128,0,0,0.002527239215388502
128,0,1,0.0007837663263147883
128,0,2,0.0005477098380871971
128,0,3,0.00046934916108303334
128,0,4,0.001166976236084903
128,0,5,0.008510447757605392
128,0,6,0.014329076311606863
128,0,7,0.016142681989225794
128,0,8,0.010880756228077815
128,0,9,0.009417642821181727
128,0,10,0.00902984486949459
128,0,11,0.007695198145907811
128,0,12,0.006786354054567313
128,0,13,0.008007718011149462
128,0,14,0.009376196174149762
128,0,15,0.010038021477010219
128,0,16,0.008607520414902526
128,0,17,0.008823795985960042
128,0,18,0.011034629187198849
128,0,19,0.007956045051884754
128,0,20,0.0064134643858451785
128,0,21,0.0037953542609121997
128,0,22,0.007662885233991147
128,0,23,0.006434897923400574
128,1,0,0.00173347708258831
128,1,1,0.0007352263596772956
128,1,2,0.0004246614277655478
128,1,3,0.0004426573834801435
128,1,4,0.0011944043686507987
128,1,5,0.00739309013350835
128,1,6,0.017115334130433944
128,1,7,0.017472555286550562
128,1,8,0.01241427468006559
128,1,9,0.010374364539351833
128,1,10,0.010082638777597934
128,1,11,0.008192824938988435
128,1,12,0.007187484193239216
128,1,13,0.008997833027105783
128,1,14,0.010404801694189314
128,1,15,0.011613063890633893
128,1,16,0.008977368228803672
128,1,17,0.00969395553130459
128,1,18,0.012968119351501873
128,1,19,0.009052397773203923
128,1,20,0.0070731677100322465
128,1,21,0.004938329083101216
128,1,22,0.008675613944450551
128,1,23,0.0055333630968201
128,2,0,0.0015884083395886156
128,2,1,0.0007592453422001656
128,2,2,0.0005159801628528214
128,2,3,0.0003849849751978671
128,2,4,0.0011690972591556828
128,2,5,0.006750426063576586
128,2,6,0.017948624979141427
128,2,7,0.016025837423420612
128,2,8,0.012551278833778962
128,2,9,0.009300447468016101
128,2,10,0.00976692138519709
128,2,11,0.007911163316448684
128,2,12,0.006743398625995226
128,2,13,0.007616631310262666
128,2,14,0.010007142745136834
128,2,15,0.01019245324123334
128,2,16,0.007935402380308314
128,2,17,0.00883521894436982
128,2,18,0.011558490475716526
128,2,19,0.00850388560384649
128,2,20,0.00640244300406006
128,2,21,0.005303113741852202
128,2,22,0.008893297387966598
128,2,23,0.006907110529467925
128,3,0,0.0020323075652214
128,3,1,0.0007862874158165472
128,3,2,0.0006243341985340099
128,3,3,0.0005040412639714515
128,3,4,0.001385791052467563
128,3,5,0.006323640314320509
128,3,6,0.015873141786342238
128,3,7,0.017648669820080683
128,3,8,0.012838050554299615
128,3,9,0.009932374345378716
128,3,10,0.01009386087980758
128,3,11,0.007601180128800543
128,3,12,0.007398879050692531
128,3,13,0.007745664220254186
128,3,14,0.010945344252131792
128,3,15,0.010034746113617028
128,3,16,0.008837685764322752
128,3,17,0.008360906353915717
128,3,18,0.011850877190628205
128,3,19,0.008936992061744576
128,3,20,0.007110764681472347
128,3,21,0.005186748136286372
128,3,22,0.009186341814607415
128,3,23,0.00743322691679456
128,4,0,0.0026148776874651784
128,4,1,0.0009434628375542276
128,4,2,0.000474791777328916
128,4,3,0.0004919276054698406
128,4,4,0.0013658533055764044
128,4,5,0.007008922447587032
128,4,6,0.01685323984782206
128,4,7,0.01762833943489557
128,4,8,0.012141608882438246
128,4,9,0.010127752312742561
128,4,10,0.009692721208619
128,4,11,0.00857405603890762
128,4,12,0.007826223466073812
128,4,13,0.008583018601268848
128,4,14,0.01132150077467718
128,4,15,0.011019875444712572
128,4,16,0.009535129160118323
128,4,17,0.009418214082187954
128,4,18,0.010758920074283562
128,4,19,0.009561494410628346
128,4,20,0.0064315396575789835
128,4,21,0.005966245917711232
128,4,22,0.00797075220147847
128,4,23,0.008093482268808152
128,5,0,0.0036299533479262447
128,5,1,0.0019429978822602986
128,5,2,0.0009696327988100275
128,5,3,0.0009318870482474335
128,5,4,0.0012459670663150639
128,5,5,0.003171432529105358
128,5,6,0.011680079339675917
128,5,7,0.013194889308638422
128,5,8,0.009081653613981685
128,5,9,0.009417026974337344
128,5,10,0.01030923892276955
128,5,11,0.010996455406303424
128,5,12,0.01099539730016278
128,5,13,0.011088784773646011
128,5,14,0.01341849418085551
128,5,15,0.011717802828460556
128,5,16,0.0092474313827614
128,5,17,0.009460472765240466
128,5,18,0.012001168054579623
128,5,19,0.008112405754084511
128,5,20,0.006288535682167978
128,5,21,0.006061356236700807
128,5,22,0.007770489338165427
128,5,23,0.006936781874846407
128,6,0,0.004105528430948709
128,6,1,0.0026268292959161017
128,6,2,0.001668030317529529
128,6,3,0.0008066142452205681
128,6,4,0.0012481877316240521
128,6,5,0.003269829722201203
128,6,6,0.011123208202612625
128,6,7,0.012802681325191597
128,6,8,0.00870383315059022
128,6,9,0.006183692864891953
128,6,10,0.009089302762787464
128,6,11,0.009107698678960647
128,6,12,0.00931840938019256
128,6,13,0.009474811690701667
128,6,14,0.01053505719780057
128,6,15,0.010539181526772159
128,6,16,0.009782410437672027
128,6,17,0.009308873565041608
128,6,18,0.011191093973856365
128,6,19,0.009050753061405136
128,6,20,0.006428870313995488
128,6,21,0.004529220120177496
128,6,22,0.006283534506070965
128,6,23,0.005623324172728145
137,0,0,0.09040975295377682
137,0,1,0.04442512795204398
137,0,2,0.02491744008352936
137,0,3,0.01670597531239706
137,0,4,0.03399575948180163
137,0,5,0.09530839572470191
137,0,6,0.3017734644203398
137,0,7,0.34940670313836186
137,0,8,0.4247972913850435
137,0,9,0.34512451284401946
137,0,10,0.2415333384162421
137,0,11,0.2006208215260365
137,0,12,0.21638101013388747
137,0,13,0.2257758901451832
137,0,14,0.22866462866142484
137,0,15,0.23724702185404686
137,0,16,0.24143571497530214
137,0,17,0.31881272866946286
137,0,18,0.36748885495337924
137,0,19,0.29437984889016355
137,0,20,0.25545474342458085
137,0,21,0.24098136149079127
137,0,22,0.22403061435691657
137,0,23,0.1618436970678394
137,1,0,0.0894428787951433
137,1,1,0.044362489136186824
137,1,2,0.027257198221653414
137,1,3,0.01956885503142318
137,1,4,0.031706520078791295
137,1,5,0.1049895183323713
137,1,6,0.35155919391393115
137,1,7,0.39087628112944645
137,1,8,0.48293871395043003
137,1,9,0.39694578295478494
137,1,10,0.27014011163988283
137,1,11,0.22292298900734137
137,1,12,0.23531637672376055
137,1,13,0.25077509433520667
137,1,14,0.24803841633960583
137,1,15,0.23948155707597998
137,1,16,0.2579409622436741
137,1,17,0.3734105973973622
137,1,18,0.4196385760450273
137,1,19,0.3458712929411847
137,1,20,0.29367356457291777
137,1,21,0.28542661748046716
137,1,22,0.27478671481761163
137,1,23,0.19930944376754772
137,2,0,0.109021786404911
137,2,1,0.05822262980352137
137,2,2,0.03677103370534966
137,2,3,0.02664450469849216
137,2,4,0.038154556303733524
137,2,5,0.1062854344150104
137,2,6,0.3471380664381496
137,2,7,0.3988097457480451
137,2,8,0.4826839023745205
137,2,9,0.39724298998841145
137,2,10,0.27478896520783525
137,2,11,0.22821259303189276
137,2,12,0.2387338384148565
137,2,13,0.2545692655045591
137,2,14,0.24956356371295163
137,2,15,0.24951950606143788
137,2,16,0.26439065881155543
137,2,17,0.36567389259157357
137,2,18,0.4104010144950682
137,2,19,0.34055782524848205
137,2,20,0.3002675852035551
137,2,21,0.2988873318101725
137,2,22,0.28948107607961326
137,2,23,0.22200171204208427
137,3,0,0.12580282234746862
137,3,1,0.06865363647504809
137,3,2,0.042224317325476234
137,3,3,0.0271777722584882
137,3,4,0.03707345495613806
137,3,5,0.11149504042861631
137,3,6,0.3481810015758448
137,3,7,0.38479504221360994
137,3,8,0.4647058535120626
137,3,9,0.3792864615815922
137,3,10,0.26821245843345515
137,3,11,0.2144530132999189
137,3,12,0.23737802133924743
137,3,13,0.25285097401445955
137,3,14,0.25506820968729954
137,3,15,0.25897440556934564
137,3,16,0.26962678302307147
137,3,17,0.362975167714821
137,3,18,0.40130448854876494
137,3,19,0.3397615081939493
137,3,20,0.30461017630685844
137,3,21,0.29970709874391616
137,3,22,0.31576357225240265
137,3,23,0.26535526922187574
137,4,0,0.1769296258217516
137,4,1,0.10076364359293677
137,4,2,0.05992176749550287
137,4,3,0.03828928684747795
137,4,4,0.04353746361642657
137,4,5,0.10610081653446747
137,4,6,0.33314802363145646
137,4,7,0.37409618096100766
137,4,8,0.44929744727334975
137,4,9,0.36235936881311354
137,4,10,0.2628689866556947
137,4,11,0.22811172714103053
137,4,12,0.24049505959132766
137,4,13,0.2556377413558725
137,4,14,0.26170856625291766
137,4,15,0.26752892196892747
137,4,16,0.28461205117389105
137,4,17,0.33837559063468803
137,4,18,0.38266983089720924
137,4,19,0.3421249312364067
137,4,20,0.30441713215287824
137,4,21,0.29492735137861115
137,4,22,0.3200719153646763
137,4,23,0.31925985143665864
137,5,0,0.29015611635375904
137,5,1,0.28200747205590965
137,5,2,0.2314443568213939
137,5,3,0.1524807645606349
137,5,4,0.09576758181187454
137,5,5,0.06079314094949538
137,5,6,0.19728938321887113
137,5,7,0.13948694274230064
137,5,8,0.11988855387302769
137,5,9,0.13722597248220456
137,5,10,0.17505582133696276
137,5,11,0.20929721173965923
137,5,12,0.23042510869302404
137,5,13,0.24839674304589418
137,5,14,0.2604968814689673
137,5,15,0.27727110953900536
137,5,16,0.29529086738806487
137,5,17,0.3068534224626856
137,5,18,0.3569018662665492
137,5,19,0.3196801442187042
137,5,20,0.2973072069361202
137,5,21,0.30251438202849534
137,5,22,0.328565450393706
137,5,23,0.3285466778125628
137,6,0,0.3018286710677846
137,6,1,0.2883926936640031
137,6,2,0.22281312750435353
137,6,3,0.15906692824467134
137,6,4,0.10429271877345428
137,6,5,0.05587742084633483
137,6,6,0.1870770930977584
137,6,7,0.12948522732318477
137,6,8,0.09681026934146574
137,6,9,0.10268435102426882
137,6,10,0.147196749998586
137,6,11,0.18228327202669253
137,6,12,0.20161475344710997
137,6,13,0.21381851579778982
137,6,14,0.2384109594551351
137,6,15,0.2529210760561499
137,6,16,0.2623965626860386
137,6,17,0.25245926425073917
137,6,18,0.3133047293074332
137,6,19,0.26868871126016114
137,6,20,0.23536532702672724
137,6,21,0.21683019603905326
137,6,22,0.2073015360781345
137,6,23,0.15831785855706712
140,0,0,0.06302090119586162
140,0,1,0.03294764116075478
140,0,2,0.017740848874568216
140,0,3,0.015571713321878086
140,0,4,0.02934698629809923
140,0,5,0.07701982839372451
140,0,6,0.2475644605794687
140,0,7,0.38068921309511017
140,0,8,0.43067958506418913
140,0,9,0.36344355824757485
140,0,10,0.30980142068505817
140,0,11,0.2658108252518977
140,0,12,0.2691220019746506
140,0,13,0.2848493082146929
140,0,14,0.2762556911458889
140,0,15,0.27284143259810034
140,0,16,0.23990631325268105
140,0,17,0.2864715176319248
140,0,18,0.30020173017232793
140,0,19,0.25639763476987015
140,0,20,0.19686437097694715
140,0,21,0.17648768135916096
140,0,22,0.14705357941806
140,0,23,0.10624122456885068
140,1,0,0.05692280498621507
140,1,1,0.027934262055016285
140,1,2,0.016149916979779612
140,1,3,0.01425186903597687
140,1,4,0.03126408583834845
140,1,5,0.09582991324966757
140,1,6,0.2772883371805998
140,1,7,0.4070899925532861
140,1,8,0.45762370971334926
140,1,9,0.40124494525714305
140,1,10,0.3434083860318198
140,1,11,0.28419970554775736
140,1,12,0.2854742443682122
140,1,13,0.3100036351745619
140,1,14,0.2994746576903232
140,1,15,0.2990179240692633
140,1,16,0.2659479238214269
140,1,17,0.30860508591654706
140,1,18,0.3325880014247515
140,1,19,0.2938548550652652
140,1,20,0.23797277010136014
140,1,21,0.21797892043455017
140,1,22,0.19096567314240823
140,1,23,0.13107281996274994
140,2,0,0.06575079363093071
140,2,1,0.03679904527923578
140,2,2,0.022112465210492458
140,2,3,0.018914565492054107
140,2,4,0.034521912346435646
140,2,5,0.09697664541310162
140,2,6,0.27679730307411415
140,2,7,0.41097329247046355
140,2,8,0.4673120420096201
140,2,9,0.3969637476006207
140,2,10,0.3449510732081581
140,2,11,0.2925855173916828
140,2,12,0.2844623341585726
140,2,13,0.3057859643615985
140,2,14,0.29883456232521893
140,2,15,0.3036109289913141
140,2,16,0.2626476739199518
140,2,17,0.3113250983114784
140,2,18,0.32891010986630104
140,2,19,0.3009725591586937
140,2,20,0.24522361705439372
140,2,21,0.23311996600875423
140,2,22,0.20405264152597213
140,2,23,0.15001111034804
140,3,0,0.08005223613666795
140,3,1,0.04262300406387673
140,3,2,0.024898447695995748
140,3,3,0.020448872160138624
140,3,4,0.03568811408592075
140,3,5,0.09485721615740902
140,3,6,0.27624589637719105
140,3,7,0.39708766001681894
140,3,8,0.45051810743668663
140,3,9,0.38266897349198503
140,3,10,0.327263174918157
140,3,11,0.28013180071027366
140,3,12,0.2844531800189953
140,3,13,0.3045034196969213
140,3,14,0.29329354436276606
140,3,15,0.2927954830900624
140,3,16,0.25480289715184823
140,3,17,0.29630198697985405
140,3,18,0.32098866810194365
140,3,19,0.29830010580166033
140,3,20,0.2422694686344439
140,3,21,0.23408304656103315
140,3,22,0.22102892029079343
140,3,23,0.17388071021051935
140,4,0,0.10573989452865606
140,4,1,0.05664494697850682
140,4,2,0.033952654366419394
140,4,3,0.026071370731291305
140,4,4,0.03990740148939606
140,4,5,0.09669015501088332
140,4,6,0.2699445575511807
140,4,7,0.3864085094317878
140,4,8,0.4386477707857744
140,4,9,0.35039631475880223
140,4,10,0.3042325399067459
140,4,11,0.257535358931402
140,4,12,0.2571175932713011
140,4,13,0.27261030450243867
140,4,14,0.26678032225182197
140,4,15,0.28122633087035587
140,4,16,0.26338210125054284
140,4,17,0.2797003291731438
140,4,18,0.2822741400532894
140,4,19,0.2650566565503465
140,4,20,0.20481578051605703
140,4,21,0.1942242319751534
140,4,22,0.2078931213793846
140,4,23,0.20446315145820929
140,5,0,0.1650870805446409
140,5,1,0.12984643291725936
140,5,2,0.09834137432536005
140,5,3,0.06658460854908674
140,5,4,0.05178527677924445
140,5,5,0.04726004422921959
140,5,6,0.13804853106835496
140,5,7,0.17672969952362394
140,5,8,0.135463800554208
140,5,9,0.1451958701502054
140,5,10,0.16631051647563466
140,5,11,0.17856654123635377
140,5,12,0.19059426729313206
140,5,13,0.1956716092557655
140,5,14,0.1955422746505168
140,5,15,0.20846746431540358
140,5,16,0.21010111271961743
140,5,17,0.21439046254877847
140,5,18,0.23139486160303693
140,5,19,0.23290034007046917
140,5,20,0.19503956313468476
140,5,21,0.1905070913472003
140,5,22,0.21197287991001293
140,5,23,0.22295505137638288
140,6,0,0.18265952909899807
140,6,1,0.1497018928371431
140,6,2,0.10512145881835869
140,6,3,0.07469670700360778
140,6,4,0.05135545068410567
140,6,5,0.04315144370546062
140,6,6,0.12530628304288308
140,6,7,0.15749774424967306
140,6,8,0.10678503321679252
140,6,9,0.12490200327597294
140,6,10,0.13974152458759634
140,6,11,0.16111652451535224
140,6,12,0.18006578782806784
140,6,13,0.1866346187513121
140,6,14,0.1891331106085215
140,6,15,0.19733371696027888
140,6,16,0.1960096779763407
140,6,17,0.20742581519573394
140,6,18,0.22070368681071376
140,6,19,0.20922939708202723
140,6,20,0.17262975820922635
140,6,21,0.15894333379988973
140,6,22,0.14378125197167577
140,6,23,0.11363271951074176
141,0,0,0.060734284376755855
141,0,1,0.03014256121144158
141,0,2,0.016551368339781856
141,0,3,0.010265013086279147
141,0,4,0.011419999768255001
141,0,5,0.035653343403143946
141,0,6,0.11888490039497042
141,0,7,0.18853933185796967
141,0,8,0.2829164266134613
141,0,9,0.2357569248946319
141,0,10,0.20171210832926145
141,0,11,0.19964077093863708
141,0,12,0.21113595220137443
141,0,13,0.21866401101856597
141,0,14,0.2400424162304738
141,0,15,0.2989492320492599
141,0,16,0.33040742934425393
141,0,17,0.40353183262471093
141,0,18,0.39879275590208696
141,0,19,0.311804505224118
141,0,20,0.24631828381285079
141,0,21,0.2128149566661683
141,0,22,0.16661079569886617
141,0,23,0.10926521629453347
141,1,0,0.05839296378722504
141,1,1,0.028808094245089226
141,1,2,0.015338998384390954
141,1,3,0.009240521464342476
141,1,4,0.013032002105559923
141,1,5,0.035214775949446935
141,1,6,0.14093589295897357
141,1,7,0.2214324706134023
141,1,8,0.3347551156543925
141,1,9,0.2706016547443214
141,1,10,0.22182648861885312
141,1,11,0.21118277022211213
141,1,12,0.22143391380788785
141,1,13,0.23429665881914452
141,1,14,0.25802660869214133
141,1,15,0.3140122662646767
141,1,16,0.3506615187572443
141,1,17,0.45272324450165063
141,1,18,0.4512476678527587
141,1,19,0.36065229821476985
141,1,20,0.2967810475136737
141,1,21,0.2709148296566206
141,1,22,0.22192515391861334
141,1,23,0.13664436170265862
141,2,0,0.07168748872888304
141,2,1,0.03892869282724548
141,2,2,0.02215528687173816
141,2,3,0.013334631895723262
141,2,4,0.016603226677149852
141,2,5,0.038344921557509536
141,2,6,0.1410377140719328
141,2,7,0.2155774449279947
141,2,8,0.32797936943905526
141,2,9,0.27338784098064145
141,2,10,0.2221429136369111
141,2,11,0.21231400571078565
141,2,12,0.22848513462527528
141,2,13,0.23419960638710466
141,2,14,0.26205928353297087
141,2,15,0.3184985258178558
141,2,16,0.3556516551533175
141,2,17,0.44655708948693656
141,2,18,0.44538195324217567
141,2,19,0.3689608765276106
141,2,20,0.30724855734279094
141,2,21,0.2849404285139744
141,2,22,0.24071268204004562
141,2,23,0.15943537639247135
141,3,0,0.08571170203411169
141,3,1,0.04573124693850351
141,3,2,0.024946930596136507
141,3,3,0.01574659451230013
141,3,4,0.01693488108763954
141,3,5,0.03802779783264185
141,3,6,0.13558811455791764
141,3,7,0.20958039729559658
141,3,8,0.3178642876067319
141,3,9,0.26602750189699204
141,3,10,0.2183050870803251
141,3,11,0.21361782483763897
141,3,12,0.22817467621288554
141,3,13,0.23644282786563667
141,3,14,0.26096475502493255
141,3,15,0.32092100283193914
141,3,16,0.3562372701163249
141,3,17,0.4355194888732545
141,3,18,0.4336366457376813
141,3,19,0.3683209702293781
141,3,20,0.30950895817275453
141,3,21,0.2809190563211967
141,3,22,0.2629402812376195
141,3,23,0.18668088307682068
141,4,0,0.11565035350605178
141,4,1,0.06459483594871535
141,4,2,0.03568576098337192
141,4,3,0.02074156504784775
141,4,4,0.01955159100472929
141,4,5,0.0389578325104481
141,4,6,0.12985560850216407
141,4,7,0.19910196935457453
141,4,8,0.2716351041349115
141,4,9,0.24325127759160597
141,4,10,0.2192225774743985
141,4,11,0.2251215173388183
141,4,12,0.24268001446160675
141,4,13,0.2570993456013131
141,4,14,0.27945740018684273
141,4,15,0.33982410003072694
141,4,16,0.3682770291085848
141,4,17,0.41306389387707937
141,4,18,0.40998261400323605
141,4,19,0.356816853281372
141,4,20,0.2821845983181985
141,4,21,0.2535386244448131
141,4,22,0.2561350982820363
141,4,23,0.23008811954821262
141,5,0,0.1845391893045393
141,5,1,0.14191149670141417
141,5,2,0.10165551674344278
141,5,3,0.06306011098014527
141,5,4,0.03700175390436882
141,5,5,0.022538884388729755
141,5,6,0.05351570466966383
141,5,7,0.08596082799754207
141,5,8,0.12182676853587014
141,5,9,0.17038006650781715
141,5,10,0.21619289545974005
141,5,11,0.25014201910259226
141,5,12,0.2750509343260249
141,5,13,0.27550883849649205
141,5,14,0.2781181661979085
141,5,15,0.29199055556631026
141,5,16,0.2974376930846507
141,5,17,0.3066784211542788
141,5,18,0.3277352183389149
141,5,19,0.3093870252427772
141,5,20,0.26444545608018577
141,5,21,0.24811398828622963
141,5,22,0.2662122460288114
141,5,23,0.2540716281280711
141,6,0,0.20558139970060593
141,6,1,0.1651567981611967
141,6,2,0.11042192692131399
141,6,3,0.07240090448599223
141,6,4,0.039576608817790224
141,6,5,0.023344372749941934
141,6,6,0.04745078347942203
141,6,7,0.07325536463875154
141,6,8,0.09690628953418923
141,6,9,0.13420898436242548
141,6,10,0.20092923881637095
141,6,11,0.22831611422049147
141,6,12,0.2551684196665176
141,6,13,0.25616119290767314
141,6,14,0.25825513230228947
141,6,15,0.25950520568645613
141,6,16,0.26554049221746406
141,6,17,0.2737119081049241
141,6,18,0.28015652988490164
141,6,19,0.23952807667189455
141,6,20,0.20520292044617938
141,6,21,0.1754637523432476
141,6,22,0.15010221582298858
141,6,23,0.10469970116561023
142,0,0,0.05724940974677854
142,0,1,0.0271819534812691
142,0,2,0.015728875254848194
142,0,3,0.008305989061582638
142,0,4,0.011929829518915198
142,0,5,0.038083489995453135
142,0,6,0.08874157246447423
142,0,7,0.1549615758259014
142,0,8,0.24995768813261457
142,0,9,0.230468756905427
142,0,10,0.21782308791136268
142,0,11,0.2274466510048155
142,0,12,0.2604789814250253
142,0,13,0.2778799554157447
142,0,14,0.3185683057564155
142,0,15,0.40279159206266774
142,0,16,0.44434076242551696
142,0,17,0.5463680670091444
142,0,18,0.5284305006005747
142,0,19,0.3917395061345952
142,0,20,0.2832239655074116
142,0,21,0.24379641442096284
142,0,22,0.1897975268626834
142,0,23,0.11546073619884592
142,1,0,0.05880818944066834
142,1,1,0.026199699658061883
142,1,2,0.014339550929574604
142,1,3,0.007358893928367392
142,1,4,0.012340612070880608
142,1,5,0.04409585854499825
142,1,6,0.10055172556016254
142,1,7,0.18073152957704708
142,1,8,0.3074280097816963
142,1,9,0.26359102680025226
142,1,10,0.24395197845697006
142,1,11,0.24524010906569504
142,1,12,0.2826368002026919
142,1,13,0.29956066359300115
142,1,14,0.33757187596704347
142,1,15,0.43342174822179763
142,1,16,0.4922842638731873
142,1,17,0.6446041703745509
142,1,18,0.6248266537908306
142,1,19,0.4842003816940843
142,1,20,0.33566709860512634
142,1,21,0.3084782079481808
142,1,22,0.2523257621964672
142,1,23,0.14317889984283783
142,2,0,0.0724003095186972
142,2,1,0.035170924835204356
142,2,2,0.018933568847726616
142,2,3,0.011016051244248048
142,2,4,0.013263427912727143
142,2,5,0.03841990668302301
142,2,6,0.10569942002764358
142,2,7,0.18089906373270612
142,2,8,0.30551760428835467
142,2,9,0.26581730280259525
142,2,10,0.2490317893263403
142,2,11,0.25597758998227654
142,2,12,0.29979098973349694
142,2,13,0.324075463427895
142,2,14,0.3471568594260844
142,2,15,0.4425681920316327
142,2,16,0.5039332670231212
142,2,17,0.6540680763600508
142,2,18,0.6207490438117438
142,2,19,0.4983826288135053
142,2,20,0.34161961656478124
142,2,21,0.31629746006706194
142,2,22,0.26953045018972155
142,2,23,0.1647993516751084
142,3,0,0.08263007878177334
142,3,1,0.04048773824831268
142,3,2,0.022334093636463617
142,3,3,0.013150453630147793
142,3,4,0.015847002925372514
142,3,5,0.041629633463391755
142,3,6,0.10028646249977789
142,3,7,0.17497800292398874
142,3,8,0.29718078186330243
142,3,9,0.2686316643649489
142,3,10,0.25643991941979233
142,3,11,0.2515986089160187
142,3,12,0.2915554241907586
142,3,13,0.30948430629886164
142,3,14,0.35161815295165916
142,3,15,0.43539394752054306
142,3,16,0.4959679283475943
142,3,17,0.6232745088346194
142,3,18,0.608215830195569
142,3,19,0.49045666498121593
142,3,20,0.34276779317780715
142,3,21,0.32564392222245675
142,3,22,0.2826078438620183
142,3,23,0.17759709195284892
142,4,0,0.10232712906455525
142,4,1,0.052787113112693254
142,4,2,0.029462867792869406
142,4,3,0.01760109384813282
142,4,4,0.01619488752107046
142,4,5,0.03783552013870811
142,4,6,0.09694960574131384
142,4,7,0.16173478519656564
142,4,8,0.25898792544888466
142,4,9,0.24569596964673338
142,4,10,0.25423169828478387
142,4,11,0.2618999249866168
142,4,12,0.30989819343182384
142,4,13,0.3311064742183105
142,4,14,0.36651657305414487
142,4,15,0.448397815659452
142,4,16,0.48814959272842773
142,4,17,0.5612591686941163
142,4,18,0.5575835077031965
142,4,19,0.49770727554351135
142,4,20,0.3202369948641152
142,4,21,0.298575590163589
142,4,22,0.29466803035458333
142,4,23,0.21453507838029945
142,5,0,0.14866831809690415
142,5,1,0.10267064155244797
142,5,2,0.0697701938847329
142,5,3,0.046351546525014255
142,5,4,0.030165376825745546
142,5,5,0.025958238605061492
142,5,6,0.04872356500460432
142,5,7,0.08690322726663965
142,5,8,0.14882925844589256
142,5,9,0.2148537526528179
142,5,10,0.2821211458540251
142,5,11,0.34519232777180764
142,5,12,0.4104441173385998
142,5,13,0.42783641887743507
142,5,14,0.37439996407830994
142,5,15,0.4007550494010207
142,5,16,0.43458826262963807
142,5,17,0.46081425484223293
142,5,18,0.4660137792074708
142,5,19,0.47322646198425916
142,5,20,0.2959135535500749
142,5,21,0.2781692439282945
142,5,22,0.2741219257984308
142,5,23,0.22973209490890098
142,6,0,0.15611344594648371
142,6,1,0.11198090770374396
142,6,2,0.07460896847725765
142,6,3,0.05248738457310468
142,6,4,0.033988353811763586
142,6,5,0.02786909028286211
142,6,6,0.04464485204264259
142,6,7,0.07611460754758777
142,6,8,0.11327246212770734
142,6,9,0.18449694282762008
142,6,10,0.2562590976327603
142,6,11,0.2823731001151006
142,6,12,0.3268177433233347
142,6,13,0.34915358142320946
142,6,14,0.38584625895767016
142,6,15,0.35171888257907796
142,6,16,0.3741432531275976
142,6,17,0.35967788389661576
142,6,18,0.3484307610489569
142,6,19,0.27821207256030367
142,6,20,0.2100149164662538
142,6,21,0.18877671276081479
142,6,22,0.15611728648601367
142,6,23,0.10266781078085697
143,0,0,0.04716984076563639
143,0,1,0.025050485795014482
143,0,2,0.012344167047869845
143,0,3,0.007112190744380994
143,0,4,0.007582572453404668
143,0,5,0.016184506766322177
143,0,6,0.05184941411386406
143,0,7,0.15078033847608235
143,0,8,0.22800068119717332
143,0,9,0.15988592748305308
143,0,10,0.1336901085731899
143,0,11,0.1398683489191342
143,0,12,0.15920841658998477
143,0,13,0.16662083726210866
143,0,14,0.19901468201931585
143,0,15,0.25159964770246324
143,0,16,0.2993681311552091
143,0,17,0.3963710092217317
143,0,18,0.3898354418218165
143,0,19,0.28550893815432665
143,0,20,0.2296886712130271
143,0,21,0.1937516467656106
143,0,22,0.14776961670177788
143,0,23,0.09049389029312252
143,1,0,0.046298090088758063
143,1,1,0.024125418281536
143,1,2,0.011956267813949076
143,1,3,0.006995881069470754
143,1,4,0.008798330154424277
143,1,5,0.01694116719922001
143,1,6,0.05497094186981787
143,1,7,0.17429643570925557
143,1,8,0.27684995926385014
143,1,9,0.18489162424315433
143,1,10,0.1472046153294582
143,1,11,0.14458608013705843
143,1,12,0.16760615352218894
143,1,13,0.17857580939833204
143,1,14,0.21182714999245372
143,1,15,0.2755876843719317
143,1,16,0.3202843762569588
143,1,17,0.4443669697266372
143,1,18,0.4421155652976365
143,1,19,0.32203433061152537
143,1,20,0.2626685183052782
143,1,21,0.2386210400344575
143,1,22,0.19163441135855072
143,1,23,0.1099418274628789
143,2,0,0.057157045878386305
143,2,1,0.02948922027410419
143,2,2,0.015333940591562855
143,2,3,0.00879980879224664
143,2,4,0.008696065747391499
143,2,5,0.0190829296693079
143,2,6,0.05805014336855227
143,2,7,0.16471394779347023
143,2,8,0.2882008050698077
143,2,9,0.18810267709701853
143,2,10,0.1507648689278708
143,2,11,0.15169719637802478
143,2,12,0.1773333515991555
143,2,13,0.1907200270348081
143,2,14,0.21956691433255301
143,2,15,0.28018231763973284
143,2,16,0.32653384220300685
143,2,17,0.4367616089601822
143,2,18,0.42429921117986635
143,2,19,0.32466200901774567
143,2,20,0.2692239585499614
143,2,21,0.24319648394827778
143,2,22,0.20346999645647865
143,2,23,0.12506349491656787
143,3,0,0.06619234678072472
143,3,1,0.03530539917385266
143,3,2,0.01799157497786987
143,3,3,0.010598314942797884
143,3,4,0.010564855960439053
143,3,5,0.017999670271818972
143,3,6,0.055246846377997885
143,3,7,0.16775066805260522
143,3,8,0.2689221842272805
143,3,9,0.18832592021626463
143,3,10,0.1545469266984782
143,3,11,0.1551633498063428
143,3,12,0.1743914488381623
143,3,13,0.18621669904442134
143,3,14,0.22154923114160363
143,3,15,0.2833492305478561
143,3,16,0.3236526092731423
143,3,17,0.42560245865255864
143,3,18,0.41991001317709103
143,3,19,0.31964028141817824
143,3,20,0.2654916805519882
143,3,21,0.24537534125633625
143,3,22,0.2156066929235465
143,3,23,0.14111749818779715
143,4,0,0.08435322499147657
143,4,1,0.045979771455501216
143,4,2,0.02501618429961847
143,4,3,0.01469249955556852
143,4,4,0.015022825552868248
143,4,5,0.02236599046302662
143,4,6,0.0570243321818584
143,4,7,0.15889966301501274
143,4,8,0.24273120646936616
143,4,9,0.17322120393823734
143,4,10,0.16064698427987797
143,4,11,0.17355045423150392
143,4,12,0.19736108705585464
143,4,13,0.22025247371983353
143,4,14,0.25688884620418284
143,4,15,0.3019363325927319
143,4,16,0.3342643112276574
143,4,17,0.38986038664842126
143,4,18,0.3678567905963792
143,4,19,0.2953662215458231
143,4,20,0.22978348717681768
143,4,21,0.21839948741902918
143,4,22,0.21596528570931356
143,4,23,0.17480590000852533
143,5,0,0.1261632603701192
143,5,1,0.08945360755034644
143,5,2,0.06063733042094386
143,5,3,0.04090198269611843
143,5,4,0.025204877183882
143,5,5,0.016951602783825428
143,5,6,0.029702002016970524
143,5,7,0.053331931533244975
143,5,8,0.1054522261306107
143,5,9,0.15359667094867172
143,5,10,0.18957219337022238
143,5,11,0.20642183584958027
143,5,12,0.23271275535396413
143,5,13,0.2500006907782644
143,5,14,0.24626840830836155
143,5,15,0.26188910376025837
143,5,16,0.2758497873099135
143,5,17,0.2774724153519322
143,5,18,0.27212350356262904
143,5,19,0.24597475881517097
143,5,20,0.20986987687622807
143,5,21,0.203302894818629
143,5,22,0.20513379667381837
143,5,23,0.17950928242109418
143,6,0,0.1337090696315637
143,6,1,0.0978285407926994
143,6,2,0.0648231273110988
143,6,3,0.04681896159537597
143,6,4,0.028795427920208706
143,6,5,0.017955831267422593
143,6,6,0.024386911315106896
143,6,7,0.041090402637255476
143,6,8,0.07517758139389263
143,6,9,0.11403619068845414
143,6,10,0.15757494113911294
143,6,11,0.18503883767890364
143,6,12,0.2149908791924773
143,6,13,0.2300953616938216
143,6,14,0.2442702832479819
143,6,15,0.2560393906315807
143,6,16,0.2567560149999324
143,6,17,0.2567730474374893
143,6,18,0.24363113012451507
143,6,19,0.20607929840134084
143,6,20,0.17703372190850894
143,6,21,0.15657143244585822
143,6,22,0.13521043247947484
143,6,23,0.08484323081892853
144,0,0,0.050541925515123355
144,0,1,0.026844463977493394
144,0,2,0.015206775172493716
144,0,3,0.009016681453467602
144,0,4,0.008452514520574024
144,0,5,0.014486655531436245
144,0,6,0.03992842929434048
144,0,7,0.08685843279332721
144,0,8,0.1878102959071291
144,0,9,0.22690766722931946
144,0,10,0.18963429568499024
144,0,11,0.1935569427173106
144,0,12,0.22557060623044206
144,0,13,0.23632362632377332
144,0,14,0.25115511504831967
144,0,15,0.28326608019239974
144,0,16,0.32217368030262183
144,0,17,0.4078640820547517
144,0,18,0.3822857074624336
144,0,19,0.3032237204300968
144,0,20,0.22017342685115818
144,0,21,0.17367653107723502
144,0,22,0.13186977723348106
144,0,23,0.08280404427819064
144,1,0,0.04680885315462683
144,1,1,0.023711629563681863
144,1,2,0.012210183000824264
144,1,3,0.0061745191514756366
144,1,4,0.0070576873561479965
144,1,5,0.016135542748546762
144,1,6,0.044603761883665535
144,1,7,0.10419485866466179
144,1,8,0.23684410122367994
144,1,9,0.28423133132176714
144,1,10,0.22770032486349262
144,1,11,0.2136769000251249
144,1,12,0.23951467668786658
144,1,13,0.24498103317113046
144,1,14,0.26406439901722256
144,1,15,0.29264440013991083
144,1,16,0.3366044037294272
144,1,17,0.46134762872783375
144,1,18,0.4576197589291193
144,1,19,0.3502512580423816
144,1,20,0.2533019999406298
144,1,21,0.20276713867956275
144,1,22,0.16773051614641035
144,1,23,0.1099290005635899
144,2,0,0.061184556651116474
144,2,1,0.0328760868305647
144,2,2,0.018528612718543305
144,2,3,0.010747705476862206
144,2,4,0.010331122664520768
144,2,5,0.018281114436495324
144,2,6,0.045938943264505816
144,2,7,0.10373212199579518
144,2,8,0.23118603512874983
144,2,9,0.27958560262299775
144,2,10,0.23777723534582187
144,2,11,0.2273078490060287
144,2,12,0.25267881585242363
144,2,13,0.2605819299897031
144,2,14,0.2758188358360662
144,2,15,0.3017680653362422
144,2,16,0.34737953435200863
144,2,17,0.46569800686701784
144,2,18,0.46199824152447594
144,2,19,0.36230723589944264
144,2,20,0.26594902325874414
144,2,21,0.21322383821278174
144,2,22,0.18151357742734067
144,2,23,0.12918474181652834
144,3,0,0.08062676175699368
144,3,1,0.043834495123576504
144,3,2,0.025208907260033497
144,3,3,0.013678950479218493
144,3,4,0.010297579292176793
144,3,5,0.016883206386052542
144,3,6,0.04332889436787309
144,3,7,0.09542287763877214
144,3,8,0.22011383871092288
144,3,9,0.27826266432575686
144,3,10,0.2443510807667826
144,3,11,0.22963630675814067
144,3,12,0.2554580882945971
144,3,13,0.2671715497555226
144,3,14,0.2814191423340021
144,3,15,0.314285487313295
144,3,16,0.358759410221349
144,3,17,0.4633553803592355
144,3,18,0.4708620699510359
144,3,19,0.3915672253362148
144,3,20,0.30625808735543175
144,3,21,0.2417934626600745
144,3,22,0.21257482585806334
144,3,23,0.1792747729248793
144,4,0,0.12937052406496097
144,4,1,0.08412202861920286
144,4,2,0.049632948211690606
144,4,3,0.026267375321411417
144,4,4,0.016324510788379983
144,4,5,0.018795443105998136
144,4,6,0.03881032838937297
144,4,7,0.08423937186987877
144,4,8,0.17682774508967966
144,4,9,0.23257986810464823
144,4,10,0.24608765602482735
144,4,11,0.25571395787600953
144,4,12,0.29136559194808276
144,4,13,0.31298024726488916
144,4,14,0.33708321313917106
144,4,15,0.3719868513204897
144,4,16,0.4065895576171652
144,4,17,0.4696808110911267
144,4,18,0.46286484176118464
144,4,19,0.448745425465146
144,4,20,0.3846818266146035
144,4,21,0.2964252045741976
144,4,22,0.27465760696173996
144,4,23,0.27205522267059407
144,5,0,0.23034181645332838
144,5,1,0.18118587160250313
144,5,2,0.1328651499766296
144,5,3,0.07506637064016787
144,5,4,0.0370829336797961
144,5,5,0.02013285225356604
144,5,6,0.024394862092875426
144,5,7,0.047481973864965846
144,5,8,0.08855029047118622
144,5,9,0.17262545831560858
144,5,10,0.2780093799049553
144,5,11,0.33892790789318233
144,5,12,0.3955087495270016
144,5,13,0.43007995243250186
144,5,14,0.4429981459071154
144,5,15,0.45336469152665804
144,5,16,0.46857564762826764
144,5,17,0.47106042585211416
144,5,18,0.4609571168647902
144,5,19,0.44394392820097633
144,5,20,0.37845767372686673
144,5,21,0.30341568422945914
144,5,22,0.27562100148845536
144,5,23,0.27582644923319305
144,6,0,0.24033327868249213
144,6,1,0.19165028759935188
144,6,2,0.12942266609203426
144,6,3,0.0790063135629083
144,6,4,0.04019373704368239
144,6,5,0.018522813758610757
144,6,6,0.022584626249739528
144,6,7,0.033178467380857245
144,6,8,0.05887155147524289
144,6,9,0.12390512615801125
144,6,10,0.20915938532880163
144,6,11,0.2750148681123258
144,6,12,0.30497810945316395
144,6,13,0.3326080654064946
144,6,14,0.3440566660565235
144,6,15,0.3511414491833306
144,6,16,0.3527782306133269
144,6,17,0.3443581303407885
144,6,18,0.33103506197982907
144,6,19,0.268705793246312
144,6,20,0.2023626906590769
144,6,21,0.15887818387374986
144,6,22,0.12441041703553418
144,6,23,0.09098197328560445
148,0,0,0.10135414390792762
148,0,1,0.05433466828395729
148,0,2,0.030315840646761773
148,0,3,0.018891931900003347
148,0,4,0.01893430726663355
148,0,5,0.02240863776745998
148,0,6,0.05449281887123192
148,0,7,0.12243094349607547
148,0,8,0.21669247421111534
148,0,9,0.22488622274328327
148,0,10,0.2023960278867736
148,0,11,0.20798638516052848
148,0,12,0.23294338998710973
148,0,13,0.24394150098641437
148,0,14,0.27317803721775674
148,0,15,0.3141527008585424
148,0,16,0.3440660717684783
148,0,17,0.4369344031246255
148,0,18,0.4539385851445492
148,0,19,0.37729097300819997
148,0,20,0.2992074382222446
148,0,21,0.2546227721709382
148,0,22,0.20790257309532037
148,0,23,0.14690990316904923
148,1,0,0.08872448882918557
148,1,1,0.04545277789022532
148,1,2,0.026924339498662204
148,1,3,0.015017281323397483
148,1,4,0.015139405540994716
148,1,5,0.02173333323617093
148,1,6,0.061597110050351164
148,1,7,0.1415918726452176
148,1,8,0.2654762859470221
148,1,9,0.2534923484110878
148,1,10,0.2145697337410232
148,1,11,0.21299603912080495
148,1,12,0.2367596245719452
148,1,13,0.2523370695218536
148,1,14,0.2870928435461358
148,1,15,0.32789153817418754
148,1,16,0.3588022455222439
148,1,17,0.5027112957784918
148,1,18,0.540433141097018
148,1,19,0.45896659424823827
148,1,20,0.3543076742701095
148,1,21,0.30600222141312244
148,1,22,0.26511298482760404
148,1,23,0.18696375391030334
148,2,0,0.1148187248942029
148,2,1,0.0621613751341621
148,2,2,0.03648926553112031
148,2,3,0.023105922898794585
148,2,4,0.020010750402118964
148,2,5,0.02406028393843923
148,2,6,0.06506475647741221
148,2,7,0.1461040688594476
148,2,8,0.25802215235886333
148,2,9,0.24995618612805687
148,2,10,0.22246504038617987
148,2,11,0.22628707743925233
148,2,12,0.2552919025627673
148,2,13,0.2631310590924246
148,2,14,0.2957801263501078
148,2,15,0.3367310463748299
148,2,16,0.36579314976287614
148,2,17,0.5097340941582807
148,2,18,0.5545947597976155
148,2,19,0.48754365215147016
148,2,20,0.38535595160542985
148,2,21,0.3260988160262072
148,2,22,0.2859795655365155
148,2,23,0.2182801159964146
148,3,0,0.13980168262049628
148,3,1,0.08180488757676335
148,3,2,0.04954484682824804
148,3,3,0.02830098419316332
148,3,4,0.02377063145701242
148,3,5,0.025793295797274258
148,3,6,0.06340497815232127
148,3,7,0.14178223423724998
148,3,8,0.2529221563976974
148,3,9,0.25178556387093626
148,3,10,0.22336847113740987
148,3,11,0.2266360653587409
148,3,12,0.25600436705507734
148,3,13,0.26931724130465823
148,3,14,0.29603000515654754
148,3,15,0.3470888515009376
148,3,16,0.3867455747211532
148,3,17,0.5233694472946263
148,3,18,0.5801032145102155
148,3,19,0.5459188439614698
148,3,20,0.45166477149086953
148,3,21,0.37985822321690477
148,3,22,0.34902329824368705
148,3,23,0.2983060360492836
148,4,0,0.21656698910809571
148,4,1,0.1338596587403795
148,4,2,0.08256692541672157
148,4,3,0.045537882635879275
148,4,4,0.031452202144239015
148,4,5,0.030447489615832126
148,4,6,0.0643183502706442
148,4,7,0.12543621081201814
148,4,8,0.21392208530348542
148,4,9,0.2366993048130315
148,4,10,0.2420674384044892
148,4,11,0.25987439602170415
148,4,12,0.29299413257562107
148,4,13,0.3188800953387797
148,4,14,0.3582428293517489
148,4,15,0.40802443404011646
148,4,16,0.4561582285455086
148,4,17,0.5554352346852496
148,4,18,0.6111572301397981
148,4,19,0.6306746466396314
148,4,20,0.5620056158583411
148,4,21,0.5022005207449208
148,4,22,0.4986974601323779
148,4,23,0.4825996957442688
148,5,0,0.4309548943689634
148,5,1,0.3349779590331442
148,5,2,0.23125335386368526
148,5,3,0.13822924622900273
148,5,4,0.07571202563447745
148,5,5,0.038211531247857096
148,5,6,0.04011490167188757
148,5,7,0.06630225608286926
148,5,8,0.12795818938815784
148,5,9,0.20961108351528088
148,5,10,0.2948305237903928
148,5,11,0.3695897638142346
148,5,12,0.4187619534770885
148,5,13,0.44935780889921706
148,5,14,0.45570823432530955
148,5,15,0.486246277963015
148,5,16,0.510822752748987
148,5,17,0.5434184287789365
148,5,18,0.5831423932061202
148,5,19,0.5877963755105305
148,5,20,0.5264915017400988
148,5,21,0.4895192909856251
148,5,22,0.48189938271821925
148,5,23,0.4717745705988146
148,6,0,0.43388923371331267
148,6,1,0.34678641203046034
148,6,2,0.23192953965830926
148,6,3,0.14502904290076138
148,6,4,0.08298633126954098
148,6,5,0.0370797578939181
148,6,6,0.03892670263940414
148,6,7,0.05396654336311497
148,6,8,0.0960835375955309
148,6,9,0.1595899374641936
148,6,10,0.23010477173238852
148,6,11,0.2938939306344097
148,6,12,0.3398302216086733
148,6,13,0.36055759331475806
148,6,14,0.3648720329355343
148,6,15,0.3690429803635209
148,6,16,0.3789366091837258
148,6,17,0.3862300689275083
148,6,18,0.3830750061599389
148,6,19,0.34192355068166386
148,6,20,0.27870538038990905
148,6,21,0.24578712440767486
148,6,22,0.21325888640100968
148,6,23,0.16518055655926606
151,0,0,0.039340634625185666
151,0,1,0.022717150953673503
151,0,2,0.012541187040522078
151,0,3,0.008364711746891214
151,0,4,0.00827360673679433
151,0,5,0.010943923519199695
151,0,6,0.024484189078637163
151,0,7,0.0645328244188049
151,0,8,0.10476865522225305
151,0,9,0.08602598234379247
151,0,10,0.0768351182753247
151,0,11,0.08202249658326996
151,0,12,0.09173771748837659
151,0,13,0.10182991764279019
151,0,14,0.11353654801955415
151,0,15,0.13671690220667357
151,0,16,0.15240637797354242
151,0,17,0.17842422202382888
151,0,18,0.169831820090646
151,0,19,0.13721378766151376
151,0,20,0.11813847199628023
151,0,21,0.1058374250206584
151,0,22,0.08326184716777064
151,0,23,0.060473004144368944
151,1,0,0.0380924133355488
151,1,1,0.020132957858322045
151,1,2,0.011790103462658583
151,1,3,0.0075952110487675336
151,1,4,0.007739653177781601
151,1,5,0.010906078033968739
151,1,6,0.02911319751042717
151,1,7,0.07206818834756823
151,1,8,0.1208923081073347
151,1,9,0.09269576627675773
151,1,10,0.08077381327612856
151,1,11,0.08273977189349883
151,1,12,0.0940135516243552
151,1,13,0.104221283879719
151,1,14,0.11432048979714186
151,1,15,0.14293576724422777
151,1,16,0.1596143555319911
151,1,17,0.1981118007174467
151,1,18,0.18883394753788493
151,1,19,0.15343055383428253
151,1,20,0.13402295750153406
151,1,21,0.12137969766004213
151,1,22,0.10256498768528632
151,1,23,0.07032827255012757
151,2,0,0.04338049933421693
151,2,1,0.024151848022164586
151,2,2,0.014931506925706871
151,2,3,0.009333280713032065
151,2,4,0.008563828909463386
151,2,5,0.010373689460507231
151,2,6,0.02912504562467785
151,2,7,0.07031443519584643
151,2,8,0.11896311595282028
151,2,9,0.09381119374609823
151,2,10,0.08263430921585752
151,2,11,0.08776290820382915
151,2,12,0.09871693117015866
151,2,13,0.10683250102286977
151,2,14,0.11604992885121503
151,2,15,0.14167162680209908
151,2,16,0.15829337391222947
151,2,17,0.19470372507018757
151,2,18,0.18335212444777885
151,2,19,0.1508776092426435
151,2,20,0.1352636638168298
151,2,21,0.12238511358343168
151,2,22,0.10495891407143196
151,2,23,0.07682814529251623
151,3,0,0.04991354452565525
151,3,1,0.028991994719464318
151,3,2,0.016524120850932016
151,3,3,0.010660664816583627
151,3,4,0.010012259800650649
151,3,5,0.0106789797004502
151,3,6,0.02862389951525225
151,3,7,0.07056449493255128
151,3,8,0.11378020117238768
151,3,9,0.09325864733172244
151,3,10,0.08228866560403222
151,3,11,0.09002667481808171
151,3,12,0.09792486701900312
151,3,13,0.10723016651920325
151,3,14,0.1189282783900479
151,3,15,0.14459437059819402
151,3,16,0.16067599720338407
151,3,17,0.19099541074101647
151,3,18,0.18245324228186158
151,3,19,0.15323156801522683
151,3,20,0.1363793462881706
151,3,21,0.12659172387774761
151,3,22,0.11321673332727855
151,3,23,0.08508252129349854
151,4,0,0.05917136017368631
151,4,1,0.03385877102905957
151,4,2,0.021133018986857103
151,4,3,0.013067186269511455
151,4,4,0.012135177877894357
151,4,5,0.012746335396781893
151,4,6,0.02984068088147469
151,4,7,0.06897355610602846
151,4,8,0.10735183759824894
151,4,9,0.09505339873142143
151,4,10,0.09279406486177388
151,4,11,0.10144978163349572
151,4,12,0.1091976490466981
151,4,13,0.1224324555103249
151,4,14,0.1369371823318846
151,4,15,0.16060226056895036
151,4,16,0.17733252485984022
151,4,17,0.19315929377815058
151,4,18,0.17917552681742646
151,4,19,0.1493179352131525
151,4,20,0.12321975807140627
151,4,21,0.11101890709231091
151,4,22,0.11249910970888521
151,4,23,0.09728802438047995
151,5,0,0.08058864038937293
151,5,1,0.06168475937302053
151,5,2,0.04663780355181792
151,5,3,0.031068352157956867
151,5,4,0.023715003825147657
151,5,5,0.01551194993834259
151,5,6,0.021796958800448456
151,5,7,0.039859795296495346
151,5,8,0.06244391251070904
151,5,9,0.08880721630733288
151,5,10,0.10917806912455282
151,5,11,0.11969898244245125
151,5,12,0.13756317517498162
151,5,13,0.1412472757687286
151,5,14,0.146467888299478
151,5,15,0.15343740816396484
151,5,16,0.15745166031102234
151,5,17,0.1493857071191727
151,5,18,0.14442590207427414
151,5,19,0.12797864467934
151,5,20,0.11486327729230092
151,5,21,0.10690172981448846
151,5,22,0.11182147355106854
151,5,23,0.10242762357367419
151,6,0,0.08509638772414498
151,6,1,0.0673440767219214
151,6,2,0.048760441797522106
151,6,3,0.03649480656980881
151,6,4,0.02678765541390859
151,6,5,0.0170385940914029
151,6,6,0.021261262551297337
151,6,7,0.035708971047968094
151,6,8,0.05236115384197714
151,6,9,0.07553338166166933
151,6,10,0.09594984472956593
151,6,11,0.1132049474801808
151,6,12,0.12728631026799184
151,6,13,0.13415261970842818
151,6,14,0.13769572345365538
151,6,15,0.14077441540765107
151,6,16,0.14324022774759793
151,6,17,0.1415716622733129
151,6,18,0.1324666804375557
151,6,19,0.11164760076565916
151,6,20,0.10029917542288076
151,6,21,0.09060765900310719
151,6,22,0.07891403882266848
151,6,23,0.06256213114126262
152,0,0,0.032215113847041114
152,0,1,0.019677878070830036
152,0,2,0.013477360550127127
152,0,3,0.010023277018262734
152,0,4,0.010034086005247599
152,0,5,0.017213323056956567
152,0,6,0.03260110726209492
152,0,7,0.09389660423728978
152,0,8,0.11791355069633239
152,0,9,0.09620797753998585
152,0,10,0.07117764894165152
152,0,11,0.058234400054566385
152,0,12,0.06825659690092516
152,0,13,0.06836638491929063
152,0,14,0.08303398521965447
152,0,15,0.08486698902378893
152,0,16,0.08548581365052184
152,0,17,0.09141084182354423
152,0,18,0.0768834892534623
152,0,19,0.057778904859069204
152,0,20,0.047634634266427806
152,0,21,0.04150309732690417
152,0,22,0.03807034671576205
152,0,23,0.0348994687806746
152,1,0,0.0257497667497663
152,1,1,0.014986604522134173
152,1,2,0.010935986081153542
152,1,3,0.007530049423386681
152,1,4,0.008559959613578146
152,1,5,0.016623465731938316
152,1,6,0.03520107782805973
152,1,7,0.10800672280845455
152,1,8,0.14256307928809606
152,1,9,0.10938724303403037
152,1,10,0.08059397266680986
152,1,11,0.06382848002199933
152,1,12,0.07318631197338753
152,1,13,0.07517152101236571
152,1,14,0.08613773904409555
152,1,15,0.08928930143230068
152,1,16,0.09346174953473482
152,1,17,0.1004693394732408
152,1,18,0.08492837466439765
152,1,19,0.06257739026528106
152,1,20,0.051480505533137454
152,1,21,0.04524999692211356
152,1,22,0.041984941602750785
152,1,23,0.03631324231093853
152,2,0,0.028221484840651994
152,2,1,0.0166848266590854
152,2,2,0.01208291244311619
152,2,3,0.009195902727406438
152,2,4,0.00970614187349871
152,2,5,0.017082281365720344
152,2,6,0.03603812531482554
152,2,7,0.10611089292853772
152,2,8,0.14090564727623295
152,2,9,0.10941915196065276
152,2,10,0.08064986094076393
152,2,11,0.06837965728225617
152,2,12,0.07828021743683354
152,2,13,0.0744973794836774
152,2,14,0.08623353912086906
152,2,15,0.09062753998104088
152,2,16,0.09180614309053012
152,2,17,0.09638620932411143
152,2,18,0.08394771150779089
152,2,19,0.06620369741513943
152,2,20,0.05400870927806499
152,2,21,0.049327095157757905
152,2,22,0.04557303368068312
152,2,23,0.03975078647209504
152,3,0,0.031860868553135836
152,3,1,0.019921725408811264
152,3,2,0.015334513237377797
152,3,3,0.011133528729964318
152,3,4,0.011145699378683914
152,3,5,0.017184056226435568
152,3,6,0.035973598426456865
152,3,7,0.1063070807617562
152,3,8,0.14048152393743085
152,3,9,0.10892133963178952
152,3,10,0.08310431667141883
152,3,11,0.06752800133489548
152,3,12,0.07584564173937614
152,3,13,0.0758427512871065
152,3,14,0.09147175729805228
152,3,15,0.09059218976475253
152,3,16,0.09534098393490524
152,3,17,0.10060202910788024
152,3,18,0.09203585656521858
152,3,19,0.07119917447275995
152,3,20,0.058942736122542694
152,3,21,0.0511194655400318
152,3,22,0.04783083893124045
152,3,23,0.04335028753267912
152,4,0,0.035980102933510526
152,4,1,0.023163862245141307
152,4,2,0.016861463520898533
152,4,3,0.013055702912144772
152,4,4,0.012089669543023082
152,4,5,0.018687451487948325
152,4,6,0.03414232670278135
152,4,7,0.1018189254317289
152,4,8,0.12588071814991056
152,4,9,0.08867685571801134
152,4,10,0.06963942041280997
152,4,11,0.06490310149564528
152,4,12,0.06909797321609626
152,4,13,0.07159155128122412
152,4,14,0.08025971439973599
152,4,15,0.08687857681402193
152,4,16,0.085466343531106
152,4,17,0.09046117503688704
152,4,18,0.08582333446874636
152,4,19,0.07107001753393562
152,4,20,0.062397196513496796
152,4,21,0.05725195185541321
152,4,22,0.05420823207601618
152,4,23,0.056275846881099434
152,5,0,0.04805898749805127
152,5,1,0.039490795917568156
152,5,2,0.03296208813071468
152,5,3,0.026646202352284303
152,5,4,0.02123355228836072
152,5,5,0.018376136404960112
152,5,6,0.0203499287243303
152,5,7,0.03509428027155692
152,5,8,0.061025482373626865
152,5,9,0.05241921882689273
152,5,10,0.05632795638500998
152,5,11,0.06213613308390345
152,5,12,0.06967293709722053
152,5,13,0.07221306176404356
152,5,14,0.07198898519130546
152,5,15,0.07907507884972065
152,5,16,0.0729239904709166
152,5,17,0.06989607136301726
152,5,18,0.06748532564852855
152,5,19,0.06348183888457715
152,5,20,0.05947708857246969
152,5,21,0.05628529533722103
152,5,22,0.05375637659460351
152,5,23,0.05520154630211671
152,6,0,0.04945661814326251
152,6,1,0.043628428593203324
152,6,2,0.03465295566616277
152,6,3,0.02851106183910365
152,6,4,0.024004013404097947
152,6,5,0.017242379886601975
152,6,6,0.016668589943200442
152,6,7,0.021112438797505885
152,6,8,0.029093343955533046
152,6,9,0.034432418044322066
152,6,10,0.04400893927086665
152,6,11,0.047617739078716005
152,6,12,0.05589201128697538
152,6,13,0.058650862345752564
152,6,14,0.0614821296265063
152,6,15,0.06155709159945143
152,6,16,0.06223412746553723
152,6,17,0.06017090806479804
152,6,18,0.05709714422908618
152,6,19,0.05390126034475499
152,6,20,0.04987369882602701
152,6,21,0.04481540500473904
152,6,22,0.043302132723960676
152,6,23,0.04092328681772602
153,0,0,0.005939803341359284
153,0,1,0.0035040065327282795
153,0,2,0.0022521443962299267
153,0,3,0.001628705940307419
153,0,4,0.0025403580841841856
153,0,5,0.00682582154639606
153,0,6,0.011246591776457204
153,0,7,0.023207413195439723
153,0,8,0.026854701143697035
153,0,9,0.01747140086066827
153,0,10,0.014654894182204737
153,0,11,0.013290250843827046
153,0,12,0.013773051822767637
153,0,13,0.014255582966986629
153,0,14,0.015831579424257673
153,0,15,0.018985240883661218
153,0,16,0.017910970353026485
153,0,17,0.017745985134200358
153,0,18,0.016319609262800343
153,0,19,0.013253791376155817
153,0,20,0.011893586507244367
153,0,21,0.010162749165624312
153,0,22,0.008475554628858586
153,0,23,0.006347832780982503
153,1,0,0.0046515840954134725
153,1,1,0.0027533622987452795
153,1,2,0.001608260354788038
153,1,3,0.0012015503562318678
153,1,4,0.002206309438734287
153,1,5,0.006646170256805838
153,1,6,0.01201541851704053
153,1,7,0.02694234190847923
153,1,8,0.029911831247433338
153,1,9,0.018997878090035236
153,1,10,0.015096507439567015
153,1,11,0.014097005158609113
153,1,12,0.013889541820107374
153,1,13,0.014851278310302352
153,1,14,0.01655429415587938
153,1,15,0.019061469701211302
153,1,16,0.019117749277952564
153,1,17,0.019379186673373305
153,1,18,0.017535347637603338
153,1,19,0.013701002185412568
153,1,20,0.012708268472641959
153,1,21,0.011801478512338879
153,1,22,0.00938750227613923
153,1,23,0.006826378799190418
153,2,0,0.005201908276707044
153,2,1,0.00317620397940626
153,2,2,0.0019849421505531866
153,2,3,0.0014763415754310773
153,2,4,0.002445151869921037
153,2,5,0.006386910942427826
153,2,6,0.011365150633360254
153,2,7,0.02650841943270442
153,2,8,0.030191313189901234
153,2,9,0.01885201073845649
153,2,10,0.015534471198496777
153,2,11,0.014340514981969716
153,2,12,0.0146266714064882
153,2,13,0.015557020071215536
153,2,14,0.01668847663009985
153,2,15,0.020671467926824744
153,2,16,0.019487453865932747
153,2,17,0.020361538656541472
153,2,18,0.01873180979243884
153,2,19,0.015691076763521297
153,2,20,0.014015600181517443
153,2,21,0.012511660654007151
153,2,22,0.010260406020554617
153,2,23,0.007566076189694299
153,3,0,0.005742886348803504
153,3,1,0.0036362839271052716
153,3,2,0.002397897548813113
153,3,3,0.001728339513349197
153,3,4,0.0027010731632794286
153,3,5,0.00693023937802985
153,3,6,0.011658804036386881
153,3,7,0.025819422301019867
153,3,8,0.029483737948869316
153,3,9,0.018881800986573227
153,3,10,0.016326642539791495
153,3,11,0.014472993291864793
153,3,12,0.014814973689458303
153,3,13,0.016087615321029147
153,3,14,0.01733089486346236
153,3,15,0.020115837659851945
153,3,16,0.01933402147304835
153,3,17,0.020396196332034655
153,3,18,0.018418819661387763
153,3,19,0.01629552792136621
153,3,20,0.014346908291079288
153,3,21,0.01350041493382209
153,3,22,0.010719236468298502
153,3,23,0.008699707236850499
153,4,0,0.006237839950991847
153,4,1,0.003913394072394121
153,4,2,0.0029323626414014393
153,4,3,0.0018050258333637348
153,4,4,0.0026129284867244737
153,4,5,0.006377374884203287
153,4,6,0.011727747181444575
153,4,7,0.024971454616847116
153,4,8,0.028960725006516006
153,4,9,0.01911453457421743
153,4,10,0.017457763037220686
153,4,11,0.01563565945232877
153,4,12,0.016379729831449676
153,4,13,0.017257807636297
153,4,14,0.01919780851119959
153,4,15,0.022636766443442678
153,4,16,0.020778121262288438
153,4,17,0.022830216270436514
153,4,18,0.021113036026648758
153,4,19,0.018031397989088184
153,4,20,0.017125593077650207
153,4,21,0.01494369371637558
153,4,22,0.013326665905544457
153,4,23,0.01127326375399304
153,5,0,0.009055894358135665
153,5,1,0.0071563103384048475
153,5,2,0.005398192537251281
153,5,3,0.004730408616363447
153,5,4,0.0043844469585689275
153,5,5,0.005004591922461837
153,5,6,0.0065937006618999395
153,5,7,0.009977427360639215
153,5,8,0.013345199692068665
153,5,9,0.014646246180622114
153,5,10,0.01489261995405385
153,5,11,0.016243988618049557
153,5,12,0.016882536766129868
153,5,13,0.0181689154319024
153,5,14,0.019664330371983115
153,5,15,0.02008051210174388
153,5,16,0.019545516187482518
153,5,17,0.018954641171315356
153,5,18,0.0186509727164905
153,5,19,0.015879094059007007
153,5,20,0.016413084985347343
153,5,21,0.015494901469174914
153,5,22,0.012905207747885955
153,5,23,0.011168606925972418
153,6,0,0.009829848947236325
153,6,1,0.00857627777782766
153,6,2,0.005922410488821069
153,6,3,0.005173722349027744
153,6,4,0.004854606012131807
153,6,5,0.004621937500215691
153,6,6,0.005388038844048009
153,6,7,0.007838615908517393
153,6,8,0.010707024334834848
153,6,9,0.010929424949840404
153,6,10,0.011789749100102847
153,6,11,0.014103594892349086
153,6,12,0.013709597832615503
153,6,13,0.014631622653565728
153,6,14,0.015914393819553424
153,6,15,0.01665040681809061
153,6,16,0.01565755142879876
153,6,17,0.015371692879903443
153,6,18,0.01428568871235648
153,6,19,0.013225167590446887
153,6,20,0.012781436323312474
153,6,21,0.012105270861053721
153,6,22,0.010374281631847294
153,6,23,0.008330939132863693
158,0,0,0.03906017427209733
158,0,1,0.01925247908600108
158,0,2,0.010831966674838732
158,0,3,0.005094636251613124
158,0,4,0.005499494730063476
158,0,5,0.016374057232357957
158,0,6,0.048575811675312414
158,0,7,0.10877060562679378
158,0,8,0.21197292951964514
158,0,9,0.22934158207503952
158,0,10,0.17815081559141574
158,0,11,0.1787307212689446
158,0,12,0.18903734433400804
158,0,13,0.19421163446608553
158,0,14,0.21199950214288762
158,0,15,0.24821929391756856
158,0,16,0.27476837373341984
158,0,17,0.4030817770388709
158,0,18,0.4644273893176664
158,0,19,0.3789094478915486
158,0,20,0.2712200881452287
158,0,21,0.1975936570295251
158,0,22,0.13581623908718712
158,0,23,0.08009158222496451
158,1,0,0.04061641293008766
158,1,1,0.01950836988088651
158,1,2,0.010117959757815964
158,1,3,0.0044773247965383695
158,1,4,0.004479161519783422
158,1,5,0.02201178636672037
158,1,6,0.06399370959081056
158,1,7,0.13502261145250655
158,1,8,0.27581563995661246
158,1,9,0.3095494348238064
158,1,10,0.22686223403415437
158,1,11,0.19469283104378307
158,1,12,0.2113159690557572
158,1,13,0.20099302927497661
158,1,14,0.21925954130469041
158,1,15,0.25620235077302733
158,1,16,0.3035016058178739
158,1,17,0.478968303738472
158,1,18,0.5609507239422734
158,1,19,0.45542450982225813
158,1,20,0.335139794094611
158,1,21,0.24490462273162997
158,1,22,0.18947600083003988
158,1,23,0.10810107331989113
158,2,0,0.06108268969388627
158,2,1,0.03189510982355528
158,2,2,0.0163085669494046
158,2,3,0.007608481493389038
158,2,4,0.006199031632957589
158,2,5,0.018567571799341657
158,2,6,0.07164951016771923
158,2,7,0.1312387072778375
158,2,8,0.27289082280556365
158,2,9,0.3048165162352649
158,2,10,0.22350089862550654
158,2,11,0.20407881936840197
158,2,12,0.22117335743891753
158,2,13,0.21986749972774003
158,2,14,0.23363256087475273
158,2,15,0.25656511389829956
158,2,16,0.31383225332519576
158,2,17,0.49439790856146837
158,2,18,0.5553217075340634
158,2,19,0.4789506298315742
158,2,20,0.3525795527907287
158,2,21,0.26285150194007295
158,2,22,0.20746425922513456
158,2,23,0.13462339825236677
158,3,0,0.07980278768512923
158,3,1,0.044262514465591846
158,3,2,0.022834442211541017
158,3,3,0.010834135295749697
158,3,4,0.00797290629884814
158,3,5,0.020925405771043123
158,3,6,0.06513897703234897
158,3,7,0.12478767917283358
158,3,8,0.25709467527622
158,3,9,0.28809358814893665
158,3,10,0.22905649024976293
158,3,11,0.21732414443076364
158,3,12,0.23155745436379516
158,3,13,0.2286152248795543
158,3,14,0.24447212936857307
158,3,15,0.273378616242118
158,3,16,0.3229494026738422
158,3,17,0.48388459756037566
158,3,18,0.5526370778921014
158,3,19,0.492319096507257
158,3,20,0.3883772389618216
158,3,21,0.29135970212023565
158,3,22,0.25223423933850087
158,3,23,0.18266771112802774
158,4,0,0.11054257029647382
158,4,1,0.059935825338681005
158,4,2,0.0321595247811735
158,4,3,0.015338543891189667
158,4,4,0.009709963167052008
158,4,5,0.019840531452249444
158,4,6,0.055719350072171415
158,4,7,0.11333612189891984
158,4,8,0.20533860029741305
158,4,9,0.21867118437207173
158,4,10,0.21020335371982088
158,4,11,0.21970575436472287
158,4,12,0.2525231668356998
158,4,13,0.2601894364280631
158,4,14,0.28226624151618007
158,4,15,0.3105422557294267
158,4,16,0.35552598825668713
158,4,17,0.47856025435081856
158,4,18,0.5328522782156467
158,4,19,0.5242900689578953
158,4,20,0.45323811920140394
158,4,21,0.33575495187826915
158,4,22,0.31282423343472704
158,4,23,0.3032204682521836
158,5,0,0.24593114639022656
158,5,1,0.1735680116958516
158,5,2,0.10386934887646358
158,5,3,0.05335672582686004
158,5,4,0.024224381024696477
158,5,5,0.011889743722587713
158,5,6,0.02106327232365528
158,5,7,0.05228431092222055
158,5,8,0.10791543402897821
158,5,9,0.1741214198613221
158,5,10,0.2718609269200745
158,5,11,0.33105558319029504
158,5,12,0.3905057192303881
158,5,13,0.42004811041215045
158,5,14,0.4233344210692483
158,5,15,0.4333648807637671
158,5,16,0.4361670103146436
158,5,17,0.44496698625210374
158,5,18,0.44863309447931565
158,5,19,0.45799799662732793
158,5,20,0.40416510212171947
158,5,21,0.3274523440990605
158,5,22,0.3093289316371065
158,5,23,0.31203835576873046
158,6,0,0.24944337966275204
158,6,1,0.17918748954307534
158,6,2,0.10350997245047001
158,6,3,0.056475008292943496
158,6,4,0.027208948505870773
158,6,5,0.012545799007936387
158,6,6,0.017566943129167668
158,6,7,0.0350152180430941
158,6,8,0.06566800755476022
158,6,9,0.12913438415834963
158,6,10,0.2126090559897193
158,6,11,0.2838185268486672
158,6,12,0.32211053925474464
158,6,13,0.33643169367008946
158,6,14,0.33654535139107755
158,6,15,0.3401455372502864
158,6,16,0.3405457485467222
158,6,17,0.32827429270158487
158,6,18,0.32238049643841604
158,6,19,0.276704841062562
158,6,20,0.20605133069198897
158,6,21,0.15748066037029204
158,6,22,0.12005025817526933
158,6,23,0.0722547761071491
161,0,0,0.0357906267524749
161,0,1,0.0186075796307197
161,0,2,0.012313909764369625
161,0,3,0.011180964697891661
161,0,4,0.027556799700780295
161,0,5,0.1060246010593517
161,0,6,0.292531952193197
161,0,7,0.5061194126554289
161,0,8,0.549525430995179
161,0,9,0.41932647324370315
161,0,10,0.35423491516701694
161,0,11,0.3329120414730384
161,0,12,0.3519652439158307
161,0,13,0.3462394320006016
161,0,14,0.354809978567883
161,0,15,0.37184041332888745
161,0,16,0.3940638442582441
161,0,17,0.4781612903030232
161,0,18,0.4014552516734369
161,0,19,0.26234607969519963
161,0,20,0.1803883838386114
161,0,21,0.15426570337842616
161,0,22,0.118855268649226
161,0,23,0.07418374158825367
161,1,0,0.03740518021428963
161,1,1,0.018024603190254975
161,1,2,0.012072335139620369
161,1,3,0.01070797608840665
161,1,4,0.0297890106322993
161,1,5,0.12869087401092277
161,1,6,0.3654009495144384
161,1,7,0.5947473938038051
161,1,8,0.6234058902277945
161,1,9,0.46885389008783995
161,1,10,0.39284597845284885
161,1,11,0.3843012659399359
161,1,12,0.40207709159644234
161,1,13,0.3925286690606055
161,1,14,0.4009211482915019
161,1,15,0.4136018298690582
161,1,16,0.4475749272734436
161,1,17,0.5623615859859094
161,1,18,0.482702196496887
161,1,19,0.30862174522909014
161,1,20,0.20603740898399522
161,1,21,0.18057179952149244
161,1,22,0.1470056324927151
161,1,23,0.08816308960304825
161,2,0,0.0453801443789696
161,2,1,0.022072528232287374
161,2,2,0.014642257521038973
161,2,3,0.012645398226602718
161,2,4,0.030100375074794433
161,2,5,0.12219009500939626
161,2,6,0.3534018136815866
161,2,7,0.5791238720710682
161,2,8,0.6112338583884318
161,2,9,0.4730740499663518
161,2,10,0.39941156597356803
161,2,11,0.39478386614980043
161,2,12,0.4225705472389791
161,2,13,0.4110147231508714
161,2,14,0.40986274033108727
161,2,15,0.42035070274691627
161,2,16,0.4492581294150652
161,2,17,0.5627361055757155
161,2,18,0.4828247136008639
161,2,19,0.323639349939793
161,2,20,0.21710811104127709
161,2,21,0.18647562013200483
161,2,22,0.15739610697404488
161,2,23,0.10502772988175482
161,3,0,0.05339821180271336
161,3,1,0.027802485540209403
161,3,2,0.017209135507975988
161,3,3,0.014443594732428905
161,3,4,0.03167112247518006
161,3,5,0.12031949230162964
161,3,6,0.329871980929067
161,3,7,0.5479479671195674
161,3,8,0.5954199600711269
161,3,9,0.47172778061808907
161,3,10,0.39851699089784876
161,3,11,0.3946659655112634
161,3,12,0.4197289552251415
161,3,13,0.40954039914424106
161,3,14,0.41458668591523606
161,3,15,0.4269995801235273
161,3,16,0.45768267208490676
161,3,17,0.5577324242833066
161,3,18,0.48684978602578854
161,3,19,0.3373203837927084
161,3,20,0.22658668623650127
161,3,21,0.19663408630777374
161,3,22,0.16689110255204284
161,3,23,0.11199322624548186
161,4,0,0.06455309433062255
161,4,1,0.03522140951197044
161,4,2,0.021277754611806938
161,4,3,0.017133960981136474
161,4,4,0.0333913912604687
161,4,5,0.10405182445930977
161,4,6,0.2525213319510268
161,4,7,0.44794063353639557
161,4,8,0.5407829995175722
161,4,9,0.4671850991296747
161,4,10,0.37241979132744885
161,4,11,0.35232562968764974
161,4,12,0.3867099392327924
161,4,13,0.37327919476935373
161,4,14,0.385833762411561
161,4,15,0.40669857181521507
161,4,16,0.42691582435507003
161,4,17,0.4657469520255829
161,4,18,0.4171658192669607
161,4,19,0.34729106218651756
161,4,20,0.2417676642913904
161,4,21,0.2036351670200669
161,4,22,0.18577868706167577
161,4,23,0.1331196348553799
161,5,0,0.07929445979778386
161,5,1,0.051171455218213584
161,5,2,0.031043853574806407
161,5,3,0.02479041508885353
161,5,4,0.023540597358753333
161,5,5,0.036189436813363285
161,5,6,0.06424579039640557
161,5,7,0.07947889563215159
161,5,8,0.11948150239979526
161,5,9,0.18850262454207847
161,5,10,0.26447539399764386
161,5,11,0.3077853126374959
161,5,12,0.334164522115039
161,5,13,0.36511576048606714
161,5,14,0.35178392611374176
161,5,15,0.3706910688416211
161,5,16,0.378681454697855
161,5,17,0.3880288021537587
161,5,18,0.35196020703830405
161,5,19,0.338856233502647
161,5,20,0.24910423065161666
161,5,21,0.20184256584627486
161,5,22,0.18582295125360837
161,5,23,0.14534284063498693
161,6,0,0.08856250233343647
161,6,1,0.060120718666154836
161,6,2,0.03529085392042829
161,6,3,0.026244403265511862
161,6,4,0.027985447614228113
161,6,5,0.026031250015720098
161,6,6,0.044276827526693256
161,6,7,0.06084884154419019
161,6,8,0.10091617420651035
161,6,9,0.16119384241422371
161,6,10,0.2437332544066985
161,6,11,0.2696382260649763
161,6,12,0.28995550277923005
161,6,13,0.295766502835259
161,6,14,0.2915304593159556
161,6,15,0.28406257266884904
161,6,16,0.2815285368941147
161,6,17,0.27751123904508773
161,6,18,0.22948777799099815
161,6,19,0.1920359841591338
161,6,20,0.15263612602754958
161,6,21,0.1367532512528873
161,6,22,0.10700742279774042
161,6,23,0.06933832905638387
162,0,0,0.06348380362277177
162,0,1,0.03350234025206543
162,0,2,0.014821746788396728
162,0,3,0.013860866676609017
162,0,4,0.021278168533081596
162,0,5,0.0896549273058339
162,0,6,0.26888436262148846
162,0,7,0.5815349931085981
162,0,8,0.7835572828907694
162,0,9,0.5967763311977407
162,0,10,0.40281346657947564
162,0,11,0.3524360496804516
162,0,12,0.37048727115907665
162,0,13,0.37890975521731424
162,0,14,0.42307347180525107
162,0,15,0.5011312410755927
162,0,16,0.5408572173700398
162,0,17,0.5740641726855522
162,0,18,0.5440145004688126
162,0,19,0.4201364274121377
162,0,20,0.30403340433484904
162,0,21,0.25097607907487934
162,0,22,0.1972107955653453
162,0,23,0.12859873384981127
162,1,0,0.08071379063501642
162,1,1,0.03205385487905075
162,1,2,0.013217434808935436
162,1,3,0.013167629011490357
162,1,4,0.02260323934077561
162,1,5,0.10417409504762672
162,1,6,0.31475763421066383
162,1,7,0.7075089673381109
162,1,8,0.8959179828945618
162,1,9,0.7259713456617474
162,1,10,0.4782529823654217
162,1,11,0.4121194511132078
162,1,12,0.42939347990157456
162,1,13,0.43367824392429183
162,1,14,0.4824189929522038
162,1,15,0.565217304197409
162,1,16,0.5827975622633278
162,1,17,0.6227332895260007
162,1,18,0.5963731341695769
162,1,19,0.5045407254401423
162,1,20,0.3620416436152379
162,1,21,0.29693960803118513
162,1,22,0.2395395180029185
162,1,23,0.15378793386000686
162,2,0,0.09475108140189503
162,2,1,0.040506070558167774
162,2,2,0.018046169638120755
162,2,3,0.015035208100664877
162,2,4,0.0235134715321135
162,2,5,0.10086707149390532
162,2,6,0.30699007505855863
162,2,7,0.6901173406663518
162,2,8,0.885302172133357
162,2,9,0.7197849536727876
162,2,10,0.4855077937915439
162,2,11,0.42290350228905743
162,2,12,0.4396069740550542
162,2,13,0.4486871664726312
162,2,14,0.4912476805257855
162,2,15,0.5689425376218067
162,2,16,0.5837567328863303
162,2,17,0.6229785449453358
162,2,18,0.598880865175996
162,2,19,0.5242231160948199
162,2,20,0.3784014778840499
162,2,21,0.3148055720639539
162,2,22,0.25788777502190113
162,2,23,0.17073718429083304
162,3,0,0.10406754542942778
162,3,1,0.047188054800976084
162,3,2,0.022024516288862213
162,3,3,0.017195475377758253
162,3,4,0.02374450060787014
162,3,5,0.09880410152049107
162,3,6,0.29290998123355905
162,3,7,0.6422945136619665
162,3,8,0.8615861351003985
162,3,9,0.7072055281731398
162,3,10,0.4812938001586112
162,3,11,0.41978970778686964
162,3,12,0.4438420699367005
162,3,13,0.44640529960455877
162,3,14,0.4937987887014242
162,3,15,0.5741843042062011
162,3,16,0.5877659348844121
162,3,17,0.619101891342078
162,3,18,0.5970879270000716
162,3,19,0.5203660174273169
162,3,20,0.38201428141117105
162,3,21,0.32689531491865537
162,3,22,0.2799420658921662
162,3,23,0.197601780285738
162,4,0,0.12765643756954523
162,4,1,0.06485767001132471
162,4,2,0.0311080243705441
162,4,3,0.02222964421128985
162,4,4,0.02569274977356429
162,4,5,0.08622769958240736
162,4,6,0.2319678023525061
162,4,7,0.4744790339024552
162,4,8,0.6500785727778483
162,4,9,0.5423440626835263
162,4,10,0.40811689149624725
162,4,11,0.3835324306929266
162,4,12,0.40750901373383747
162,4,13,0.42952789470793484
162,4,14,0.48532804992265616
162,4,15,0.5614556306171068
162,4,16,0.5831742607955782
162,4,17,0.6169551027591424
162,4,18,0.5711000769081757
162,4,19,0.45541591843413864
162,4,20,0.33973607782711035
162,4,21,0.2987253462563287
162,4,22,0.29180067097322443
162,4,23,0.23920865404964153
162,5,0,0.17550965849673578
162,5,1,0.12208950944712421
162,5,2,0.06720064559913626
162,5,3,0.04644764314749064
162,5,4,0.033822412851792105
162,5,5,0.03550012303026544
162,5,6,0.08070283601532066
162,5,7,0.11907190776074099
162,5,8,0.17370085030678084
162,5,9,0.2451416277333009
162,5,10,0.31479141794525484
162,5,11,0.3616814284754693
162,5,12,0.3662534051747786
162,5,13,0.36505214152474225
162,5,14,0.37706910611673555
162,5,15,0.3976721302360643
162,5,16,0.41493046434577124
162,5,17,0.42102706665041584
162,5,18,0.3973448568458672
162,5,19,0.35081241262585083
162,5,20,0.30395546643455784
162,5,21,0.2763943801487654
162,5,22,0.28361477793604617
162,5,23,0.2494960481606447
162,6,0,0.17171880175171692
162,6,1,0.1346794881592373
162,6,2,0.06798219977385173
162,6,3,0.04833705508530275
162,6,4,0.03593681111007782
162,6,5,0.030295993228535857
162,6,6,0.05953459330504516
162,6,7,0.09032657850003135
162,6,8,0.13641283327536197
162,6,9,0.19348146808475233
162,6,10,0.26511913641270535
162,6,11,0.30309649439237596
162,6,12,0.3253268276192664
162,6,13,0.31451533209974036
162,6,14,0.31845118654327653
162,6,15,0.3270969331090196
162,6,16,0.33760399817367837
162,6,17,0.32822973440679315
162,6,18,0.30474446512707404
162,6,19,0.2549660728181745
162,6,20,0.22451433611616367
162,6,21,0.20173484731201938
162,6,22,0.17159793586457214
162,6,23,0.11822456311928929
163,0,0,0.056722717955789044
163,0,1,0.027079712691153796
163,0,2,0.014595878886198727
163,0,3,0.008588889053620137
163,0,4,0.014888683961206408
163,0,5,0.037664804628162143
163,0,6,0.10973059410517581
163,0,7,0.22797401981049886
163,0,8,0.37401553646485475
163,0,9,0.34872418435508395
163,0,10,0.2629541283021471
163,0,11,0.2552524485959058
163,0,12,0.2773222113953974
163,0,13,0.29020501008488464
163,0,14,0.30132943782296223
163,0,15,0.341811298544738
163,0,16,0.36722367151433866
163,0,17,0.44894547846127303
163,0,18,0.42383541081032017
163,0,19,0.2955173693301825
163,0,20,0.22251355523250294
163,0,21,0.20762048424988522
163,0,22,0.17747783044014173
163,0,23,0.11655725383408391
163,1,0,0.05987780526757202
163,1,1,0.02615598349200592
163,1,2,0.01294462696168845
163,1,3,0.008070823419133667
163,1,4,0.014972918294897648
163,1,5,0.04586900449302385
163,1,6,0.1385252568686206
163,1,7,0.2760851178441114
163,1,8,0.46029547676437105
163,1,9,0.4248448899655027
163,1,10,0.3079315092865671
163,1,11,0.2850428796900818
163,1,12,0.3103720981620222
163,1,13,0.3117288669400034
163,1,14,0.32927814458541255
163,1,15,0.3649235493361833
163,1,16,0.3939080543407417
163,1,17,0.5169709808051965
163,1,18,0.4914394242470615
163,1,19,0.34655079039765624
163,1,20,0.24708177667573572
163,1,21,0.23460157651270544
163,1,22,0.21264055147409575
163,1,23,0.13579162921122123
163,2,0,0.06895196389919132
163,2,1,0.03127191339995882
163,2,2,0.015693268266845823
163,2,3,0.01011592349316931
163,2,4,0.016483146515919405
163,2,5,0.04312738038959485
163,2,6,0.13523737532259789
163,2,7,0.27543561199507005
163,2,8,0.4447837271654794
163,2,9,0.42629432026010783
163,2,10,0.3135319794722967
163,2,11,0.29918077817927463
163,2,12,0.3215810738626399
163,2,13,0.3189189322791875
163,2,14,0.3288150580098975
163,2,15,0.3599947827223125
163,2,16,0.3984614393940489
163,2,17,0.5106672966736173
163,2,18,0.4864600977234528
163,2,19,0.35748878294111014
163,2,20,0.2553655447284017
163,2,21,0.23721003095596263
163,2,22,0.2169796773204394
163,2,23,0.14960968873382408
163,3,0,0.07716380909736639
163,3,1,0.03620213413048991
163,3,2,0.020310278239746443
163,3,3,0.013108985638628655
163,3,4,0.01667887768402173
163,3,5,0.0426498508290075
163,3,6,0.13036533534860267
163,3,7,0.25479614026976494
163,3,8,0.42455740541302855
163,3,9,0.4176875195326056
163,3,10,0.3180163169426518
163,3,11,0.2948969131001035
163,3,12,0.3243372799643138
163,3,13,0.32445121542070476
163,3,14,0.3382091136566242
163,3,15,0.37712658460675874
163,3,16,0.40433694773114076
163,3,17,0.5035811174997185
163,3,18,0.4853767154193386
163,3,19,0.3618634820336083
163,3,20,0.25925641889960505
163,3,21,0.24367962990415773
163,3,22,0.22863481525948767
163,3,23,0.16236615152480954
163,4,0,0.09503522608228547
163,4,1,0.04951615901473523
163,4,2,0.028153450136655187
163,4,3,0.01744363531449558
163,4,4,0.01843258507272891
163,4,5,0.03547519555414909
163,4,6,0.10569727281061522
163,4,7,0.19332620944756945
163,4,8,0.3077997167758065
163,4,9,0.30127310485040554
163,4,10,0.27368711015405867
163,4,11,0.28158923667645575
163,4,12,0.3095761305184374
163,4,13,0.3270490549721057
163,4,14,0.34662312265164663
163,4,15,0.39306863934335273
163,4,16,0.41352060942920243
163,4,17,0.4524323408006891
163,4,18,0.4198910097227944
163,4,19,0.3708181850802356
163,4,20,0.2751630997743728
163,4,21,0.2539918441449192
163,4,22,0.2515268619038297
163,4,23,0.1954804757394687
163,5,0,0.1272904113590869
163,5,1,0.08145712437754972
163,5,2,0.05695598525777947
163,5,3,0.03814136343230556
163,5,4,0.028032812822601397
163,5,5,0.021695291281617124
163,5,6,0.04200050211424041
163,5,7,0.07261082307098049
163,5,8,0.1311701629619762
163,5,9,0.19515477095573708
163,5,10,0.2587701438268277
163,5,11,0.3133744829064379
163,5,12,0.350693223945842
163,5,13,0.3742731385689608
163,5,14,0.37924369915940126
163,5,15,0.4008599135120921
163,5,16,0.4143509325348987
163,5,17,0.4228564375751152
163,5,18,0.3899385143541545
163,5,19,0.3559472616252588
163,5,20,0.27312522193104616
163,5,21,0.24184146011609176
163,5,22,0.24114596888905918
163,5,23,0.20265984645618676
163,6,0,0.1323291567803358
163,6,1,0.08942745681352941
163,6,2,0.060965398884518365
163,6,3,0.042447510939588
163,6,4,0.03128930354084268
163,6,5,0.02077654681050371
163,6,6,0.037145418547461714
163,6,7,0.0571699266829688
163,6,8,0.09339425426069689
163,6,9,0.1474833359473076
163,6,10,0.21711120450451712
163,6,11,0.26480777250237214
163,6,12,0.30005476758288413
163,6,13,0.33816474021716675
163,6,14,0.3119128663171099
163,6,15,0.32068914335254595
163,6,16,0.3348894244472748
163,6,17,0.3167668749112928
163,6,18,0.2942465939238169
163,6,19,0.23544299909360117
163,6,20,0.19879431943020218
163,6,21,0.18332000121928077
163,6,22,0.1602139717824514
163,6,23,0.10516771010957333
164,0,0,0.08348885567492294
164,0,1,0.042653655456495625
164,0,2,0.024210227103723288
164,0,3,0.014264654838873438
164,0,4,0.014380744143363357
164,0,5,0.023927854672722702
164,0,6,0.06135878833869044
164,0,7,0.13113502193296547
164,0,8,0.2602640929198529
164,0,9,0.30121898790875556
164,0,10,0.23493407447163234
164,0,11,0.2400366051174603
164,0,12,0.2554274012528505
164,0,13,0.27099359195686396
164,0,14,0.29107875328366334
164,0,15,0.3456129975176495
164,0,16,0.42402014367471397
164,0,17,0.5763956074336494
164,0,18,0.5040956883895192
164,0,19,0.3677275201170092
164,0,20,0.2994707839084381
164,0,21,0.26969219739545397
164,0,22,0.2213255449401309
164,0,23,0.14600126324168225
164,1,0,0.08744124834798252
164,1,1,0.03931551071185527
164,1,2,0.021570332756334847
164,1,3,0.01207932759776222
164,1,4,0.01347357770422617
164,1,5,0.029835711469351704
164,1,6,0.07364436059184148
164,1,7,0.15863924133877177
164,1,8,0.34603773589440645
164,1,9,0.38481477857392454
164,1,10,0.28385397166243587
164,1,11,0.27207113565558766
164,1,12,0.29050902009867674
164,1,13,0.30347634224156794
164,1,14,0.3283630842265806
164,1,15,0.3864957449992539
164,1,16,0.47905711389183914
164,1,17,0.6313750534780965
164,1,18,0.6029617098399084
164,1,19,0.42080254825511954
164,1,20,0.3406531115255345
164,1,21,0.30969057350907325
164,1,22,0.2634183307231953
164,1,23,0.17068346807051937
164,2,0,0.10121430748984002
164,2,1,0.048397890547319224
164,2,2,0.02626729350409246
164,2,3,0.01651644468860061
164,2,4,0.016219531843394034
164,2,5,0.030964858694689415
164,2,6,0.0721759367198987
164,2,7,0.16106976169672563
164,2,8,0.3424973554176124
164,2,9,0.38736728253465597
164,2,10,0.2900182376339178
164,2,11,0.27672449334412114
164,2,12,0.3004266162722429
164,2,13,0.31109563302957843
164,2,14,0.33505596294411255
164,2,15,0.38669867928440627
164,2,16,0.4820125652394848
164,2,17,0.6302707953629957
164,2,18,0.6032009157972349
164,2,19,0.4411745790938896
164,2,20,0.3593517615912253
164,2,21,0.3257438906406571
164,2,22,0.2808031442846346
164,2,23,0.19455892060246113
164,3,0,0.11953940906501563
164,3,1,0.05817670971012671
164,3,2,0.0328210982226628
164,3,3,0.020201937022350958
164,3,4,0.018519049724581793
164,3,5,0.03040878114264554
164,3,6,0.07334893175482175
164,3,7,0.15564280148041224
164,3,8,0.3212733073718522
164,3,9,0.37387911182675193
164,3,10,0.28416076262953
164,3,11,0.27853640214037734
164,3,12,0.29830465159862274
164,3,13,0.3138392336662809
164,3,14,0.3389537843553381
164,3,15,0.3968068943903409
164,3,16,0.4759929583724539
164,3,17,0.624510993986048
164,3,18,0.585598991517636
164,3,19,0.4448286407248438
164,3,20,0.36503202829496767
164,3,21,0.33154747449753763
164,3,22,0.3004088693557692
164,3,23,0.2314421681018812
164,4,0,0.1549324149220793
164,4,1,0.08456942683203413
164,4,2,0.04725365461175465
164,4,3,0.029842590825077463
164,4,4,0.024123668062209544
164,4,5,0.028214609967058095
164,4,6,0.06317683765812218
164,4,7,0.1245703879576173
164,4,8,0.21944799862841327
164,4,9,0.272496718956454
164,4,10,0.2521781080392573
164,4,11,0.26767743557149337
164,4,12,0.300591734696412
164,4,13,0.3172607031539065
164,4,14,0.34440729893193345
164,4,15,0.4055722632204212
164,4,16,0.4632052761287791
164,4,17,0.541959723018447
164,4,18,0.501016071722625
164,4,19,0.4468433477589202
164,4,20,0.39568339659325186
164,4,21,0.35794784971983945
164,4,22,0.3514924993580516
164,4,23,0.3046434595436643
164,5,0,0.22927931409087712
164,5,1,0.15835990331887018
164,5,2,0.11606706331709361
164,5,3,0.07931053181871846
164,5,4,0.04979307645608359
164,5,5,0.026438653451994608
164,5,6,0.0347594370378898
164,5,7,0.056210719295347766
164,5,8,0.08703457992834777
164,5,9,0.15059439123105647
164,5,10,0.20680188782089143
164,5,11,0.2536313992407345
164,5,12,0.29096555287639514
164,5,13,0.3026501222619016
164,5,14,0.31917157154193077
164,5,15,0.3528555845477859
164,5,16,0.38763470625166896
164,5,17,0.42425181515476035
164,5,18,0.4225611883544655
164,5,19,0.4096896671590139
164,5,20,0.38119208593371867
164,5,21,0.3460212980387154
164,5,22,0.34881266774295
164,5,23,0.32061377214136094
164,6,0,0.23170256778177942
164,6,1,0.16900586002047355
164,6,2,0.12068710363178098
164,6,3,0.08847431496609443
164,6,4,0.05880231895482385
164,6,5,0.027953028945074686
164,6,6,0.029473003201724322
164,6,7,0.04432771763688256
164,6,8,0.06864552392309049
164,6,9,0.12276476674937847
164,6,10,0.17160184245534063
164,6,11,0.21247319076204957
164,6,12,0.23556992849738853
164,6,13,0.24689934098617125
164,6,14,0.25758024496118775
164,6,15,0.27703394642719437
164,6,16,0.3007637980633511
164,6,17,0.3193499569294287
164,6,18,0.3162707105116629
164,6,19,0.2746855157351791
164,6,20,0.24167963994598346
164,6,21,0.2271274497044494
164,6,22,0.20162029701884748
164,6,23,0.13969970727997555
166,0,0,0.05267786843397575
166,0,1,0.028344966198296382
166,0,2,0.016625316108790436
166,0,3,0.010715389271925037
166,0,4,0.012137092886786015
166,0,5,0.025892708188733883
166,0,6,0.07280093333848549
166,0,7,0.13815806810821335
166,0,8,0.2283161272587104
166,0,9,0.21272926381162113
166,0,10,0.1754517682458408
166,0,11,0.15800060080701886
166,0,12,0.16346268332096425
166,0,13,0.17401969548666313
166,0,14,0.19027725319820749
166,0,15,0.20397731194512167
166,0,16,0.22817217411113347
166,0,17,0.2546207029011805
166,0,18,0.21407486901581846
166,0,19,0.16311915855729564
166,0,20,0.1314629775509882
166,0,21,0.1139999430998972
166,0,22,0.09385486828494287
166,0,23,0.0727675657352053
166,1,0,0.044622345162720706
166,1,1,0.022848425419117514
166,1,2,0.01504632829626512
166,1,3,0.00991725561216695
166,1,4,0.011868824870060636
166,1,5,0.0316562759400708
166,1,6,0.08221093989932092
166,1,7,0.1551511634878495
166,1,8,0.2700558582067581
166,1,9,0.25119120846222637
166,1,10,0.20358625253293525
166,1,11,0.17166853667226314
166,1,12,0.1800422241610147
166,1,13,0.1851829981603028
166,1,14,0.20240026053674093
166,1,15,0.22364157643424623
166,1,16,0.2516175732976438
166,1,17,0.2920410395424957
166,1,18,0.24366297322725722
166,1,19,0.17980931483302598
166,1,20,0.14642382248904567
166,1,21,0.12619847288175895
166,1,22,0.10545423249550094
166,1,23,0.08185825354372006
166,2,0,0.048666211177166484
166,2,1,0.026630715012679385
166,2,2,0.018592181279551163
166,2,3,0.011173358773878183
166,2,4,0.01225799502531309
166,2,5,0.02872717248727039
166,2,6,0.07914740802609198
166,2,7,0.15602638578211211
166,2,8,0.27905797472029004
166,2,9,0.26069508516955203
166,2,10,0.20341513865823013
166,2,11,0.17703483724897007
166,2,12,0.18894202624259201
166,2,13,0.19448843026751164
166,2,14,0.2049004868304499
166,2,15,0.22379442162252167
166,2,16,0.25031118173761274
166,2,17,0.28784305984275543
166,2,18,0.24170396707684394
166,2,19,0.18234451441138538
166,2,20,0.14681296725979692
166,2,21,0.1328556885011492
166,2,22,0.11080373520799204
166,2,23,0.08788614583419008
166,3,0,0.054260439509696945
166,3,1,0.03096763791215973
166,3,2,0.021654951629801373
166,3,3,0.014553480166966693
166,3,4,0.014454985730195106
166,3,5,0.03342619934938522
166,3,6,0.07839886650136386
166,3,7,0.15130939630203313
166,3,8,0.2632982954458484
166,3,9,0.24446718203847248
166,3,10,0.2039654789374654
166,3,11,0.17744296693471168
166,3,12,0.18653033664266205
166,3,13,0.1895375904087298
166,3,14,0.2088173198253545
166,3,15,0.22902676882573308
166,3,16,0.25161220302015863
166,3,17,0.28507737390657023
166,3,18,0.24183084768979204
166,3,19,0.1832878580211688
166,3,20,0.15180207828770356
166,3,21,0.13455096904536465
166,3,22,0.12041539414225678
166,3,23,0.09653668871696745
166,4,0,0.06904963382975846
166,4,1,0.05412653039525553
166,4,2,0.04136764757212199
166,4,3,0.023986992750216752
166,4,4,0.018863748104294926
166,4,5,0.032646499810250744
166,4,6,0.0785910382951914
166,4,7,0.14360985930168046
166,4,8,0.23007302730895993
166,4,9,0.2168370301909158
166,4,10,0.18368367805242294
166,4,11,0.17094985916023417
166,4,12,0.179515723371699
166,4,13,0.18868889383674664
166,4,14,0.19982205123999092
166,4,15,0.2256018146645139
166,4,16,0.23111520426412563
166,4,17,0.25094450416791925
166,4,18,0.2171915340387561
166,4,19,0.17695037081309944
166,4,20,0.141230556901413
166,4,21,0.13255029157959627
166,4,22,0.12749802530840162
166,4,23,0.11197891898267708
166,5,0,0.09041599301283491
166,5,1,0.07560453377184462
166,5,2,0.06837653563071393
166,5,3,0.051556207331943646
166,5,4,0.03522392566827992
166,5,5,0.02515911071564147
166,5,6,0.04768968946738158
166,5,7,0.06572198920973366
166,5,8,0.09589104174644586
166,5,9,0.13009331060378704
166,5,10,0.14530822139985103
166,5,11,0.16218400287114576
166,5,12,0.17341084875364132
166,5,13,0.17751536476103624
166,5,14,0.17950848484214663
166,5,15,0.18101937632548085
166,5,16,0.17971300544868865
166,5,17,0.17716464984970717
166,5,18,0.17476418587639966
166,5,19,0.15860704606721113
166,5,20,0.13362431231555486
166,5,21,0.12647431434676495
166,5,22,0.12003307116302855
166,5,23,0.11351171048642068
166,6,0,0.09366996542883009
166,6,1,0.0810509987854428
166,6,2,0.06680475487684823
166,6,3,0.05382160292011408
166,6,4,0.03532085377363319
166,6,5,0.023451607303499204
166,6,6,0.04432565278125223
166,6,7,0.057861314871918625
166,6,8,0.08001069928023288
166,6,9,0.10281351793429472
166,6,10,0.14499646168934233
166,6,11,0.14184795857717128
166,6,12,0.15402877806157733
166,6,13,0.1566509207678684
166,6,14,0.16163030223715094
166,6,15,0.16287715490242186
166,6,16,0.1584795556701129
166,6,17,0.15025495494764454
166,6,18,0.14609121045271095
166,6,19,0.12811493005931143
166,6,20,0.10778419717353777
166,6,21,0.10336808977665775
166,6,22,0.09394588724007388
166,6,23,0.08067996381518602
170,0,0,0.1252770714989439
170,0,1,0.0639948773732848
170,0,2,0.030574900133729502
170,0,3,0.01997255098003913
170,0,4,0.03010965781913566
170,0,5,0.06880228561425328
170,0,6,0.18146121152543404
170,0,7,0.3987012779302571
170,0,8,0.6686215400326444
170,0,9,0.6759766148289593
170,0,10,0.4487946250088091
170,0,11,0.39831160299193774
170,0,12,0.400102200417145
170,0,13,0.42642050635810386
170,0,14,0.43646599685440934
170,0,15,0.45168487832616167
170,0,16,0.5046219246747239
170,0,17,0.6462348701897969
170,0,18,0.5919731318444766
170,0,19,0.4584447424731007
170,0,20,0.4215442272189512
170,0,21,0.3927335107551871
170,0,22,0.31689771952504
170,0,23,0.2089187152927599
170,1,0,0.12500614479083003
170,1,1,0.0629978015302987
170,1,2,0.03138638029132456
170,1,3,0.018690633655033456
170,1,4,0.03310363319049054
170,1,5,0.08279515067847538
170,1,6,0.2121783079160734
170,1,7,0.49587171841072936
170,1,8,0.8139113284794101
170,1,9,0.8477742827981118
170,1,10,0.5535913821968885
170,1,11,0.4711152473754172
170,1,12,0.4746011954570051
170,1,13,0.49047547099393807
170,1,14,0.48839566043704397
170,1,15,0.5012515572084953
170,1,16,0.5730698344114906
170,1,17,0.754877741976719
170,1,18,0.7049561227083352
170,1,19,0.5358856356203625
170,1,20,0.49252162616564205
170,1,21,0.47514011849231563
170,1,22,0.4055780213252553
170,1,23,0.2671936966977596
170,2,0,0.15369178965466548
170,2,1,0.0814277681551712
170,2,2,0.043419770098665274
170,2,3,0.027147680669604535
170,2,4,0.03909618774955419
170,2,5,0.07435820292520832
170,2,6,0.21175745553414638
170,2,7,0.4770411942050208
170,2,8,0.7936743066029034
170,2,9,0.8375617827015978
170,2,10,0.5639533138107986
170,2,11,0.48659353173837994
170,2,12,0.4961470199983283
170,2,13,0.5065370694469261
170,2,14,0.5218615169984672
170,2,15,0.5358698521058747
170,2,16,0.592661877880155
170,2,17,0.752868120546633
170,2,18,0.7032653632932244
170,2,19,0.5615819504802502
170,2,20,0.5172273943335245
170,2,21,0.5050512245080616
170,2,22,0.4407638414810575
170,2,23,0.3091821100194109
170,3,0,0.1808908590460261
170,3,1,0.09738698761657416
170,3,2,0.051827777752568825
170,3,3,0.03236630346464538
170,3,4,0.03814928773899237
170,3,5,0.07529341976782504
170,3,6,0.20454082635381635
170,3,7,0.46731881966582356
170,3,8,0.7675653942230304
170,3,9,0.8063293981760014
170,3,10,0.56205673946979
170,3,11,0.48030202194901506
170,3,12,0.4920470288033143
170,3,13,0.50078427437196
170,3,14,0.5148911990630977
170,3,15,0.5335435029661131
170,3,16,0.5969259460377092
170,3,17,0.7407385692611028
170,3,18,0.7057211127730536
170,3,19,0.5748805646573053
170,3,20,0.5255318755731012
170,3,21,0.5069112390761199
170,3,22,0.4726097910408876
170,3,23,0.3754377832131627
170,4,0,0.24644471297864315
170,4,1,0.14587680220644048
170,4,2,0.07828576865164004
170,4,3,0.0461172842719731
170,4,4,0.044191481765681107
170,4,5,0.0753167632277679
170,4,6,0.1759437947111911
170,4,7,0.3560390220426436
170,4,8,0.5912357188814759
170,4,9,0.6304129196279057
170,4,10,0.47359566334465186
170,4,11,0.4452488010848444
170,4,12,0.4538994394034232
170,4,13,0.47459383978664477
170,4,14,0.5046980553870031
170,4,15,0.5387175385798268
170,4,16,0.5789263005394806
170,4,17,0.6509592503514567
170,4,18,0.6158026721205794
170,4,19,0.5420109813513742
170,4,20,0.48099092744533856
170,4,21,0.455102427864172
170,4,22,0.48044450144401846
170,4,23,0.45117223533876477
170,5,0,0.4076135230491639
170,5,1,0.3818682413463044
170,5,2,0.27517367145190225
170,5,3,0.16816738406137102
170,5,4,0.0916888946101308
170,5,5,0.050752464332840724
170,5,6,0.0772124008426494
170,5,7,0.1288476014887487
170,5,8,0.22106445355380522
170,5,9,0.29756260072939755
170,5,10,0.381305202896979
170,5,11,0.4335138111989261
170,5,12,0.45248259606958746
170,5,13,0.4628728254075223
170,5,14,0.47186491768065486
170,5,15,0.4940786273879974
170,5,16,0.5083099149378464
170,5,17,0.5213188411293984
170,5,18,0.532067428252018
170,5,19,0.5175861133253148
170,5,20,0.49478919071420585
170,5,21,0.4780095565318728
170,5,22,0.5029755502756125
170,5,23,0.4832549151182418
170,6,0,0.4300104645225609
170,6,1,0.39852684319917203
170,6,2,0.2643312181319512
170,6,3,0.17762495841911283
170,6,4,0.10258978602130647
170,6,5,0.05020718794431362
170,6,6,0.05917151534902822
170,6,7,0.10510697015574222
170,6,8,0.16006459119796898
170,6,9,0.22963232666159042
170,6,10,0.31935158275857106
170,6,11,0.37298500301586457
170,6,12,0.3881564260885794
170,6,13,0.4051475742608726
170,6,14,0.4136135945205989
170,6,15,0.4255031633895716
170,6,16,0.43383958498701475
170,6,17,0.431977855974635
170,6,18,0.43242122692441926
170,6,19,0.3825927166984371
170,6,20,0.3594865720605812
170,6,21,0.33553584363308037
170,6,22,0.2922816607785663
170,6,23,0.20627429850130172
186,0,0,0.09490285430048888
186,0,1,0.04456347251187968
186,0,2,0.026242177670189288
186,0,3,0.023493741192962905
186,0,4,0.04170699302396568
186,0,5,0.0902302349970438
186,0,6,0.1852090519948164
186,0,7,0.354173016709029
186,0,8,0.48625948807124547
186,0,9,0.44541161810763924
186,0,10,0.3307261145716316
186,0,11,0.31751127822642433
186,0,12,0.32906498818727903
186,0,13,0.3622034311281549
186,0,14,0.406424769607733
186,0,15,0.47755521696978587
186,0,16,0.5935776037476952
186,0,17,0.6716619568357747
186,0,18,0.6469636822186002
186,0,19,0.47622470688471213
186,0,20,0.3621514721972016
186,0,21,0.3158919653870749
186,0,22,0.25712795659651516
186,0,23,0.1646934251073729
186,1,0,0.0906107203594393
186,1,1,0.03951146464127965
186,1,2,0.02190027276960007
186,1,3,0.018378073910881053
186,1,4,0.03674396010322792
186,1,5,0.09223552026213856
186,1,6,0.21463721791697957
186,1,7,0.4173877756449236
186,1,8,0.5629833811108403
186,1,9,0.551391638201104
186,1,10,0.3635044704671396
186,1,11,0.3321339523139347
186,1,12,0.3529109163242539
186,1,13,0.3893001311890679
186,1,14,0.44043307686724675
186,1,15,0.5266191274177845
186,1,16,0.6699808097586175
186,1,17,0.7527690223364826
186,1,18,0.712616556818134
186,1,19,0.5521297005713764
186,1,20,0.43772435475283394
186,1,21,0.3807694845661693
186,1,22,0.30948069879663287
186,1,23,0.19596087218463606
186,2,0,0.10683452641412738
186,2,1,0.048821282104737615
186,2,2,0.027168018000550385
186,2,3,0.02226069843432956
186,2,4,0.04127418549892286
186,2,5,0.09491417529368437
186,2,6,0.21014582160538717
186,2,7,0.412626447497347
186,2,8,0.560363240616805
186,2,9,0.5494404716949565
186,2,10,0.37764384594986367
186,2,11,0.35259025182891107
186,2,12,0.37033817860159995
186,2,13,0.4086181045123089
186,2,14,0.46131121922877066
186,2,15,0.5513221705300442
186,2,16,0.6945325137506035
186,2,17,0.7620305074874
186,2,18,0.7089180753535101
186,2,19,0.5849516773231852
186,2,20,0.46161317184745443
186,2,21,0.3962961364314879
186,2,22,0.3367335985211691
186,2,23,0.224353043516565
186,3,0,0.12366420888518417
186,3,1,0.05637010901032683
186,3,2,0.03520553823826659
186,3,3,0.02758104578854348
186,3,4,0.0477805053201474
186,3,5,0.09836058108324859
186,3,6,0.2096350943908082
186,3,7,0.3952009379893766
186,3,8,0.5466592109680929
186,3,9,0.5360780953881076
186,3,10,0.38184381346868673
186,3,11,0.36214477723669775
186,3,12,0.3836979567971989
186,3,13,0.4149743980015826
186,3,14,0.4798600316729065
186,3,15,0.56554619543845
186,3,16,0.6909959748452833
186,3,17,0.7579310452262833
186,3,18,0.7082419079650416
186,3,19,0.5872341036237502
186,3,20,0.48241063265642653
186,3,21,0.4163376009450161
186,3,22,0.3623791809963259
186,3,23,0.2568165718826295
186,4,0,0.16153604471745783
186,4,1,0.07636075128668487
186,4,2,0.04594029794633897
186,4,3,0.038296479293297214
186,4,4,0.059202093510601336
186,4,5,0.10669518625946886
186,4,6,0.18936836491371692
186,4,7,0.3267597089813165
186,4,8,0.405132604125479
186,4,9,0.4110624487718932
186,4,10,0.3618763755136955
186,4,11,0.3682662981892189
186,4,12,0.40346805729990554
186,4,13,0.44699852731742035
186,4,14,0.511368471860274
186,4,15,0.6004904555124428
186,4,16,0.6710386268309829
186,4,17,0.7026267121133611
186,4,18,0.6731883822098234
186,4,19,0.5584712790549272
186,4,20,0.4292574355509877
186,4,21,0.382804167385565
186,4,22,0.404487906472874
186,4,23,0.34360011485977676
186,5,0,0.26359386121566947
186,5,1,0.1626332140144301
186,5,2,0.11372400511327443
186,5,3,0.07888771703383118
186,5,4,0.0631873889402423
186,5,5,0.06447284007775762
186,5,6,0.10959396807855307
186,5,7,0.153077892120765
186,5,8,0.21961289502598014
186,5,9,0.30444802839949076
186,5,10,0.3552947491825847
186,5,11,0.4088002964794189
186,5,12,0.4283680167574215
186,5,13,0.4403644586019679
186,5,14,0.4587535648667742
186,5,15,0.4970453774335355
186,5,16,0.538155316269929
186,5,17,0.5482841770444147
186,5,18,0.5492011744651889
186,5,19,0.5249352339443305
186,5,20,0.4332216496429871
186,5,21,0.3846190690314483
186,5,22,0.39823426008854995
186,5,23,0.3580089137114407
186,6,0,0.2863300983228525
186,6,1,0.18634897580004922
186,6,2,0.12289784426560486
186,6,3,0.0857080798873691
186,6,4,0.06641260483504352
186,6,5,0.05996847315285693
186,6,6,0.0951833964419536
186,6,7,0.1323846943514106
186,6,8,0.19445372381111375
186,6,9,0.27144492737398623
186,6,10,0.3293818973265691
186,6,11,0.38370483334110816
186,6,12,0.40323142953200225
186,6,13,0.4102370471520837
186,6,14,0.4198959805420446
186,6,15,0.43113492043876844
186,6,16,0.45587135175055465
186,6,17,0.4732967379975819
186,6,18,0.4482799716158437
186,6,19,0.38219525416587696
186,6,20,0.3149031217212408
186,6,21,0.2836269821907026
186,6,22,0.2360856021528414
186,6,23,0.16374785885034887
194,0,0,0.0016033749633949114
194,0,1,0.0011446965923008231
194,0,2,0.0004806610691205435
194,0,3,0.00039214643224156807
194,0,4,0.0006594081057154188
194,0,5,0.00689704154596331
194,0,6,0.011314332554834104
194,0,7,0.015066650661003152
194,0,8,0.017305526711037227
194,0,9,0.014084062322935553
194,0,10,0.0064659253723311745
194,0,11,0.006154570093112625
194,0,12,0.007711200158559967
194,0,13,0.007059413746229563
194,0,14,0.010169937870033853
194,0,15,0.019462313382898357
194,0,16,0.01989825372853276
194,0,17,0.02021155975530235
194,0,18,0.017896619022392306
194,0,19,0.02033552915440657
194,0,20,0.008712925304492223
194,0,21,0.003874834696794181
194,0,22,0.003602638248006829
194,0,23,0.004671321714314321
194,1,0,0.001311593426159048
194,1,1,0.0010710966157663536
194,1,2,0.00046739580716569415
194,1,3,0.00021802041446972173
194,1,4,0.0008626187423398956
194,1,5,0.008664493332237332
194,1,6,0.013262858928973274
194,1,7,0.016982344457402706
194,1,8,0.019811388116055515
194,1,9,0.016364005917313216
194,1,10,0.007649290441274577
194,1,11,0.005824696560417553
194,1,12,0.007186889177435964
194,1,13,0.006812861957084076
194,1,14,0.010337209194149133
194,1,15,0.020592511655545903
194,1,16,0.019910999294263963
194,1,17,0.02424982930270629
194,1,18,0.02676441042971119
194,1,19,0.018219979531292556
194,1,20,0.01217245827990889
194,1,21,0.004354979918129268
194,1,22,0.0042471589059916385
194,1,23,0.004543874375780529
194,2,0,0.0018207000219477144
194,2,1,0.001395625436270733
194,2,2,0.00036940045569716146
194,2,3,0.0002702801534489114
194,2,4,0.0005811479088410229
194,2,5,0.007780875481208056
194,2,6,0.015276273348166771
194,2,7,0.017972297665687656
194,2,8,0.02057810067178027
194,2,9,0.017555018326151587
194,2,10,0.009316402440463714
194,2,11,0.006718279136687146
194,2,12,0.008417115718185673
194,2,13,0.007191820585594301
194,2,14,0.012149189666492435
194,2,15,0.021964314944630994
194,2,16,0.02124559980313032
194,2,17,0.0224498985244293
194,2,18,0.0227979622634188
194,2,19,0.022171054058484473
194,2,20,0.013013160828758238
194,2,21,0.004573777316406653
194,2,22,0.003043646772029671
194,2,23,0.005014006884764019
194,3,0,0.0019089326959846413
194,3,1,0.0012483900496256344
194,3,2,0.0005134414991764272
194,3,3,0.00024712194340440575
194,3,4,0.0006012602350692157
194,3,5,0.005818406352009352
194,3,6,0.014891773950148589
194,3,7,0.01739708661661658
194,3,8,0.021494935246280107
194,3,9,0.01731409135452185
194,3,10,0.008937615713291472
194,3,11,0.007230151718313758
194,3,12,0.008476454973300237
194,3,13,0.0072688609579093545
194,3,14,0.011293185605196737
194,3,15,0.02035405364036163
194,3,16,0.019663243950127585
194,3,17,0.021932074830369287
194,3,18,0.0291300427998226
194,3,19,0.023185741537648755
194,3,20,0.012633139117174943
194,3,21,0.005162772497723147
194,3,22,0.0044332555191027145
194,3,23,0.004767683102911841
194,4,0,0.0018199745840348173
194,4,1,0.0011390671370385406
194,4,2,0.0006612163652884652
194,4,3,0.0003167077713214058
194,4,4,0.0004766184720806072
194,4,5,0.00793619147857103
194,4,6,0.014761208143660621
194,4,7,0.015868997854491928
194,4,8,0.019442345602609816
194,4,9,0.015818603182909396
194,4,10,0.008956908771704327
194,4,11,0.0080968890000914
194,4,12,0.00980650862098333
194,4,13,0.010056591633760471
194,4,14,0.014033313563884377
194,4,15,0.019379012338413843
194,4,16,0.021301363688183826
194,4,17,0.02107805776090769
194,4,18,0.02272661385813005
194,4,19,0.021206461604089274
194,4,20,0.009080341920665739
194,4,21,0.004690558220776423
194,4,22,0.005272661388166838
194,4,23,0.005833797112425115
194,5,0,0.0023168046239490435
194,5,1,0.0017264786839747
194,5,2,0.000991097546531971
194,5,3,0.00034935079177995796
194,5,4,0.00036254359362967683
194,5,5,0.0035938856041669016
194,5,6,0.014913823984457564
194,5,7,0.027599018260055504
194,5,8,0.03710002735991949
194,5,9,0.03399420871549594
194,5,10,0.03047629308771685
194,5,11,0.03440598207346594
194,5,12,0.03169951099405814
194,5,13,0.03147953535512403
194,5,14,0.03490155370785944
194,5,15,0.03830647199065333
194,5,16,0.030370485804996284
194,5,17,0.03145418340173918
194,5,18,0.030989724729353546
194,5,19,0.017197803752382997
194,5,20,0.008425269250257793
194,5,21,0.004491177367335853
194,5,22,0.004166365329016584
194,5,23,0.005875101758638938
194,6,0,0.0021884165293296755
194,6,1,0.0017693036878519697
194,6,2,0.0005455751107142044
194,6,3,0.0005009719328893566
194,6,4,0.0003102063239344348
194,6,5,0.0027558316495490307
194,6,6,0.011791785422656222
194,6,7,0.024434628972396923
194,6,8,0.027884964826675192
194,6,9,0.03016341177654791
194,6,10,0.02391874698508605
194,6,11,0.027285777643895837
194,6,12,0.031344620316079576
194,6,13,0.028145138959443948
194,6,14,0.026073349640416184
194,6,15,0.03563526060996538
194,6,16,0.03192327812806463
194,6,17,0.025486551913432832
194,6,18,0.01700833714928249
194,6,19,0.014352812585067293
194,6,20,0.006317329466418042
194,6,21,0.0034715745554802177
194,6,22,0.004069243794982298
194,6,23,0.005257549897994256
202,0,0,0.010301060376659692
202,0,1,0.00565761462468692
202,0,2,0.003075430544231642
202,0,3,0.001851254791892382
202,0,4,0.001710361607566936
202,0,5,0.0027036900190888593
202,0,6,0.01015955579700609
202,0,7,0.029779150985187675
202,0,8,0.04079327308290143
202,0,9,0.031858903918927504
202,0,10,0.0258517635427472
202,0,11,0.026045082921674182
202,0,12,0.027191059787536977
202,0,13,0.02876360579752904
202,0,14,0.03443604512346972
202,0,15,0.037331353924769946
202,0,16,0.040887315192247614
202,0,17,0.045056577723454484
202,0,18,0.04012779113401232
202,0,19,0.03343563639213473
202,0,20,0.029080843123890466
202,0,21,0.021133575806055585
202,0,22,0.018554181766645687
202,0,23,0.014794890370912682
202,1,0,0.010025885396136205
202,1,1,0.005316614948059156
202,1,2,0.00247944821797778
202,1,3,0.001547698195759394
202,1,4,0.001233312332448613
202,1,5,0.0029213229123558277
202,1,6,0.011071443203191637
202,1,7,0.03374724566780056
202,1,8,0.048189669467699224
202,1,9,0.03546711454740241
202,1,10,0.026444583013387677
202,1,11,0.02642868152137082
202,1,12,0.027814863134486795
202,1,13,0.029250239207754283
202,1,14,0.03350479117833993
202,1,15,0.03743668882902581
202,1,16,0.0402866962764575
202,1,17,0.045236058245445486
202,1,18,0.042415907843033916
202,1,19,0.035019454601986466
202,1,20,0.03095809123887457
202,1,21,0.023674386921529567
202,1,22,0.019580745355427157
202,1,23,0.01602156506015015
202,2,0,0.010271445134256204
202,2,1,0.0062909592253326445
202,2,2,0.003348701363299146
202,2,3,0.002087611843794146
202,2,4,0.0016278220163541259
202,2,5,0.0025206530286662684
202,2,6,0.010582348987019485
202,2,7,0.03212754915238433
202,2,8,0.046541473523404736
202,2,9,0.03586833541815911
202,2,10,0.027368748053288695
202,2,11,0.026934081696092068
202,2,12,0.027907443215687906
202,2,13,0.028671775165475016
202,2,14,0.032867569362403974
202,2,15,0.03698036940916187
202,2,16,0.04141316596696561
202,2,17,0.046226949301325475
202,2,18,0.04265540056918718
202,2,19,0.03517819976607528
202,2,20,0.03173304082013965
202,2,21,0.024209063910444514
202,2,22,0.020450167198203494
202,2,23,0.017541354735183295
202,3,0,0.011376417780745463
202,3,1,0.006216750132138857
202,3,2,0.0035419119903432696
202,3,3,0.00208165714709398
202,3,4,0.0016759444411651686
202,3,5,0.0029371911807216555
202,3,6,0.01045877039694357
202,3,7,0.030991311077368414
202,3,8,0.045505214927885174
202,3,9,0.0351479129802421
202,3,10,0.026784699056873824
202,3,11,0.026826033421068814
202,3,12,0.02851929764383176
202,3,13,0.030438538084007455
202,3,14,0.034810058298659886
202,3,15,0.037246501988688244
202,3,16,0.042620539288693485
202,3,17,0.04428012011404801
202,3,18,0.04402799966638326
202,3,19,0.036510130079157654
202,3,20,0.030010389469150817
202,3,21,0.024994330146061644
202,3,22,0.022528156957015766
202,3,23,0.019878323408497694
202,4,0,0.013091562914257383
202,4,1,0.008073403960044008
202,4,2,0.004831098286217109
202,4,3,0.002817725369133265
202,4,4,0.002421131711078413
202,4,5,0.0028817357683178506
202,4,6,0.010473175750073517
202,4,7,0.0295728704606021
202,4,8,0.040271754999699746
202,4,9,0.03253032456853331
202,4,10,0.027383495376799707
202,4,11,0.029316724424713857
202,4,12,0.033865588327506684
202,4,13,0.035056559164002216
202,4,14,0.041539619972552455
202,4,15,0.04430341974080696
202,4,16,0.04975596129477649
202,4,17,0.053051564753069505
202,4,18,0.04808942222760338
202,4,19,0.04419307922980818
202,4,20,0.03431904473773486
202,4,21,0.028170526773099096
202,4,22,0.027266375104822344
202,4,23,0.02413787804487989
202,5,0,0.019022735809691504
202,5,1,0.01382352942999856
202,5,2,0.01057020687183658
202,5,3,0.008144856622897042
202,5,4,0.006806336493913845
202,5,5,0.0035309091011363593
202,5,6,0.0076875056167357994
202,5,7,0.01592702537456086
202,5,8,0.01987549843261082
202,5,9,0.025049385487745553
202,5,10,0.033772089470585125
202,5,11,0.043140982116110706
202,5,12,0.0487091075495409
202,5,13,0.05149293477732564
202,5,14,0.05621793321442726
202,5,15,0.0604610689283837
202,5,16,0.06281476040521913
202,5,17,0.05963632429586566
202,5,18,0.05190471875427924
202,5,19,0.044453222561783856
202,5,20,0.035339019327010626
202,5,21,0.027583344169141683
202,5,22,0.025213669433367326
202,5,23,0.024597590250985624
202,6,0,0.01849048760991002
202,6,1,0.015134733661502097
202,6,2,0.01111769065063714
202,6,3,0.008489291247805036
202,6,4,0.006868570123977998
202,6,5,0.004222931938922568
202,6,6,0.005932443523778909
202,6,7,0.013433047091421728
202,6,8,0.015732111937448306
202,6,9,0.022075455665394515
202,6,10,0.02929019052145866
202,6,11,0.03711826972793527
202,6,12,0.04152766148862413
202,6,13,0.04581776258127918
202,6,14,0.04713326469440472
202,6,15,0.05309420429641284
202,6,16,0.05323933274177287
202,6,17,0.04830189164803156
202,6,18,0.04503215109356945
202,6,19,0.036295768890643974
202,6,20,0.0304980847601445
202,6,21,0.023398299952743912
202,6,22,0.019312687639935756
202,6,23,0.016257367169348114
209,0,0,0.02390621070850686
209,0,1,0.012778591835321837
209,0,2,0.006696182975625252
209,0,3,0.004524545325509958
209,0,4,0.00454949216369309
209,0,5,0.0060246962355082955
209,0,6,0.021620345516163667
209,0,7,0.03968882845206387
209,0,8,0.07166807586702584
209,0,9,0.07428225716886828
209,0,10,0.05685117021822069
209,0,11,0.045069187614395066
209,0,12,0.05063725913241863
209,0,13,0.06006914541821255
209,0,14,0.061032225473993486
209,0,15,0.060977621148314266
209,0,16,0.06115870668961398
209,0,17,0.07617995548669068
209,0,18,0.088450774221651
209,0,19,0.07644127380493308
209,0,20,0.06709805525062999
209,0,21,0.06336533399690175
209,0,22,0.055357912010628466
209,0,23,0.03787650121014944
209,1,0,0.022450464114024276
209,1,1,0.012302346225658465
209,1,2,0.005536499080445173
209,1,3,0.0036851726638288114
209,1,4,0.003920902167682381
209,1,5,0.00742190337930528
209,1,6,0.022443074982680174
209,1,7,0.04435433060385224
209,1,8,0.084727137973635
209,1,9,0.08320369679009516
209,1,10,0.06473894741597012
209,1,11,0.049417545418390545
209,1,12,0.05606003619265814
209,1,13,0.05891339848873944
209,1,14,0.06213534713349542
209,1,15,0.06132253990127905
209,1,16,0.06064972141286837
209,1,17,0.08334570531114022
209,1,18,0.10141138631895288
209,1,19,0.08609022054465816
209,1,20,0.07550432829737147
209,1,21,0.07616383051688334
209,1,22,0.07018708495982273
209,1,23,0.0490217516311245
209,2,0,0.027432968619370605
209,2,1,0.01395006595149841
209,2,2,0.00862217915539469
209,2,3,0.0045791491365318
209,2,4,0.004785368385252377
209,2,5,0.007412107927221602
209,2,6,0.02443791223582906
209,2,7,0.04479820452335718
209,2,8,0.08201478981833248
209,2,9,0.08380950579796187
209,2,10,0.062036088444216375
209,2,11,0.04960411511723439
209,2,12,0.05464957894787989
209,2,13,0.06278116780888261
209,2,14,0.06275913145900315
209,2,15,0.06266997908280354
209,2,16,0.06290708035300113
209,2,17,0.08383662544949662
209,2,18,0.10252326069657788
209,2,19,0.09044948730968555
209,2,20,0.0794607811478587
209,2,21,0.07994752890460337
209,2,22,0.07783984600857574
209,2,23,0.05405969537920471
209,3,0,0.03206788316402306
209,3,1,0.017783209471770516
209,3,2,0.009782980947531491
209,3,3,0.005790998159504774
209,3,4,0.004971721556092289
209,3,5,0.007985325474875436
209,3,6,0.024432452245162523
209,3,7,0.043724036807759346
209,3,8,0.07826117722326391
209,3,9,0.08135061266136885
209,3,10,0.06552116317744595
209,3,11,0.05180956655806011
209,3,12,0.059410463949306117
209,3,13,0.06530643537590995
209,3,14,0.06455505159290623
209,3,15,0.0679378609998557
209,3,16,0.06532085617241044
209,3,17,0.08408077010925401
209,3,18,0.10519627078928452
209,3,19,0.09710239011786609
209,3,20,0.08493460575430478
209,3,21,0.08221994192466628
209,3,22,0.08664410193741717
209,3,23,0.07261079285176898
209,4,0,0.05098220580502941
209,4,1,0.03152744036232906
209,4,2,0.01739283030956353
209,4,3,0.011191715574004736
209,4,4,0.007938092395140692
209,4,5,0.008344889569567108
209,4,6,0.02178095223316732
209,4,7,0.04254635209468558
209,4,8,0.07101431192228695
209,4,9,0.06823883600144116
209,4,10,0.060807534405114105
209,4,11,0.053679992533885446
209,4,12,0.06020747653871793
209,4,13,0.06908643305337764
209,4,14,0.07169176871298999
209,4,15,0.07321608795752259
209,4,16,0.07667216952959056
209,4,17,0.09249752012564483
209,4,18,0.10899762670108154
209,4,19,0.11176924941674118
209,4,20,0.09777414280916878
209,4,21,0.08955728897484154
209,4,22,0.09729623749125192
209,4,23,0.09444005954749235
209,5,0,0.08300790918247411
209,5,1,0.06517530367964709
209,5,2,0.049191118853091166
209,5,3,0.030981969120335563
209,5,4,0.017094050420213003
209,5,5,0.009053462862282275
209,5,6,0.017324831036165462
209,5,7,0.023646827896786765
209,5,8,0.024713655578628903
209,5,9,0.039514368048340666
209,5,10,0.0526664218595559
209,5,11,0.06295367275182993
209,5,12,0.07710565237335107
209,5,13,0.08123352561872221
209,5,14,0.08985001639578094
209,5,15,0.09444080251905633
209,5,16,0.09999785446354002
209,5,17,0.1063762795906067
209,5,18,0.11910879040847912
209,5,19,0.11954140175358749
209,5,20,0.10357689513271107
209,5,21,0.0977992390195826
209,5,22,0.10330535918028806
209,5,23,0.10339126266020998
209,6,0,0.08745348094885191
209,6,1,0.07232322717572867
209,6,2,0.05201370102956206
209,6,3,0.03557456365781357
209,6,4,0.020665567843808068
209,6,5,0.010405736425684993
209,6,6,0.01582843412520759
209,6,7,0.021719823169515765
209,6,8,0.01939410091820243
209,6,9,0.030422187753650267
209,6,10,0.041947773861545475
209,6,11,0.05085268406927738
209,6,12,0.06218841385647373
209,6,13,0.06704294138288508
209,6,14,0.07047009550406035
209,6,15,0.07410852769962313
209,6,16,0.06974130767787183
209,6,17,0.07477793266181977
209,6,18,0.08204378130673601
209,6,19,0.0730178772714391
209,6,20,0.06170829018675632
209,6,21,0.05947315371352165
209,6,22,0.053613379530721025
209,6,23,0.038362837764159656
211,0,0,0.031210793660124855
211,0,1,0.015734424126125163
211,0,2,0.00846673859775457
211,0,3,0.004657526636248027
211,0,4,0.004985133983312559
211,0,5,0.008735858926098372
211,0,6,0.030605422059882217
211,0,7,0.05833568119757758
211,0,8,0.15053398024674713
211,0,9,0.1742812720371782
211,0,10,0.15858620715952654
211,0,11,0.15618857683308138
211,0,12,0.17072911095951981
211,0,13,0.1709663305628241
211,0,14,0.17225287134989936
211,0,15,0.18332540921117113
211,0,16,0.19542915015332152
211,0,17,0.23541090956601016
211,0,18,0.2436817339369689
211,0,19,0.1981436797127527
211,0,20,0.14092349648998065
211,0,21,0.11665920651601236
211,0,22,0.09236870871537393
211,0,23,0.05963319835059813
211,1,0,0.03271493935389833
211,1,1,0.015743346764495368
211,1,2,0.008044560542823927
211,1,3,0.0046505533449885976
211,1,4,0.004366834911829482
211,1,5,0.012982192674047485
211,1,6,0.03125648386818062
211,1,7,0.0714764983780794
211,1,8,0.19742378250552753
211,1,9,0.2549680426231616
211,1,10,0.1945582869791384
211,1,11,0.1781354974617694
211,1,12,0.18893909975567258
211,1,13,0.180474091717163
211,1,14,0.18508270316183462
211,1,15,0.19930734339152942
211,1,16,0.21252964684699327
211,1,17,0.280944862034216
211,1,18,0.30299352993566836
211,1,19,0.2490503659704574
211,1,20,0.17682737520911196
211,1,21,0.1489752621114275
211,1,22,0.12335178220877371
211,1,23,0.07931023603615399
211,2,0,0.04353733058370634
211,2,1,0.022116856685933318
211,2,2,0.01283102129868105
211,2,3,0.008241379867421145
211,2,4,0.006264960969282006
211,2,5,0.010372712396239998
211,2,6,0.034809105958530547
211,2,7,0.07121936112897581
211,2,8,0.18156071890080952
211,2,9,0.24817230818121153
211,2,10,0.2197641205087343
211,2,11,0.20035179657958432
211,2,12,0.2078922846247244
211,2,13,0.19258895311497928
211,2,14,0.19302533756558388
211,2,15,0.20722278590911894
211,2,16,0.22296877431221113
211,2,17,0.2892331642891625
211,2,18,0.3118970593344326
211,2,19,0.263821164631253
211,2,20,0.1895681282707994
211,2,21,0.1589469387337921
211,2,22,0.13763051987259925
211,2,23,0.09758451143908747
211,3,0,0.05769379161722314
211,3,1,0.02949822088600627
211,3,2,0.01565790063870322
211,3,3,0.009666972687502991
211,3,4,0.007640600272504903
211,3,5,0.012414055669849175
211,3,6,0.029371112177789316
211,3,7,0.06708231074541046
211,3,8,0.17814327725662213
211,3,9,0.24778924128638558
211,3,10,0.22016135447153193
211,3,11,0.20233875852844144
211,3,12,0.21290721802939694
211,3,13,0.19740404008179457
211,3,14,0.2002430836179602
211,3,15,0.21411192704778678
211,3,16,0.22686903107951062
211,3,17,0.2869290483678659
211,3,18,0.31810287497205525
211,3,19,0.28790257024954924
211,3,20,0.22682704950581503
211,3,21,0.1833434565477089
211,3,22,0.16835756124613774
211,3,23,0.14278806032965657
211,4,0,0.10254797971375225
211,4,1,0.058063016918044
211,4,2,0.029431341020660348
211,4,3,0.01683735736314441
211,4,4,0.011057144765343713
211,4,5,0.011197213926795985
211,4,6,0.030443616960751388
211,4,7,0.05822957091943942
211,4,8,0.14506610640468806
211,4,9,0.20465525333413126
211,4,10,0.23230748329892975
211,4,11,0.22937316177072878
211,4,12,0.2457117480891114
211,4,13,0.25088100084223125
211,4,14,0.2418011650849015
211,4,15,0.2568116297178574
211,4,16,0.2624059623437099
211,4,17,0.29763172436794993
211,4,18,0.3041285067992187
211,4,19,0.3156208566842693
211,4,20,0.28581225892354944
211,4,21,0.23190123813469773
211,4,22,0.21588023694503342
211,4,23,0.20517404876360476
211,5,0,0.1762205809338426
211,5,1,0.12635344472286297
211,5,2,0.08802122058642362
211,5,3,0.051885993882377045
211,5,4,0.030629222652370957
211,5,5,0.014063467489119472
211,5,6,0.020464959074592354
211,5,7,0.032843228319766694
211,5,8,0.07563253990078145
211,5,9,0.14882877195004052
211,5,10,0.26093745938871865
211,5,11,0.30819673889920424
211,5,12,0.3610554364632314
211,5,13,0.3657459653201207
211,5,14,0.3604723895800001
211,5,15,0.3386827441621447
211,5,16,0.32898470059976104
211,5,17,0.3292559168441183
211,5,18,0.3040129771958235
211,5,19,0.30326168333026565
211,5,20,0.2729969775093277
211,5,21,0.23612473384426622
211,5,22,0.21928168184793626
211,5,23,0.21135016354518815
211,6,0,0.18335564253105416
211,6,1,0.13954538709083153
211,6,2,0.0884567373980458
211,6,3,0.054486222748558785
211,6,4,0.033542724901486264
211,6,5,0.01623035604613772
211,6,6,0.015243254890240934
211,6,7,0.025555681401394532
211,6,8,0.05388933307649243
211,6,9,0.09898304471321931
211,6,10,0.1765229859362779
211,6,11,0.24864645427492044
211,6,12,0.26690410326635444
211,6,13,0.26427800829245535
211,6,14,0.2615377343670462
211,6,15,0.25361763802266757
211,6,16,0.246112397523497
211,6,17,0.23530876164092068
211,6,18,0.20054007714767894
211,6,19,0.17136483099865935
211,6,20,0.12560344612475205
211,6,21,0.10617240535712628
211,6,22,0.08626840260757533
211,6,23,0.05696535962986163
224,0,0,0.05703364815645669
224,0,1,0.02929842238267988
224,0,2,0.014226783141125602
224,0,3,0.008029898667980666
224,0,4,0.007987931060861216
224,0,5,0.007411673687144795
224,0,6,0.025049304534825866
224,0,7,0.061949173482484514
224,0,8,0.08840024881286365
224,0,9,0.06611007716682278
224,0,10,0.059378070826388185
224,0,11,0.0648691779314876
224,0,12,0.07552457630394861
224,0,13,0.0908412926103359
224,0,14,0.10242352219324076
224,0,15,0.1268329160551644
224,0,16,0.15885261069750028
224,0,17,0.23288028178948694
224,0,18,0.24077864453663705
224,0,19,0.20033441669039742
224,0,20,0.17902540995647034
224,0,21,0.15412643975320242
224,0,22,0.12246741663641299
224,0,23,0.08266465705123247
224,1,0,0.053647607374586355
224,1,1,0.02798911108457745
224,1,2,0.013092603618311414
224,1,3,0.006719221358626806
224,1,4,0.006512142275726951
224,1,5,0.00822219269846548
224,1,6,0.027068579924889268
224,1,7,0.07590552138342295
224,1,8,0.09152578604278509
224,1,9,0.07092345936967633
224,1,10,0.05681377472959146
224,1,11,0.06499953008579293
224,1,12,0.07463380448279676
224,1,13,0.08943789741555602
224,1,14,0.10798808984797498
224,1,15,0.1311473951885682
224,1,16,0.1658351508295353
224,1,17,0.2727326383554219
224,1,18,0.27367224019854197
224,1,19,0.22397247816535806
224,1,20,0.19284570419596553
224,1,21,0.1763935541117564
224,1,22,0.14473081381230626
224,1,23,0.0971353439469806
224,2,0,0.06037449264549066
224,2,1,0.03140690266554667
224,2,2,0.019636819390374018
224,2,3,0.010970320090040028
224,2,4,0.009071522466919866
224,2,5,0.008207929589850081
224,2,6,0.030061623759612025
224,2,7,0.07246853337391346
224,2,8,0.0963728733006281
224,2,9,0.06979091466213555
224,2,10,0.05974680382201092
224,2,11,0.06698608950882531
224,2,12,0.08465459574964836
224,2,13,0.09664691218563455
224,2,14,0.11091476107999128
224,2,15,0.13629104824586136
224,2,16,0.1679240438055968
224,2,17,0.25882241082375923
224,2,18,0.25457897742233365
224,2,19,0.2250163911242767
224,2,20,0.20089888528013
224,2,21,0.17941119832858377
224,2,22,0.1534280393792011
224,2,23,0.11057664881586447
224,3,0,0.06743767439243258
224,3,1,0.03741425533842917
224,3,2,0.02003293144046508
224,3,3,0.011743463783167108
224,3,4,0.010022869510353211
224,3,5,0.00901080876438298
224,3,6,0.029111035449295945
224,3,7,0.06945531276166313
224,3,8,0.09272014796091878
224,3,9,0.07438780073469557
224,3,10,0.06313908128697793
224,3,11,0.06892534213050831
224,3,12,0.08478146864354404
224,3,13,0.0986935396947033
224,3,14,0.11283257232466776
224,3,15,0.13509165987852062
224,3,16,0.16565414818771518
224,3,17,0.2562521295207323
224,3,18,0.2536161429403049
224,3,19,0.2144599018421473
224,3,20,0.1950426202478271
224,3,21,0.18236451196978373
224,3,22,0.17510965213623242
224,3,23,0.1369546144084
224,4,0,0.09444579554494481
224,4,1,0.05835838791359527
224,4,2,0.03392009922240186
224,4,3,0.018912591421339362
224,4,4,0.014182115582823876
224,4,5,0.009807673016614149
224,4,6,0.026071316855912324
224,4,7,0.06263277666305965
224,4,8,0.09435593238166234
224,4,9,0.0825879394358804
224,4,10,0.07820847867823524
224,4,11,0.08341030634938192
224,4,12,0.09864866983876287
224,4,13,0.11502911305330678
224,4,14,0.1329452665053537
224,4,15,0.15553039569238863
224,4,16,0.18264461944129287
224,4,17,0.2298465103356986
224,4,18,0.22338238272411587
224,4,19,0.19948591146712907
224,4,20,0.17962586876347578
224,4,21,0.16587177350286025
224,4,22,0.16979215947135542
224,4,23,0.15339935968579027
224,5,0,0.14090184263381902
224,5,1,0.126281053375624
224,5,2,0.10018931895390494
224,5,3,0.06997697513007187
224,5,4,0.04002446211039614
224,5,5,0.018143821738483258
224,5,6,0.017870037267113784
224,5,7,0.02686017067916434
224,5,8,0.040491626967631006
224,5,9,0.06447040794654672
224,5,10,0.09161005591954662
224,5,11,0.11817312967168539
224,5,12,0.13014478618388522
224,5,13,0.13968604042797378
224,5,14,0.1434316310603552
224,5,15,0.15099100965679196
224,5,16,0.16036519917040226
224,5,17,0.17587286319769493
224,5,18,0.1647152817908708
224,5,19,0.159429780797103
224,5,20,0.15179658848958386
224,5,21,0.15137332782951934
224,5,22,0.16049383861304942
224,5,23,0.1555402552120021
224,6,0,0.14231227246976683
224,6,1,0.13075386479845097
224,6,2,0.09748105977298109
224,6,3,0.07149404231805821
224,6,4,0.04518395745700888
224,6,5,0.0176024597901046
224,6,6,0.018443580367526333
224,6,7,0.022731854317342686
224,6,8,0.032307897734496195
224,6,9,0.049601603719402164
224,6,10,0.07683951683827797
224,6,11,0.09806648686611394
224,6,12,0.11360700557329899
224,6,13,0.12204425364219863
224,6,14,0.1288125598302754
224,6,15,0.13906331420360546
224,6,16,0.15381754602586153
224,6,17,0.15827943779474282
224,6,18,0.16427701076021894
224,6,19,0.15519709751872734
224,6,20,0.14412580990892795
224,6,21,0.13204392684598829
224,6,22,0.11590320488050443
224,6,23,0.08899053992072938
229,0,0,0.07587559373710251
229,0,1,0.03891711977260176
229,0,2,0.022554109915001272
229,0,3,0.015713474168752642
229,0,4,0.017128670227199154
229,0,5,0.029510772560255156
229,0,6,0.0573549946306973
229,0,7,0.1362338921808578
229,0,8,0.28712856050787583
229,0,9,0.24594554217955575
229,0,10,0.18165311619786784
229,0,11,0.169081583000159
229,0,12,0.18791496251044448
229,0,13,0.19634199348467726
229,0,14,0.21580521315779833
229,0,15,0.23495284923953447
229,0,16,0.2653231231688214
229,0,17,0.35510194877182644
229,0,18,0.374060529834121
229,0,19,0.31163561831261716
229,0,20,0.2747286934745368
229,0,21,0.25902897296038985
229,0,22,0.19869576388025803
229,0,23,0.12350533399517541
229,1,0,0.07055706044102482
229,1,1,0.03738959212155044
229,1,2,0.02120075260864903
229,1,3,0.013989665799183471
229,1,4,0.018580511375736176
229,1,5,0.03146881310476113
229,1,6,0.06719246707216998
229,1,7,0.16479266732387945
229,1,8,0.3523666124900771
229,1,9,0.2960999587647412
229,1,10,0.2117340443371065
229,1,11,0.1924858782550752
229,1,12,0.2180059724768131
229,1,13,0.21790245376886527
229,1,14,0.2262258110958318
229,1,15,0.2565325512531218
229,1,16,0.29994591379494506
229,1,17,0.40617190690655536
229,1,18,0.4437258522065875
229,1,19,0.3570363922903001
229,1,20,0.32541108392275025
229,1,21,0.3189763258614176
229,1,22,0.2688931278097739
229,1,23,0.16287839498093445
229,2,0,0.09164244169218227
229,2,1,0.04995570999253782
229,2,2,0.02985291058328174
229,2,3,0.021244539342627416
229,2,4,0.018505769050370897
229,2,5,0.03427405551868414
229,2,6,0.06489481392552504
229,2,7,0.1535392740589072
229,2,8,0.34181335195394613
229,2,9,0.29832067853809374
229,2,10,0.2143063179052578
229,2,11,0.2025644941362515
229,2,12,0.22267098019110904
229,2,13,0.22064003471057167
229,2,14,0.23260803419961573
229,2,15,0.26661485198059093
229,2,16,0.2970414640163163
229,2,17,0.39976134401314556
229,2,18,0.4373524307561101
229,2,19,0.37325063824529536
229,2,20,0.3380204366205846
229,2,21,0.3306871984091472
229,2,22,0.28912404672110803
229,2,23,0.18719988058158848
229,3,0,0.10673408293618764
229,3,1,0.05883852150927508
229,3,2,0.03708490718564782
229,3,3,0.023146666167240575
229,3,4,0.022097412409042543
229,3,5,0.03407205981478905
229,3,6,0.06758876065530077
229,3,7,0.14763396572654872
229,3,8,0.31870043348162314
229,3,9,0.2905224198455615
229,3,10,0.20839375566925372
229,3,11,0.19880943065372145
229,3,12,0.22421469657311566
229,3,13,0.22206825239458342
229,3,14,0.23583658775592223
229,3,15,0.26851569421097676
229,3,16,0.2976249503761732
229,3,17,0.3898681986293723
229,3,18,0.42597490250950487
229,3,19,0.3727868682493502
229,3,20,0.3371831109570922
229,3,21,0.3426995371278337
229,3,22,0.3125128012068475
229,3,23,0.2221307605570478
229,4,0,0.1434889818646566
229,4,1,0.08516513464198401
229,4,2,0.05139399998122712
229,4,3,0.03131864367645757
229,4,4,0.024586890347978056
229,4,5,0.03129103631813148
229,4,6,0.06242857431659114
229,4,7,0.12175575788562247
229,4,8,0.2417029007706608
229,4,9,0.22655494901514128
229,4,10,0.19452225309636817
229,4,11,0.19163199662402228
229,4,12,0.2221357634309254
229,4,13,0.23626190278859777
229,4,14,0.24063083869038052
229,4,15,0.2752614200700181
229,4,16,0.3112380729257625
229,4,17,0.36720277033918997
229,4,18,0.39137982114865755
229,4,19,0.36596947034764327
229,4,20,0.3229655192708538
229,4,21,0.31305424147045857
229,4,22,0.31250660968529276
229,4,23,0.276535522665887
229,5,0,0.22762272414713824
229,5,1,0.19319946911552205
229,5,2,0.15005033224226302
229,5,3,0.09776404627163
229,5,4,0.05776296213142884
229,5,5,0.029600118709369235
229,5,6,0.03794439575901793
229,5,7,0.0625929267814232
229,5,8,0.09924819713433926
229,5,9,0.15139869673435527
229,5,10,0.18548650376163256
229,5,11,0.22451622813435634
229,5,12,0.24142088728523053
229,5,13,0.2572921488415062
229,5,14,0.2705184295654623
229,5,15,0.28446003700059114
229,5,16,0.30449736329327554
229,5,17,0.3346252516315281
229,5,18,0.355044492282442
229,5,19,0.35149890582345356
229,5,20,0.33221613175835946
229,5,21,0.3127279035461204
229,5,22,0.3312667806704615
229,5,23,0.30543258206701945
229,6,0,0.25297417698924957
229,6,1,0.2081944855880005
229,6,2,0.15367304539694057
229,6,3,0.10797300255337375
229,6,4,0.0630088133545043
229,6,5,0.030920861768205847
229,6,6,0.034037279114658724
229,6,7,0.04624866096498232
229,6,8,0.07286024986384157
229,6,9,0.11121726200131327
229,6,10,0.16398456234136488
229,6,11,0.203255853036327
229,6,12,0.24093424056016946
229,6,13,0.24335964524565226
229,6,14,0.2533438794368298
229,6,15,0.26303364868755236
229,6,16,0.27626840929799107
229,6,17,0.2932576986914692
229,6,18,0.30560815394278656
229,6,19,0.27127952320558774
229,6,20,0.2467379798664992
229,6,21,0.21802875101068742
229,6,22,0.1817525502756939
229,6,23,0.12449566292867831
230,0,0,0.1109553752263745
230,0,1,0.05629043169984074
230,0,2,0.03412465193556592
230,0,3,0.02526321315577682
230,0,4,0.03209179330658522
230,0,5,0.06583404048183779
230,0,6,0.19938469522417474
230,0,7,0.3200763409694617
230,0,8,0.394585225387907
230,0,9,0.33244075411496793
230,0,10,0.26708130280258735
230,0,11,0.2710920879610017
230,0,12,0.30855152681481857
230,0,13,0.3345537114583449
230,0,14,0.3740938350139177
230,0,15,0.45232267386390285
230,0,16,0.5632539696895364
230,0,17,0.6412022250383718
230,0,18,0.6674288365033868
230,0,19,0.4641164280730489
230,0,20,0.3595162277426123
230,0,21,0.3532810418341117
230,0,22,0.2903703838368511
230,0,23,0.19152333676228234
230,1,0,0.12359302130838097
230,1,1,0.05450455521484767
230,1,2,0.03182827380359477
230,1,3,0.021740475245747737
230,1,4,0.03152566936626001
230,1,5,0.07541029495249948
230,1,6,0.23453744844040603
230,1,7,0.3862248196002706
230,1,8,0.5047303108979762
230,1,9,0.40605631934281883
230,1,10,0.3136406105355876
230,1,11,0.3025231299748301
230,1,12,0.33493847629187656
230,1,13,0.3659806572592237
230,1,14,0.41294535914445596
230,1,15,0.4957201113034586
230,1,16,0.6442841201274268
230,1,17,0.7190356512980022
230,1,18,0.750498222668155
230,1,19,0.5436864369921168
230,1,20,0.3803092657432385
230,1,21,0.40752140751902177
230,1,22,0.3416085512422961
230,1,23,0.2167867632145242
230,2,0,0.13511237638052753
230,2,1,0.0590828580659427
230,2,2,0.033760878500184645
230,2,3,0.024060764275823432
230,2,4,0.03197733478477901
230,2,5,0.07497289244290017
230,2,6,0.23476764705707504
230,2,7,0.38477418726108076
230,2,8,0.5022869943126297
230,2,9,0.41236487641267106
230,2,10,0.3187576835488985
230,2,11,0.32677468487116546
230,2,12,0.40119416568714433
230,2,13,0.4609571020971291
230,2,14,0.4182347452490651
230,2,15,0.48339497669235953
230,2,16,0.6176443016103108
230,2,17,0.6889680631655104
230,2,18,0.7249771535432884
230,2,19,0.5736683223022092
230,2,20,0.3821636216508541
230,2,21,0.3879337597023312
230,2,22,0.35762278482488724
230,2,23,0.23541229962065216
230,3,0,0.15218302076042078
230,3,1,0.07160671993885717
230,3,2,0.04097691429245968
230,3,3,0.0292408130081285
230,3,4,0.03398141644388381
230,3,5,0.07250238944191875
230,3,6,0.22099381618025862
230,3,7,0.36857227995548447
230,3,8,0.4698070110956486
230,3,9,0.40530760239915264
230,3,10,0.31629685962490306
230,3,11,0.3199031821346115
230,3,12,0.3569243699991977
230,3,13,0.3887179898047455
230,3,14,0.4224702343681298
230,3,15,0.505022419423078
230,3,16,0.6488746028267818
230,3,17,0.7091501338840752
230,3,18,0.7358288545951946
230,3,19,0.5718388393548852
230,3,20,0.3936697180820462
230,3,21,0.39932311178750163
230,3,22,0.3620526632996504
230,3,23,0.24838292250375374
230,4,0,0.17408981485267253
230,4,1,0.0907073617749032
230,4,2,0.05474088122404293
230,4,3,0.03701875026970116
230,4,4,0.03820300949895229
230,4,5,0.06471168244054488
230,4,6,0.18366188231977718
230,4,7,0.2901959942038149
230,4,8,0.35910999739278543
230,4,9,0.3324315443261238
230,4,10,0.2909523556014326
230,4,11,0.30885142364885726
230,4,12,0.3498466063606389
230,4,13,0.3804326645118952
230,4,14,0.42643690286865515
230,4,15,0.523243714951129
230,4,16,0.6222144454080089
230,4,17,0.7164974508098952
230,4,18,0.6509734505623448
230,4,19,0.5534654311712169
230,4,20,0.42620475926595724
230,4,21,0.43060915096287866
230,4,22,0.41574398389495537
230,4,23,0.309715474746538
230,5,0,0.2222616095644153
230,5,1,0.1343883122271347
230,5,2,0.094935487493506
230,5,3,0.0690351647410229
230,5,4,0.052945124203333416
230,5,5,0.039359426764251824
230,5,6,0.05440974914316646
230,5,7,0.07589332219341252
230,5,8,0.11607822041949872
230,5,9,0.17509782353433495
230,5,10,0.2366209653831898
230,5,11,0.3161430882744646
230,5,12,0.41712015381164774
230,5,13,0.48279118772348417
230,5,14,0.43043474250282826
230,5,15,0.4409684750626104
230,5,16,0.5268396320261952
230,5,17,0.5284469382981289
230,5,18,0.5153981940687493
230,5,19,0.500437859177635
230,5,20,0.4437976138033478
230,5,21,0.3924166242236938
230,5,22,0.4067401809423417
230,5,23,0.32911189902501375
230,6,0,0.22024533221910622
230,6,1,0.1460744458201124
230,6,2,0.1034494077078465
230,6,3,0.07897568722944319
230,6,4,0.05846338454060547
230,6,5,0.03593947989896346
230,6,6,0.04761867655318637
230,6,7,0.06893876338242137
230,6,8,0.11148188912455016
230,6,9,0.16579137702946145
230,6,10,0.2169100192837973
230,6,11,0.2774787601410307
230,6,12,0.38329809843323354
230,6,13,0.42962502424952637
230,6,14,0.4555959502037719
230,6,15,0.39004241955881086
230,6,16,0.43451003501197805
230,6,17,0.4412173865842274
230,6,18,0.4559677288985288
230,6,19,0.3550962845029348
230,6,20,0.30989678558823713
230,6,21,0.3141613437117312
230,6,22,0.2732167517428695
230,6,23,0.18644994917832475
231,0,0,0.05599844072470202
231,0,1,0.027725717048074947
231,0,2,0.0154642674451352
231,0,3,0.010363105561095114
231,0,4,0.015259012750934652
231,0,5,0.06322037445421445
231,0,6,0.2061611834384642
231,0,7,0.38583189777348165
231,0,8,0.5189658125394778
231,0,9,0.4896956572045369
231,0,10,0.32294393502935687
231,0,11,0.2873990317100035
231,0,12,0.30371366520055565
231,0,13,0.3220089670238723
231,0,14,0.3525342796469453
231,0,15,0.42937996003081935
231,0,16,0.5295117437419464
231,0,17,0.6576791654947566
231,0,18,0.618810382742259
231,0,19,0.4315659452547352
231,0,20,0.3150150089228627
231,0,21,0.25126022767477035
231,0,22,0.19650631700594343
231,0,23,0.117977136212975
231,1,0,0.06159523654997932
231,1,1,0.030023788883416974
231,1,2,0.015448842696150487
231,1,3,0.010112226460711953
231,1,4,0.017611578856918855
231,1,5,0.07485450971174507
231,1,6,0.25452278472907824
231,1,7,0.478721181420805
231,1,8,0.6312718776399125
231,1,9,0.5962903935017122
231,1,10,0.3879930612419541
231,1,11,0.3307373918794492
231,1,12,0.3467146207112096
231,1,13,0.3635080199843326
231,1,14,0.39952841193976407
231,1,15,0.4852790021728061
231,1,16,0.6168191999776914
231,1,17,0.7449228695299268
231,1,18,0.7561312142524088
231,1,19,0.5108431059092485
231,1,20,0.3835562250650305
231,1,21,0.3187445767302256
231,1,22,0.2584084616760645
231,1,23,0.16087836133221703
231,2,0,0.08634313839125059
231,2,1,0.04387038803548713
231,2,2,0.024411911006059002
231,2,3,0.015586896043011184
231,2,4,0.02067897649802018
231,2,5,0.07053708218213318
231,2,6,0.24364214356113884
231,2,7,0.47525929218879254
231,2,8,0.6231981764395604
231,2,9,0.5938873022785348
231,2,10,0.4012700817535428
231,2,11,0.34569081580938565
231,2,12,0.3650189406360225
231,2,13,0.38055228906395555
231,2,14,0.4138355746926948
231,2,15,0.4915569641999447
231,2,16,0.6138033560827587
231,2,17,0.7325441034494261
231,2,18,0.7551003274971874
231,2,19,0.5299295354168918
231,2,20,0.40063813397690634
231,2,21,0.3307371065019555
231,2,22,0.28662217055188144
231,2,23,0.18635498741148718
231,3,0,0.10190960590623482
231,3,1,0.052406275321923275
231,3,2,0.0292827107368735
231,3,3,0.017679842955785986
231,3,4,0.021443547095900812
231,3,5,0.06858181616838441
231,3,6,0.22623263247005188
231,3,7,0.43504252914046077
231,3,8,0.5888991290275011
231,3,9,0.5790149358466398
231,3,10,0.394103315426489
231,3,11,0.351842000765374
231,3,12,0.37451875418168784
231,3,13,0.38654117137043503
231,3,14,0.4186806272725194
231,3,15,0.5113740008871217
231,3,16,0.6086044667331265
231,3,17,0.7282154192963214
231,3,18,0.7366279243562576
231,3,19,0.5501765154853258
231,3,20,0.417637289565883
231,3,21,0.3371903540474088
231,3,22,0.3073599034045997
231,3,23,0.22760215798519096
231,4,0,0.1458442357700358
231,4,1,0.0845557370190974
231,4,2,0.05075036254215234
231,4,3,0.027539041027461825
231,4,4,0.022889361234584796
231,4,5,0.06067701840761893
231,4,6,0.18771795342264558
231,4,7,0.3428730222546801
231,4,8,0.46436327108701886
231,4,9,0.46241730168988465
231,4,10,0.3586706491375845
231,4,11,0.3442178166441355
231,4,12,0.37117623361878
231,4,13,0.3892057071090538
231,4,14,0.43490327478957524
231,4,15,0.5062911332381927
231,4,16,0.5766599586743866
231,4,17,0.6761066901560031
231,4,18,0.6251025961310812
231,4,19,0.5399262442489836
231,4,20,0.4299523302077192
231,4,21,0.33531213485729494
231,4,22,0.32318252417764515
231,4,23,0.28972127337430964
231,5,0,0.23555621843439625
231,5,1,0.18471709269555878
231,5,2,0.1348932043010602
231,5,3,0.08055468997506758
231,5,4,0.04598618336682694
231,5,5,0.029980746839131604
231,5,6,0.051214361256274384
231,5,7,0.08527200104867705
231,5,8,0.1457687466601394
231,5,9,0.24236750383409938
231,5,10,0.3299272818664552
231,5,11,0.37777080913262134
231,5,12,0.4152914225422321
231,5,13,0.4319496494325718
231,5,14,0.4492853317469332
231,5,15,0.47352068055918184
231,5,16,0.4870322717637806
231,5,17,0.49434207937806135
231,5,18,0.48512399338856527
231,5,19,0.47062724468645467
231,5,20,0.40513941284241195
231,5,21,0.33742843872154066
231,5,22,0.3237676746611081
231,5,23,0.3045768359555939
231,6,0,0.2438132083899111
231,6,1,0.1904824192614356
231,6,2,0.13094274562409236
231,6,3,0.0838929436112676
231,6,4,0.04706012561118616
231,6,5,0.02815471525700278
231,6,6,0.04092979310887117
231,6,7,0.06491093937400383
231,6,8,0.10580121463856698
231,6,9,0.1873757393399907
231,6,10,0.25499997359681303
231,6,11,0.306007567287448
231,6,12,0.33210256290424356
231,6,13,0.34435609827761143
231,6,14,0.3502732266012791
231,6,15,0.3526504630413159
231,6,16,0.3636606458250383
231,6,17,0.36222385873818363
231,6,18,0.34352853418147483
231,6,19,0.2890409104813109
231,6,20,0.2311616754798831
231,6,21,0.1952942768735737
231,6,22,0.1602182000544226
231,6,23,0.10453498135422583
232,0,0,0.0656574607319411
232,0,1,0.035885437804900826
232,0,2,0.021597100440522897
232,0,3,0.012638200720375756
232,0,4,0.012642702818767115
232,0,5,0.014031629653731914
232,0,6,0.03616257901146605
232,0,7,0.09521264416440912
232,0,8,0.16935881889821428
232,0,9,0.1331627661901977
232,0,10,0.11052127984027084
232,0,11,0.11725376977261152
232,0,12,0.13751528116090023
232,0,13,0.14417662058967573
232,0,14,0.17461370290603723
232,0,15,0.20600269121271703
232,0,16,0.23949505418774739
232,0,17,0.3111007977777901
232,0,18,0.30871051912285485
232,0,19,0.2510591618255975
232,0,20,0.19535702092974422
232,0,21,0.15181849743286938
232,0,22,0.12984579951967073
232,0,23,0.09721539974650634
232,1,0,0.06100089810059965
232,1,1,0.031287936195307946
232,1,2,0.01881212939771296
232,1,3,0.011283612048807113
232,1,4,0.010391485082437294
232,1,5,0.013516324677670511
232,1,6,0.042602119261731866
232,1,7,0.1050877504190323
232,1,8,0.18853573213515756
232,1,9,0.14229056857236008
232,1,10,0.11756798441207583
232,1,11,0.11995042413964273
232,1,12,0.14183359925191094
232,1,13,0.14922419580940882
232,1,14,0.18048590559423364
232,1,15,0.21723321938565412
232,1,16,0.25013305135131403
232,1,17,0.33846064516269464
232,1,18,0.3556074170875441
232,1,19,0.2813705874401041
232,1,20,0.21862037490414404
232,1,21,0.17884057274384282
232,1,22,0.14823680232172903
232,1,23,0.11216302024297305
232,2,0,0.06915388966276405
232,2,1,0.039983404541540764
232,2,2,0.02460064764165225
232,2,3,0.014921297864418655
232,2,4,0.014797310802924473
232,2,5,0.015784320490658862
232,2,6,0.040014578338586404
232,2,7,0.10356287965568571
232,2,8,0.18789763040126978
232,2,9,0.14551847106510396
232,2,10,0.12264058848841741
232,2,11,0.12500699832925677
232,2,12,0.15060108148312867
232,2,13,0.15578108146212474
232,2,14,0.1895107120300233
232,2,15,0.21998409734284527
232,2,16,0.2516284272201255
232,2,17,0.3322228419730894
232,2,18,0.34207534394173206
232,2,19,0.281019192632173
232,2,20,0.2333204483965426
232,2,21,0.1818564250802536
232,2,22,0.16534303694401778
232,2,23,0.1278305362891257
232,3,0,0.08036298212584526
232,3,1,0.044614478118489155
232,3,2,0.02733191985914974
232,3,3,0.018272282855979937
232,3,4,0.0160132300323488
232,3,5,0.014742265935079737
232,3,6,0.03913216876212382
232,3,7,0.10214527053830268
232,3,8,0.18921702495135695
232,3,9,0.1480874525184507
232,3,10,0.1251138596448363
232,3,11,0.13004249572365448
232,3,12,0.15414767637436014
232,3,13,0.1574250385769631
232,3,14,0.18818646673363387
232,3,15,0.22248448489679368
232,3,16,0.2594319827077077
232,3,17,0.32782658820713706
232,3,18,0.34582225831746094
232,3,19,0.2923127194551931
232,3,20,0.23279310833075273
232,3,21,0.19430599372598245
232,3,22,0.17651189986086932
232,3,23,0.1477581976358963
232,4,0,0.0997269784888205
232,4,1,0.06167182185522036
232,4,2,0.03970929381622133
232,4,3,0.0257356096355045
232,4,4,0.019816148710347578
232,4,5,0.01674788496105745
232,4,6,0.04024142253549395
232,4,7,0.10786474988715629
232,4,8,0.1942900101008998
232,4,9,0.15101055280098008
232,4,10,0.13493718313523076
232,4,11,0.14565781626435184
232,4,12,0.16875424057418115
232,4,13,0.18365059764598576
232,4,14,0.22023204851411712
232,4,15,0.24911277917183092
232,4,16,0.2807126306782977
232,4,17,0.32626915742406315
232,4,18,0.3202113218108228
232,4,19,0.28038709522022365
232,4,20,0.23702148365738038
232,4,21,0.20422776476431706
232,4,22,0.1980894767512033
232,4,23,0.18703541087875927
232,5,0,0.1510635627896845
232,5,1,0.12183592274722606
232,5,2,0.09743561671925312
232,5,3,0.06903561207514985
232,5,4,0.047699343845716266
232,5,5,0.02683164159688639
232,5,6,0.02821478611325105
232,5,7,0.05366501699134507
232,5,8,0.08740729688144434
232,5,9,0.12894940726413004
232,5,10,0.16754652773714188
232,5,11,0.20249167747676794
232,5,12,0.22736648688538771
232,5,13,0.23061445404842768
232,5,14,0.23779994245783181
232,5,15,0.2548875395670535
232,5,16,0.25913157091087646
232,5,17,0.2628036675277311
232,5,18,0.26906808674314275
232,5,19,0.2344646821212306
232,5,20,0.21586128202768218
232,5,21,0.1945099527106558
232,5,22,0.19166623608532915
232,5,23,0.18528566419780482
232,6,0,0.15325357462601552
232,6,1,0.1287510277957104
232,6,2,0.09672367897071348
232,6,3,0.0722260932720671
232,6,4,0.051473805493225125
232,6,5,0.02823701971564156
232,6,6,0.027241054313802845
232,6,7,0.04907027389169441
232,6,8,0.07207190570977647
232,6,9,0.10793098150032611
232,6,10,0.13243544181918931
232,6,11,0.16866216276399043
232,6,12,0.18810829635732082
232,6,13,0.2038935218798917
232,6,14,0.21390114812899308
232,6,15,0.22570659949028776
232,6,16,0.2274907664643652
232,6,17,0.22627003207353075
232,6,18,0.21762414810215472
232,6,19,0.18486675298722077
232,6,20,0.1577883742348921
232,6,21,0.13943437814799378
232,6,22,0.12611381841017555
232,6,23,0.09901563856334894
233,0,0,0.07739782090373376
233,0,1,0.03913361567895522
233,0,2,0.021082227608486864
233,0,3,0.012597846977021664
233,0,4,0.013985904233106066
233,0,5,0.02634190576377697
233,0,6,0.07305720362132577
233,0,7,0.15040616435596305
233,0,8,0.3368346062935073
233,0,9,0.31900952673769917
233,0,10,0.20774515133492444
233,0,11,0.16216281955643502
233,0,12,0.16985418657466905
233,0,13,0.18006993693956475
233,0,14,0.18845169008913953
233,0,15,0.1947531835808773
233,0,16,0.2573774307581789
233,0,17,0.30749145519809207
233,0,18,0.2818312720192045
233,0,19,0.22770434183647464
233,0,20,0.21133643607416305
233,0,21,0.21859725980249745
233,0,22,0.18868685970542318
233,0,23,0.12561090271120423
233,1,0,0.07827024160317368
233,1,1,0.038920331928469304
233,1,2,0.022874711559184902
233,1,3,0.01326699362159719
233,1,4,0.014603932673505923
233,1,5,0.03124916797511931
233,1,6,0.0843019992601395
233,1,7,0.17241369670913723
233,1,8,0.39103120191189494
233,1,9,0.40830503948737706
233,1,10,0.24936771977505187
233,1,11,0.18723750582706805
233,1,12,0.19309862599467897
233,1,13,0.19457215886198123
233,1,14,0.2047989800957737
233,1,15,0.21756246809569885
233,1,16,0.28621378158913235
233,1,17,0.35769191596714156
233,1,18,0.3210412781090411
233,1,19,0.2555152311124232
233,1,20,0.24300854990910473
233,1,21,0.26167105875342234
233,1,22,0.23004091575124225
233,1,23,0.1546443644220201
233,2,0,0.09390735563801286
233,2,1,0.05117971208349991
233,2,2,0.02940974216999945
233,2,3,0.018088436951377428
233,2,4,0.016617372238905644
233,2,5,0.030687230395066174
233,2,6,0.08364651067362364
233,2,7,0.17328747260425664
233,2,8,0.3870866206582253
233,2,9,0.3985360603425698
233,2,10,0.26046581428779236
233,2,11,0.1986639044194098
233,2,12,0.19904216190270035
233,2,13,0.19866035545503544
233,2,14,0.21094895245793854
233,2,15,0.22099794998902278
233,2,16,0.29290154384818873
233,2,17,0.34867400948546184
233,2,18,0.3173148272236556
233,2,19,0.26577314480397424
233,2,20,0.24740314369074526
233,2,21,0.27468382939312946
233,2,22,0.24741637958416018
233,2,23,0.17884447163862333
233,3,0,0.108582392114281
233,3,1,0.06115936798593219
233,3,2,0.03486126934981925
233,3,3,0.02101954540465966
233,3,4,0.019289386392974842
233,3,5,0.03054093381543464
233,3,6,0.08484376067209864
233,3,7,0.16569449501582198
233,3,8,0.3655229801582904
233,3,9,0.3809536055655531
233,3,10,0.25487379854154996
233,3,11,0.19377874728909464
233,3,12,0.2011415393513102
233,3,13,0.20275499010520515
233,3,14,0.2137056559347251
233,3,15,0.22419359058092578
233,3,16,0.28922044195540514
233,3,17,0.34117444335318925
233,3,18,0.30383338318245073
233,3,19,0.2649918656247405
233,3,20,0.24547074535466282
233,3,21,0.2624728302914613
233,3,22,0.27124083374525665
233,3,23,0.2130845553994498
233,4,0,0.1467973456292036
233,4,1,0.08782956366983018
233,4,2,0.052036826132599655
233,4,3,0.03130096670000215
233,4,4,0.02286859341541632
233,4,5,0.02993059072651086
233,4,6,0.08489524433973292
233,4,7,0.14680110747764535
233,4,8,0.2863525631744396
233,4,9,0.29576578354490896
233,4,10,0.20976334344892694
233,4,11,0.17041873779169028
233,4,12,0.19117734089349606
233,4,13,0.19824284502113454
233,4,14,0.22569319191255688
233,4,15,0.22016307565049095
233,4,16,0.2822030542965476
233,4,17,0.28891037854192303
233,4,18,0.28204989024684174
233,4,19,0.26178120529368726
233,4,20,0.23251509013291827
233,4,21,0.23766925370292213
233,4,22,0.2547888715647023
233,4,23,0.24395836859967837
233,5,0,0.22518046471866404
233,5,1,0.20504388596903295
233,5,2,0.174817062780988
233,5,3,0.11059781176745236
233,5,4,0.06136800942736247
233,5,5,0.030222107600170564
233,5,6,0.04440332352982313
233,5,7,0.05724849501962796
233,5,8,0.09048975612950243
233,5,9,0.09424861823315347
233,5,10,0.1437522022774627
233,5,11,0.15321994966639652
233,5,12,0.18175654322715398
233,5,13,0.19078575008188298
233,5,14,0.20563380522322075
233,5,15,0.22455127631725272
233,5,16,0.23982635853154946
233,5,17,0.2562012901244569
233,5,18,0.2545620219180683
233,5,19,0.24363312324352462
233,5,20,0.24099397250324145
233,5,21,0.23936824072378765
233,5,22,0.2574358859350591
233,5,23,0.26103015382800016
233,6,0,0.23577200998203113
233,6,1,0.2212719159803763
233,6,2,0.17344998457865152
233,6,3,0.12291093682089
233,6,4,0.06941732696864418
233,6,5,0.032025492087566027
233,6,6,0.04107262995957822
233,6,7,0.046572692866567664
233,6,8,0.06443596219778625
233,6,9,0.07583008641655163
233,6,10,0.1283745706551123
233,6,11,0.13732503737505442
233,6,12,0.1654895432150181
233,6,13,0.17842657744272075
233,6,14,0.18926785093979814
233,6,15,0.20375427237949076
233,6,16,0.21653586475383715
233,6,17,0.22056196223024532
233,6,18,0.21122092347354907
233,6,19,0.1991184687319298
233,6,20,0.19986482208878306
233,6,21,0.19483048271568718
233,6,22,0.18237053822414964
233,6,23,0.12356554777098372
234,0,0,0.07084890884486503
234,0,1,0.0322798830222028
234,0,2,0.016501205720169224
234,0,3,0.009324468750627571
234,0,4,0.015287219465763963
234,0,5,0.0627288814808344
234,0,6,0.15983385512426224
234,0,7,0.3369687437498288
234,0,8,0.6293096554471782
234,0,9,0.6066421977601607
234,0,10,0.4116371725126168
234,0,11,0.3918101045671781
234,0,12,0.4363359340319709
234,0,13,0.4517638968430305
234,0,14,0.5144137349142445
234,0,15,0.6109559601874701
234,0,16,0.6576160432642347
234,0,17,0.7689975960289808
234,0,18,0.7897032810896022
234,0,19,0.6155615731941508
234,0,20,0.4488590350714728
234,0,21,0.33781520199589254
234,0,22,0.23758816371315947
234,0,23,0.14307336630031406
234,1,0,0.07366727540809757
234,1,1,0.03033968024379113
234,1,2,0.01522625023806361
234,1,3,0.009355241285114307
234,1,4,0.015601969198359
234,1,5,0.07893731040741274
234,1,6,0.20467481393188322
234,1,7,0.4268941456746666
234,1,8,0.7788019679684772
234,1,9,0.7666211789451777
234,1,10,0.5096341554372567
234,1,11,0.4608456349374276
234,1,12,0.5065680124520164
234,1,13,0.5082736924531416
234,1,14,0.5665737667031376
234,1,15,0.6774302218654842
234,1,16,0.7231882315401336
234,1,17,0.8726265656923129
234,1,18,0.9118848695330254
234,1,19,0.7298081362888221
234,1,20,0.540665995286457
234,1,21,0.4169340976999666
234,1,22,0.29944267934639374
234,1,23,0.17557018071421787
234,2,0,0.09079336773165114
234,2,1,0.04030135247789007
234,2,2,0.020930022959750036
234,2,3,0.012476435248362014
234,2,4,0.01934863286394315
234,2,5,0.0790781852182106
234,2,6,0.19701614934183423
234,2,7,0.4243942231052458
234,2,8,0.7736733439384734
234,2,9,0.7692859363186625
234,2,10,0.5496330178614337
234,2,11,0.4978287799312372
234,2,12,0.5494893702473472
234,2,13,0.5489701573501268
234,2,14,0.601574724771627
234,2,15,0.6899739050316226
234,2,16,0.7311053393577368
234,2,17,0.8652221248510362
234,2,18,0.8947464066230284
234,2,19,0.7381054305757462
234,2,20,0.5651965972238013
234,2,21,0.435765430106169
234,2,22,0.3223500029537061
234,2,23,0.20140453197512403
234,3,0,0.10261004866916079
234,3,1,0.04872559854566522
234,3,2,0.02460714821316466
234,3,3,0.014479112617396992
234,3,4,0.017858233766024908
234,3,5,0.07396765954910901
234,3,6,0.18930062434955777
234,3,7,0.39697938810377925
234,3,8,0.7349120504781709
234,3,9,0.7447138432401327
234,3,10,0.5364070404336929
234,3,11,0.48652283065073315
234,3,12,0.5366506475506977
234,3,13,0.5300374063462593
234,3,14,0.5809816722498201
234,3,15,0.679527685843024
234,3,16,0.7217592450368564
234,3,17,0.8523731688170686
234,3,18,0.8803547486461778
234,3,19,0.7490803059556921
234,3,20,0.5850174769621349
234,3,21,0.4484431125962766
234,3,22,0.3500879018720112
234,3,23,0.24958162726209196
234,4,0,0.14639768802990122
234,4,1,0.07693786706852654
234,4,2,0.04383382764827495
234,4,3,0.02279615571989618
234,4,4,0.02298401605463878
234,4,5,0.06350192072175405
234,4,6,0.15870836063524046
234,4,7,0.3111282891954899
234,4,8,0.5621530617323273
234,4,9,0.5969501658123206
234,4,10,0.48945955592092577
234,4,11,0.4802807214078904
234,4,12,0.5455422034561733
234,4,13,0.5569424449856136
234,4,14,0.6197835386513045
234,4,15,0.7004229384460002
234,4,16,0.7336548750524624
234,4,17,0.821457752460622
234,4,18,0.8049333291616613
234,4,19,0.7157659320262961
234,4,20,0.5994163770377473
234,4,21,0.4775379622922706
234,4,22,0.41334844694018447
234,4,23,0.3565245199540543
234,5,0,0.26849558344394403
234,5,1,0.18244598743198806
234,5,2,0.12155621534100267
234,5,3,0.06881389670267475
234,5,4,0.040444735429093076
234,5,5,0.030124723718581582
234,5,6,0.053121281555326826
234,5,7,0.09866319965882704
234,5,8,0.2200972065183008
234,5,9,0.33855572344347407
234,5,10,0.46003619608273405
234,5,11,0.52860019263885
234,5,12,0.5926754091646499
234,5,13,0.6138662635315948
234,5,14,0.6210535104566192
234,5,15,0.6351068502252811
234,5,16,0.6423891448857487
234,5,17,0.6643223380090485
234,5,18,0.6591161099789095
234,5,19,0.6267684302614519
234,5,20,0.5347592486481239
234,5,21,0.4427982059057709
234,5,22,0.39093486736604866
234,5,23,0.3525871118143389
234,6,0,0.26995313919317887
234,6,1,0.18575973719412586
234,6,2,0.11999029910754791
234,6,3,0.07398381261739409
234,6,4,0.044638155603110574
234,6,5,0.026070215404018347
234,6,6,0.03896058669439658
234,6,7,0.068282237133487
234,6,8,0.1333601147110501
234,6,9,0.2223687760931789
234,6,10,0.3284862401913632
234,6,11,0.41961969760762263
234,6,12,0.471481304938775
234,6,13,0.48060722743417655
234,6,14,0.4927002968554518
234,6,15,0.504390718232951
234,6,16,0.5127548759341022
234,6,17,0.5166061015743884
234,6,18,0.49312526534494516
234,6,19,0.4141805316711033
234,6,20,0.32069676570489325
234,6,21,0.253479427340255
234,6,22,0.19959307291952955
234,6,23,0.1302696914712478
236,0,0,0.04610978570695447
236,0,1,0.022095243775420957
236,0,2,0.011492642812733066
236,0,3,0.006060169809253101
236,0,4,0.010608272574074004
236,0,5,0.03453345987435993
236,0,6,0.09669240236739371
236,0,7,0.2419595724832747
236,0,8,0.38406448864004733
236,0,9,0.3168369682333528
236,0,10,0.29972567739442846
236,0,11,0.31052942414638207
236,0,12,0.32926125981444054
236,0,13,0.34103436349456967
236,0,14,0.39862822364928174
236,0,15,0.477439898009709
236,0,16,0.4862732513898162
236,0,17,0.5237438742733358
236,0,18,0.47774244026776996
236,0,19,0.3577732662183534
236,0,20,0.2795552127867813
236,0,21,0.24725539078234485
236,0,22,0.17997106585116
236,0,23,0.10132673076634433
236,1,0,0.04717599048713055
236,1,1,0.0213487696173787
236,1,2,0.010690825627901681
236,1,3,0.005853479475343188
236,1,4,0.010561364037773371
236,1,5,0.03467000705854275
236,1,6,0.10821431862787739
236,1,7,0.28745233595502007
236,1,8,0.45843942031201124
236,1,9,0.3602387303442534
236,1,10,0.3299754687006631
236,1,11,0.32553239796150313
236,1,12,0.35256185344291474
236,1,13,0.3634985227103853
236,1,14,0.42537688792173756
236,1,15,0.5210467752854117
236,1,16,0.5355343006668918
236,1,17,0.5775961041022071
236,1,18,0.5303547140031029
236,1,19,0.42284635796786296
236,1,20,0.3311914293984847
236,1,21,0.32613599748099625
236,1,22,0.2503859468859388
236,1,23,0.12956881483834368
236,2,0,0.06045649362602933
236,2,1,0.02884990474929383
236,2,2,0.014979122618759983
236,2,3,0.008590269963278462
236,2,4,0.01214339128943467
236,2,5,0.03749783959991975
236,2,6,0.11099132516796802
236,2,7,0.28833251700905993
236,2,8,0.4633545862658563
236,2,9,0.3591966424818226
236,2,10,0.32467714620617755
236,2,11,0.3276837880174996
236,2,12,0.3467677099760497
236,2,13,0.3494469159430957
236,2,14,0.41197008629092857
236,2,15,0.5078162957048136
236,2,16,0.5181839765002201
236,2,17,0.5612781489914505
236,2,18,0.524267818599056
236,2,19,0.432029267994566
236,2,20,0.34205486522751494
236,2,21,0.33021162417456995
236,2,22,0.26756143254998854
236,2,23,0.14980416914265976
236,3,0,0.07064852941041583
236,3,1,0.032923629472728096
236,3,2,0.017811466465556126
236,3,3,0.009840292562576899
236,3,4,0.013641070594547788
236,3,5,0.03512968595546247
236,3,6,0.10936922354510176
236,3,7,0.28311588713296687
236,3,8,0.44295776390481617
236,3,9,0.3495346130174973
236,3,10,0.33220417732786245
236,3,11,0.34151764765435716
236,3,12,0.36011756867451267
236,3,13,0.37540854009337465
236,3,14,0.42497033261270095
236,3,15,0.5171875393122601
236,3,16,0.5234927497243997
236,3,17,0.565468917557095
236,3,18,0.5099457242386082
236,3,19,0.4124266782202996
236,3,20,0.3378081319623404
236,3,21,0.3245428318186512
236,3,22,0.27608026614723585
236,3,23,0.16819416834573545
236,4,0,0.09091167346511632
236,4,1,0.04411701646203464
236,4,2,0.024140663935700704
236,4,3,0.013248345079648241
236,4,4,0.013910069839119167
236,4,5,0.03493911862496598
236,4,6,0.10353328777395893
236,4,7,0.26256857225456437
236,4,8,0.38875391522566527
236,4,9,0.32838614403986005
236,4,10,0.3297365470887236
236,4,11,0.35206412853678515
236,4,12,0.3733892379018803
236,4,13,0.39019677021896243
236,4,14,0.43883052261734296
236,4,15,0.5143865862487186
236,4,16,0.513822091200786
236,4,17,0.5272052384257689
236,4,18,0.48439623285641126
236,4,19,0.39790324906082075
236,4,20,0.30353545226296336
236,4,21,0.2773710308901569
236,4,22,0.25766685991021954
236,4,23,0.19287236298071608
236,5,0,0.13334321966652876
236,5,1,0.09033003758315328
236,5,2,0.06448135682444912
236,5,3,0.0394732323048252
236,5,4,0.02365455195224454
236,5,5,0.021722467606199315
236,5,6,0.04910626998246746
236,5,7,0.09218053332365306
236,5,8,0.15001326923286806
236,5,9,0.252106030241812
236,5,10,0.31749733991473184
236,5,11,0.34727115383062124
236,5,12,0.37704163739491015
236,5,13,0.3865950017471686
236,5,14,0.4068536062707632
236,5,15,0.4056728653266391
236,5,16,0.40412373948299696
236,5,17,0.38720706234963315
236,5,18,0.35578657264270624
236,5,19,0.31701722070903376
236,5,20,0.26465882033368987
236,5,21,0.2578933313758552
236,5,22,0.2582710866916589
236,5,23,0.2149986690676744
236,6,0,0.1482303904805916
236,6,1,0.10429485832806629
236,6,2,0.06835532350956465
236,6,3,0.044813464805705
236,6,4,0.027308919407231246
236,6,5,0.021087574812261162
236,6,6,0.04684987777029208
236,6,7,0.08020949489490253
236,6,8,0.12225719559655565
236,6,9,0.19483855333634365
236,6,10,0.28565535037371714
236,6,11,0.3118640987917218
236,6,12,0.32820851806146
236,6,13,0.3352281283105094
236,6,14,0.34444026548389867
236,6,15,0.3553458698232119
236,6,16,0.33704274390767236
236,6,17,0.32432806645426143
236,6,18,0.2995519196418302
236,6,19,0.2452141198120987
236,6,20,0.20294327575260276
236,6,21,0.17534950659119045
236,6,22,0.13664143866775433
236,6,23,0.0833878313573004
237,0,0,0.04228598737583584
237,0,1,0.01660592096355253
237,0,2,0.008522919291641692
237,0,3,0.005877070359705933
237,0,4,0.012076910601847114
237,0,5,0.03680232867408662
237,0,6,0.10351675734518341
237,0,7,0.2266264259646456
237,0,8,0.38885405284025637
237,0,9,0.374470263273888
237,0,10,0.3534807354818445
237,0,11,0.37348201027948036
237,0,12,0.4136638997028297
237,0,13,0.4168109906452096
237,0,14,0.46785891150618036
237,0,15,0.5688880853851743
237,0,16,0.6050220060739769
237,0,17,0.6616334510399732
237,0,18,0.5919367556253977
237,0,19,0.41710339335066127
237,0,20,0.29744178430924917
237,0,21,0.23340856108424574
237,0,22,0.17639302863049433
237,0,23,0.10418365360512313
237,1,0,0.04745037318479994
237,1,1,0.017712337943171442
237,1,2,0.00883595936463667
237,1,3,0.006951005401941683
237,1,4,0.012666598821697834
237,1,5,0.03718528674690349
237,1,6,0.11313787915725394
237,1,7,0.27320174727433477
237,1,8,0.4812512314948811
237,1,9,0.45422238156773354
237,1,10,0.40621039143493054
237,1,11,0.4182254998794722
237,1,12,0.4674246789677977
237,1,13,0.45629446321833445
237,1,14,0.5173022042933612
237,1,15,0.6222739126737041
237,1,16,0.6739312113350392
237,1,17,0.7240469863024657
237,1,18,0.6776599097820065
237,1,19,0.5027125257696663
237,1,20,0.35549673243932695
237,1,21,0.29665502190857784
237,1,22,0.23022695550654515
237,1,23,0.12896876018514208
237,2,0,0.0589495526145362
237,2,1,0.02515365454909378
237,2,2,0.011867230226526363
237,2,3,0.008098650867625713
237,2,4,0.013612888311857372
237,2,5,0.039555839087216195
237,2,6,0.115991924704468
237,2,7,0.2695930862554115
237,2,8,0.4778289217568361
237,2,9,0.4513243915763322
237,2,10,0.4202926087827256
237,2,11,0.43216991694443835
237,2,12,0.4708803680051662
237,2,13,0.4606082240276856
237,2,14,0.5167567120702249
237,2,15,0.6181081805207003
237,2,16,0.6794643330950562
237,2,17,0.721561111450368
237,2,18,0.665891982275877
237,2,19,0.5114640804789593
237,2,20,0.3715506605823144
237,2,21,0.311335750596233
237,2,22,0.24925223775109084
237,2,23,0.14825681191710055
237,3,0,0.06796568921772865
237,3,1,0.030472943828328092
237,3,2,0.014385815727147658
237,3,3,0.009430795216573671
237,3,4,0.014356093125382876
237,3,5,0.03794355328172239
237,3,6,0.11191296465906499
237,3,7,0.26085051258272135
237,3,8,0.4602238414026656
237,3,9,0.4440702017936889
237,3,10,0.41614520700640983
237,3,11,0.4332441938010587
237,3,12,0.4746219120891989
237,3,13,0.4707359458791581
237,3,14,0.5238880945822206
237,3,15,0.6313661540249259
237,3,16,0.6708054942626138
237,3,17,0.7054975592612224
237,3,18,0.6546378932731182
237,3,19,0.5101622929700862
237,3,20,0.38388649234155403
237,3,21,0.31252047937019783
237,3,22,0.2606775656444791
237,3,23,0.16837670172360175
237,4,0,0.0888156042927821
237,4,1,0.040334844566109404
237,4,2,0.021527586140483102
237,4,3,0.01286291825505944
237,4,4,0.015354422256810508
237,4,5,0.0376172866016343
237,4,6,0.10343130368823134
237,4,7,0.2209564867644827
237,4,8,0.3756211433248229
237,4,9,0.3975397651855668
237,4,10,0.3944726022944625
237,4,11,0.4252567289882388
237,4,12,0.47365433531074785
237,4,13,0.4761829066082993
237,4,14,0.5261461897503414
237,4,15,0.6154618592984049
237,4,16,0.6363799855672654
237,4,17,0.6563941995734998
237,4,18,0.5816656510138871
237,4,19,0.47995596701329873
237,4,20,0.35779679043137763
237,4,21,0.2913573202906082
237,4,22,0.266404762298796
237,4,23,0.19685057374641193
237,5,0,0.12011284309246066
237,5,1,0.07327725656624606
237,5,2,0.049652445982097705
237,5,3,0.029329931003775785
237,5,4,0.020108538281986704
237,5,5,0.022164160112014376
237,5,6,0.05764033954692983
237,5,7,0.10703756542320883
237,5,8,0.1613266739946933
237,5,9,0.2792156970105239
237,5,10,0.3501147407036367
237,5,11,0.400524214370473
237,5,12,0.44165945155384606
237,5,13,0.4545912031752234
237,5,14,0.468732854589967
237,5,15,0.4732156294394169
237,5,16,0.4635218572972528
237,5,17,0.4581458906325525
237,5,18,0.451977640708493
237,5,19,0.41063842369872944
237,5,20,0.3227168242191695
237,5,21,0.26346158106252565
237,5,22,0.2549103965676126
237,5,23,0.20747441285444782
237,6,0,0.1315544719034742
237,6,1,0.08264198706328145
237,6,2,0.05122591625670905
237,6,3,0.033196596395898406
237,6,4,0.02218639781790241
237,6,5,0.021340567483849368
237,6,6,0.05175696690049913
237,6,7,0.09975126251897361
237,6,8,0.13150477280994063
237,6,9,0.19119014469469842
237,6,10,0.26263401246229295
237,6,11,0.3383186637562312
237,6,12,0.36283580075383803
237,6,13,0.36619332654809855
237,6,14,0.36914387643525676
237,6,15,0.3749514274597752
237,6,16,0.3622934204856609
237,6,17,0.3547312584364102
237,6,18,0.32731343723119205
237,6,19,0.2570678622481777
237,6,20,0.2029490777611283
237,6,21,0.16697698357102492
237,6,22,0.1344417146320273
237,6,23,0.08283142290105386
238,0,0,0.05966186833259962
238,0,1,0.029931214917039185
238,0,2,0.017023139316773264
238,0,3,0.011354855082543736
238,0,4,0.015181277594752327
238,0,5,0.02727079756545909
238,0,6,0.06044103843977427
238,0,7,0.17490607260382013
238,0,8,0.30947035761433284
238,0,9,0.20376996620284255
238,0,10,0.16654010228375013
238,0,11,0.17363661178811732
238,0,12,0.18968462439013256
238,0,13,0.20039561494616454
238,0,14,0.24464288624258654
238,0,15,0.31518957543980974
238,0,16,0.3421938964146335
238,0,17,0.38116741381096153
238,0,18,0.3632552035956661
238,0,19,0.2780194731988463
238,0,20,0.23602514361007249
238,0,21,0.210448353352373
238,0,22,0.1655910947331663
238,0,23,0.10488483590275881
238,1,0,0.05865872546231983
238,1,1,0.027900311979156614
238,1,2,0.01537170910859591
238,1,3,0.009590492768286826
238,1,4,0.013251995227977948
238,1,5,0.02761357541641308
238,1,6,0.06966965380549918
238,1,7,0.213812484906081
238,1,8,0.378712407505816
238,1,9,0.24075891191529508
238,1,10,0.18390172361115176
238,1,11,0.18488542970433408
238,1,12,0.19870757572396822
238,1,13,0.2110494533991639
238,1,14,0.25673078563348867
238,1,15,0.33765976845894946
238,1,16,0.36576172082265335
238,1,17,0.4209319646087631
238,1,18,0.4065670572559599
238,1,19,0.31466454855339915
238,1,20,0.2641511429104911
238,1,21,0.25598215366378085
238,1,22,0.20615641548308702
238,1,23,0.1258938040717725
238,2,0,0.07119802519483541
238,2,1,0.03595234762543246
238,2,2,0.020426955167839798
238,2,3,0.012704087427147634
238,2,4,0.014561295484397227
238,2,5,0.03052285969997462
238,2,6,0.0660714397967878
238,2,7,0.2151916516386256
238,2,8,0.37352319202254597
238,2,9,0.24274550245801438
238,2,10,0.1905296175283055
238,2,11,0.19196204735856173
238,2,12,0.21291360088235442
238,2,13,0.2214905119200265
238,2,14,0.26754461614137226
238,2,15,0.335701074162293
238,2,16,0.3695028282304043
238,2,17,0.42170636721391935
238,2,18,0.4031139754573249
238,2,19,0.31252904267437004
238,2,20,0.2733866800299574
238,2,21,0.26056621345869513
238,2,22,0.21785967879608603
238,2,23,0.1431511766836848
238,3,0,0.0794795927491055
238,3,1,0.04115051442750094
238,3,2,0.023648776155631233
238,3,3,0.01483999084591221
238,3,4,0.014524669448923201
238,3,5,0.02602595789149289
238,3,6,0.06642229839104735
238,3,7,0.20439906314215764
238,3,8,0.35905154486121793
238,3,9,0.24000791023044732
238,3,10,0.18997654488366544
238,3,11,0.19621914756094586
238,3,12,0.210722782924977
238,3,13,0.2185795309970524
238,3,14,0.2683262388963109
238,3,15,0.341344288150375
238,3,16,0.3699891986231994
238,3,17,0.412438714251115
238,3,18,0.3982574600432443
238,3,19,0.30955954615340675
238,3,20,0.27103776682010317
238,3,21,0.25919204023211956
238,3,22,0.2263984349197004
238,3,23,0.15976258362459825
238,4,0,0.1005016627991668
238,4,1,0.05304705852823836
238,4,2,0.031088720744724366
238,4,3,0.01841599644219265
238,4,4,0.017936418714911244
238,4,5,0.02638503626693627
238,4,6,0.0637321512918459
238,4,7,0.19303143750527424
238,4,8,0.3096929850430019
238,4,9,0.21880057153288188
238,4,10,0.19427405504332362
238,4,11,0.20833771487767686
238,4,12,0.2348262949432959
238,4,13,0.24637704071617883
238,4,14,0.3001084729294099
238,4,15,0.3589561877286807
238,4,16,0.3685816572130454
238,4,17,0.3901241724565957
238,4,18,0.365882484478787
238,4,19,0.29847226070069
238,4,20,0.2374258304932993
238,4,21,0.22162523039126836
238,4,22,0.2154810839788663
238,4,23,0.18048071601146526
238,5,0,0.1373852554666575
238,5,1,0.09498093511251032
238,5,2,0.06710679796496576
238,5,3,0.04693590941211702
238,5,4,0.031357939454072455
238,5,5,0.02195660560975779
238,5,6,0.03538951068984136
238,5,7,0.07190792400220121
238,5,8,0.12226638121324691
238,5,9,0.17671579097316678
238,5,10,0.21124976070321103
238,5,11,0.2325293871002353
238,5,12,0.2554878316457859
238,5,13,0.25930906291025113
238,5,14,0.2620479768730665
238,5,15,0.2715184759596422
238,5,16,0.2856623346485734
238,5,17,0.29271050233135854
238,5,18,0.28768237941962693
238,5,19,0.2541351083388076
238,5,20,0.21970074702586237
238,5,21,0.21864919357893997
238,5,22,0.22112622547893448
238,5,23,0.1972514309603473
238,6,0,0.1528154147363803
238,6,1,0.11463785501544584
238,6,2,0.07702267027673346
238,6,3,0.05273657218602177
238,6,4,0.0363067430458959
238,6,5,0.023085724930389066
238,6,6,0.03277516187480188
238,6,7,0.05819187226795923
238,6,8,0.10238977123547727
238,6,9,0.14862196187420856
238,6,10,0.200071706241357
238,6,11,0.2248850300570389
238,6,12,0.24480484123438687
238,6,13,0.25532383641999085
238,6,14,0.2550529817900739
238,6,15,0.2618998928674932
238,6,16,0.2695098262238922
238,6,17,0.2677379687442976
238,6,18,0.26138638118478214
238,6,19,0.21783932008000137
238,6,20,0.18959479219648714
238,6,21,0.16752193668206225
238,6,22,0.14270312838947724
238,6,23,0.1024050002865117
239,0,0,0.05326920474928531
239,0,1,0.026935008236455716
239,0,2,0.012804043374592768
239,0,3,0.006480785420767006
239,0,4,0.007213510615710045
239,0,5,0.01686355037873001
239,0,6,0.03865729352262402
239,0,7,0.09697694576064687
239,0,8,0.1635011125947729
239,0,9,0.1527375205720656
239,0,10,0.16141521497763703
239,0,11,0.1713569830157759
239,0,12,0.19536430416614375
239,0,13,0.20161533811543178
239,0,14,0.23061388046959888
239,0,15,0.27717647261254774
239,0,16,0.30531943777264836
239,0,17,0.3703342189905086
239,0,18,0.39491177034649266
239,0,19,0.3189232018063087
239,0,20,0.24162972695015025
239,0,21,0.21337754134051157
239,0,22,0.161939717318773
239,0,23,0.09767475646404084
239,1,0,0.05350351015653895
239,1,1,0.025021517888829094
239,1,2,0.012200780397594905
239,1,3,0.00589448882939179
239,1,4,0.006374975313556076
239,1,5,0.019684227197416016
239,1,6,0.04878155415081691
239,1,7,0.11100887109041299
239,1,8,0.1872618047537152
239,1,9,0.1649710537652497
239,1,10,0.17266888002329847
239,1,11,0.17980403663713276
239,1,12,0.2040774143977804
239,1,13,0.20841587760423386
239,1,14,0.2400569941379249
239,1,15,0.29466327282068117
239,1,16,0.32370399031230607
239,1,17,0.40705059147414424
239,1,18,0.4522227769374598
239,1,19,0.36594747015600626
239,1,20,0.2804000058474633
239,1,21,0.2650427197403406
239,1,22,0.21024104716191044
239,1,23,0.12357147353501086
239,2,0,0.06577560462308163
239,2,1,0.033517340717845935
239,2,2,0.017314903419206645
239,2,3,0.00919524149236115
239,2,4,0.008988499892705261
239,2,5,0.019217317421203473
239,2,6,0.04062303538227758
239,2,7,0.10560890483226308
239,2,8,0.19370726003988456
239,2,9,0.16875816992498816
239,2,10,0.17453600336688568
239,2,11,0.1823132278732114
239,2,12,0.21065901245625512
239,2,13,0.21236548604300354
239,2,14,0.24260846575232367
239,2,15,0.29959208725233566
239,2,16,0.32769598195792043
239,2,17,0.4030246184564345
239,2,18,0.44863402173705047
239,2,19,0.3757345229510388
239,2,20,0.28728789232591084
239,2,21,0.26710788558914267
239,2,22,0.2235283449197602
239,2,23,0.13969732677224342
239,3,0,0.07636552648632271
239,3,1,0.03854447385030644
239,3,2,0.020140283178347033
239,3,3,0.010629200160534
239,3,4,0.009340459417567226
239,3,5,0.019290051241786337
239,3,6,0.046485053276397875
239,3,7,0.1101293842110858
239,3,8,0.18319560526523113
239,3,9,0.16933994791993892
239,3,10,0.17845432549493123
239,3,11,0.18899113835493772
239,3,12,0.21117781034906927
239,3,13,0.2222236088207891
239,3,14,0.24941747921237742
239,3,15,0.29865045802496754
239,3,16,0.32376218398778456
239,3,17,0.39839638121090465
239,3,18,0.4296710561988541
239,3,19,0.3730329154952721
239,3,20,0.2962453314949314
239,3,21,0.2725317615625067
239,3,22,0.23677919878536166
239,3,23,0.15530037083212986
239,4,0,0.09664253939106851
239,4,1,0.05230265265772442
239,4,2,0.027771997575374182
239,4,3,0.014140920498289791
239,4,4,0.011323812934052067
239,4,5,0.02097390852575856
239,4,6,0.04493294091397504
239,4,7,0.10461671806075214
239,4,8,0.18792612325966845
239,4,9,0.1782107323968131
239,4,10,0.19176081388244237
239,4,11,0.2134975861237242
239,4,12,0.241559588334485
239,4,13,0.24771394267162916
239,4,14,0.27708622496798313
239,4,15,0.3199873793089398
239,4,16,0.3471074027503625
239,4,17,0.39590744376583276
239,4,18,0.4065572899822634
239,4,19,0.3663467987684124
239,4,20,0.2755716762626576
239,4,21,0.24601668961547168
239,4,22,0.2416700288045368
239,4,23,0.18834429324818067
239,5,0,0.144567771529339
239,5,1,0.10382076210915937
239,5,2,0.07447792932037896
239,5,3,0.04442229709336461
239,5,4,0.025380516047307178
239,5,5,0.017986023981247004
239,5,6,0.028827731708994473
239,5,7,0.05850764922342761
239,5,8,0.10663812238878104
239,5,9,0.18768961072675736
239,5,10,0.251572009064328
239,5,11,0.2721626789041592
239,5,12,0.31086078984979626
239,5,13,0.31517088179896396
239,5,14,0.3116732397927947
239,5,15,0.32571852601462087
239,5,16,0.33150042154603293
239,5,17,0.3401632609192564
239,5,18,0.34215646515058845
239,5,19,0.33552724636266107
239,5,20,0.2621662452476428
239,5,21,0.24012580740289427
239,5,22,0.24155438111493038
239,5,23,0.210134467192581
239,6,0,0.15738670413066885
239,6,1,0.11920284582322646
239,6,2,0.07907110343853899
239,6,3,0.05161383159398881
239,6,4,0.029647815842354822
239,6,5,0.018967390025338635
239,6,6,0.03173903669149143
239,6,7,0.05865170040275831
239,6,8,0.10821256473024168
239,6,9,0.20848021779828355
239,6,10,0.2790734399366606
239,6,11,0.3125137828219613
239,6,12,0.31257523122275505
239,6,13,0.31405082472999657
239,6,14,0.30548859380991134
239,6,15,0.3110008658649526
239,6,16,0.3013801345598043
239,6,17,0.30117558749368983
239,6,18,0.2935818571821811
239,6,19,0.24897920207416607
239,6,20,0.19558408447427011
239,6,21,0.1699196679770963
239,6,22,0.13791181605250977
239,6,23,0.0906451377790489
243,0,0,0.07510781515856695
243,0,1,0.047797057066061764
243,0,2,0.03260737641351015
243,0,3,0.022471858431482056
243,0,4,0.024740630583268735
243,0,5,0.03898130972484634
243,0,6,0.07207424825190728
243,0,7,0.173866071626153
243,0,8,0.20391680970145581
243,0,9,0.1442981480419563
243,0,10,0.11809041246473785
243,0,11,0.10828436979771865
243,0,12,0.10963764233015892
243,0,13,0.12011382141235448
243,0,14,0.13919581476735932
243,0,15,0.1449467867505642
243,0,16,0.1473028854978983
243,0,17,0.15114810977418008
243,0,18,0.13517257873856098
243,0,19,0.11805433665185965
243,0,20,0.0999967065801074
243,0,21,0.09257353547224975
243,0,22,0.08780772011375228
243,0,23,0.07966108083061327
243,1,0,0.0554017876851046
243,1,1,0.03326362904257831
243,1,2,0.021458668761946235
243,1,3,0.014616099110274478
243,1,4,0.01963159885980146
243,1,5,0.03906583492406081
243,1,6,0.07693326655931752
243,1,7,0.19474463204509782
243,1,8,0.23236467578951397
243,1,9,0.15970757989390028
243,1,10,0.12598249957581642
243,1,11,0.1129630181296319
243,1,12,0.11517425741757306
243,1,13,0.1247120201352095
243,1,14,0.14975181270910812
243,1,15,0.15777504568612435
243,1,16,0.1571663706266942
243,1,17,0.1617038950953944
243,1,18,0.1453114286532216
243,1,19,0.12607874580893674
243,1,20,0.11251372714102986
243,1,21,0.10435779526307425
243,1,22,0.09680113506995257
243,1,23,0.08680012111032287
243,2,0,0.06325929606115537
243,2,1,0.03974077415094602
243,2,2,0.026514212394778167
243,2,3,0.01857565852146393
243,2,4,0.02144091776963081
243,2,5,0.03860185642234223
243,2,6,0.07827884950413413
243,2,7,0.19342281431462216
243,2,8,0.22747413620565735
243,2,9,0.15721829433684056
243,2,10,0.12316929911163757
243,2,11,0.1132137218606235
243,2,12,0.11815571827503756
243,2,13,0.12324399293430766
243,2,14,0.14527579785516573
243,2,15,0.15147523889376727
243,2,16,0.15318059392050734
243,2,17,0.15740424306095904
243,2,18,0.1449265947682968
243,2,19,0.13107494592506128
243,2,20,0.11647974533258106
243,2,21,0.1110332785300651
243,2,22,0.10563570294821092
243,2,23,0.09687997772531547
243,3,0,0.07158686754537247
243,3,1,0.04678637970776041
243,3,2,0.029564041565995996
243,3,3,0.021463155237844665
243,3,4,0.02360320617359196
243,3,5,0.040065134333317765
243,3,6,0.07632826629005543
243,3,7,0.1900763634132668
243,3,8,0.2258132255567386
243,3,9,0.15735972589244474
243,3,10,0.127351530922825
243,3,11,0.11856400234152582
243,3,12,0.11990031877848098
243,3,13,0.12699792840749108
243,3,14,0.1482932369027989
243,3,15,0.15694724545976113
243,3,16,0.15951123325385783
243,3,17,0.16302756973843271
243,3,18,0.15186559232998564
243,3,19,0.13547548302133708
243,3,20,0.12166041815438984
243,3,21,0.11641272345106636
243,3,22,0.11359816172455113
243,3,23,0.10420300022500933
243,4,0,0.08147979916432793
243,4,1,0.0549817638425657
243,4,2,0.036365787345595
243,4,3,0.024683098877927627
243,4,4,0.025132280542907833
243,4,5,0.03992804965208681
243,4,6,0.07447571582446276
243,4,7,0.1789165151650849
243,4,8,0.20719388493436042
243,4,9,0.14791398487432456
243,4,10,0.12746612657929032
243,4,11,0.12379125566819241
243,4,12,0.12649554943827312
243,4,13,0.13394251041615074
243,4,14,0.15718660408165866
243,4,15,0.1657813794301754
243,4,16,0.16738495648696594
243,4,17,0.1703212380045716
243,4,18,0.15954404850186615
243,4,19,0.14581105382775122
243,4,20,0.13370478463943924
243,4,21,0.1312786090540773
243,4,22,0.13517506928290293
243,4,23,0.13598971106500796
243,5,0,0.11975832398179466
243,5,1,0.09265473754628001
243,5,2,0.06822743166493579
243,5,3,0.04927304119230672
243,5,4,0.044514355982835915
243,5,5,0.037079916032137714
243,5,6,0.04452688193689705
243,5,7,0.06898056746523488
243,5,8,0.09240066525803746
243,5,9,0.1090116778450025
243,5,10,0.12413913241771438
243,5,11,0.1317803931760153
243,5,12,0.13811412390845085
243,5,13,0.1474129775601472
243,5,14,0.15378378822096894
243,5,15,0.15393934592786582
243,5,16,0.14941636003617617
243,5,17,0.14734430621791733
243,5,18,0.14620362360551142
243,5,19,0.1399968917197608
243,5,20,0.14021305726023112
243,5,21,0.1415759790940416
243,5,22,0.14615174026332403
243,5,23,0.15533282505225868
243,6,0,0.13740996069214956
243,6,1,0.11086265778601598
243,6,2,0.08145364667995415
243,6,3,0.06128568593818036
243,6,4,0.05252731278138986
243,6,5,0.03811143305458123
243,6,6,0.03871966296116501
243,6,7,0.05321467843965797
243,6,8,0.0663823875591723
243,6,9,0.07905768227481859
243,6,10,0.10394025254385303
243,6,11,0.1075813461549241
243,6,12,0.11265645814912446
243,6,13,0.12158068428147711
243,6,14,0.13262308403201287
243,6,15,0.13732074504004751
243,6,16,0.1311681910859133
243,6,17,0.12854449950226063
243,6,18,0.12611344275400035
243,6,19,0.1229259626015017
243,6,20,0.11729740198473891
243,6,21,0.11508544955844559
243,6,22,0.10953806252841244
243,6,23,0.10041493712823696
244,0,0,0.10326286342737767
244,0,1,0.06571642173218288
244,0,2,0.04505083206590666
244,0,3,0.031690931668877265
244,0,4,0.040889525322076396
244,0,5,0.06683109954103292
244,0,6,0.15205066483460464
244,0,7,0.2358046371881366
244,0,8,0.297987793043731
244,0,9,0.2587054978241845
244,0,10,0.20012579404074152
244,0,11,0.17221798213656322
244,0,12,0.17437098881175678
244,0,13,0.1824761620905517
244,0,14,0.19414134903770042
244,0,15,0.20400912862787526
244,0,16,0.20785586393532063
244,0,17,0.2163916334824406
244,0,18,0.18848819898757221
244,0,19,0.16011925095118865
244,0,20,0.13504625217675834
244,0,21,0.11993695508345655
244,0,22,0.12013803363385878
244,0,23,0.11161491931654009
244,1,0,0.08061551087369609
244,1,1,0.04789314355864614
244,1,2,0.032468238885958185
244,1,3,0.023225139196061836
244,1,4,0.03296372589950232
244,1,5,0.06754297371235089
244,1,6,0.15935842497773275
244,1,7,0.2551029830495623
244,1,8,0.3333197801816059
244,1,9,0.28786384299302253
244,1,10,0.21755925893151495
244,1,11,0.18656262281301042
244,1,12,0.18331916076507512
244,1,13,0.19170153367453488
244,1,14,0.2111446378364211
244,1,15,0.2170179668838462
244,1,16,0.22653103995053428
244,1,17,0.2374483580699374
244,1,18,0.19863964337782034
244,1,19,0.16793890579225082
244,1,20,0.14062542802288613
244,1,21,0.1332911483152203
244,1,22,0.13195221839794893
244,1,23,0.11904713998771221
244,2,0,0.08645941601206651
244,2,1,0.05462844088458275
244,2,2,0.0387531361828621
244,2,3,0.027552855838470763
244,2,4,0.035736902649139354
244,2,5,0.06896538475534891
244,2,6,0.1633632571174225
244,2,7,0.2571106547240356
244,2,8,0.3317416116198909
244,2,9,0.2804291375844127
244,2,10,0.2144351838775521
244,2,11,0.18355785747463363
244,2,12,0.18454894520339468
244,2,13,0.1948531243834436
244,2,14,0.21082507080326657
244,2,15,0.21959551067749725
244,2,16,0.22287336728069423
244,2,17,0.23268071522632958
244,2,18,0.20091325451810352
244,2,19,0.1754600405027268
244,2,20,0.1504257271481676
244,2,21,0.13696194833496955
244,2,22,0.137583251043217
244,2,23,0.126236994035773
244,3,0,0.09389763205432819
244,3,1,0.060031394411855045
244,3,2,0.0434659544472066
244,3,3,0.03259300109288451
244,3,4,0.03847602435093059
244,3,5,0.06737748546364745
244,3,6,0.15851767449932253
244,3,7,0.25483165557315224
244,3,8,0.32405148367869285
244,3,9,0.27302456928814517
244,3,10,0.21730022341258323
244,3,11,0.1861659963985122
244,3,12,0.18631933326489447
244,3,13,0.19236270067014993
244,3,14,0.20916306127269127
244,3,15,0.22035046175657813
244,3,16,0.22594711968364262
244,3,17,0.23464718667226814
244,3,18,0.2065502072828154
244,3,19,0.1780000530661561
244,3,20,0.1543824890518443
244,3,21,0.14270074767419222
244,3,22,0.1479147398822153
244,3,23,0.1357155095177952
244,4,0,0.10868532633719645
244,4,1,0.07177226527559598
244,4,2,0.05012380819267215
244,4,3,0.03616669943521244
244,4,4,0.04235536257007851
244,4,5,0.06950136715669664
244,4,6,0.15789864643040397
244,4,7,0.24627615744217835
244,4,8,0.3127645764975528
244,4,9,0.2679936088251813
244,4,10,0.21549512909726826
244,4,11,0.18881944937982553
244,4,12,0.19496570744499145
244,4,13,0.1978284796472246
244,4,14,0.21662125589546885
244,4,15,0.22863019291204414
244,4,16,0.2304258297865237
244,4,17,0.23203440160455668
244,4,18,0.21760934309042704
244,4,19,0.20368881671359088
244,4,20,0.17633099448100062
244,4,21,0.15953158193812683
244,4,22,0.16892134715875876
244,4,23,0.1676080319296793
244,5,0,0.14807568620701708
244,5,1,0.11932946414519566
244,5,2,0.09513569279807725
244,5,3,0.07329473179081179
244,5,4,0.06951586036324976
244,5,5,0.05836920715270802
244,5,6,0.10736636105880129
244,5,7,0.12762135451938078
244,5,8,0.13260637944393938
244,5,9,0.14926813560006572
244,5,10,0.15514235461189646
244,5,11,0.15933866237429634
244,5,12,0.16767254985312965
244,5,13,0.17629045141209393
244,5,14,0.18424057192433377
244,5,15,0.1909840207535412
244,5,16,0.17966148655693906
244,5,17,0.18382489769290833
244,5,18,0.18752019446544052
244,5,19,0.19174962591550582
244,5,20,0.18271593094288124
244,5,21,0.1662684556090575
244,5,22,0.17175690334793797
244,5,23,0.174284139580837
244,6,0,0.1603989726611504
244,6,1,0.14010633326721597
244,6,2,0.10884053332955013
244,6,3,0.08803489077596158
244,6,4,0.07699291530734326
244,6,5,0.059982224115591155
244,6,6,0.1010618902002876
244,6,7,0.113664732848808
244,6,8,0.10650895647013442
244,6,9,0.10872575724014935
244,6,10,0.12236318314175505
244,6,11,0.13398772028659758
244,6,12,0.14567281359028836
244,6,13,0.14587557062488704
244,6,14,0.15827473551900204
244,6,15,0.1651866132196181
244,6,16,0.15609764398188783
244,6,17,0.15923251233733227
244,6,18,0.16332356685293536
244,6,19,0.15906292491748394
244,6,20,0.14736212828286288
244,6,21,0.13797001149075344
244,6,22,0.14359851445236868
244,6,23,0.13715996938673625
246,0,0,0.06064743151144727
246,0,1,0.03265002535766456
246,0,2,0.018941332763982147
246,0,3,0.01106750040280525
246,0,4,0.016282713835780338
246,0,5,0.06103878266351628
246,0,6,0.1492411832304656
246,0,7,0.3298468974448117
246,0,8,0.49340516997554396
246,0,9,0.4219428901862095
246,0,10,0.2851823721341032
246,0,11,0.26528944432369506
246,0,12,0.2710833374199997
246,0,13,0.2781197529629397
246,0,14,0.2976746772770981
246,0,15,0.33774579931938065
246,0,16,0.3917473036615583
246,0,17,0.5577754972578306
246,0,18,0.5350150142099833
246,0,19,0.3848105056470388
246,0,20,0.2775427389170982
246,0,21,0.21008558383208625
246,0,22,0.15496024168451308
246,0,23,0.0952158365539042
246,1,0,0.05393871434916508
246,1,1,0.02950850013856774
246,1,2,0.0154507575436613
246,1,3,0.009840941973555912
246,1,4,0.01649091435654002
246,1,5,0.0773928797349706
246,1,6,0.19554904863476497
246,1,7,0.4184969836219706
246,1,8,0.6156066425450656
246,1,9,0.5578681011126735
246,1,10,0.37057376872599257
246,1,11,0.3104279676613148
246,1,12,0.31394022458131926
246,1,13,0.305351526785933
246,1,14,0.33493012720591686
246,1,15,0.385669007642871
246,1,16,0.4537937229837901
246,1,17,0.6593821341448077
246,1,18,0.6282237624521003
246,1,19,0.4656890254890888
246,1,20,0.3347197391446127
246,1,21,0.2641228010176572
246,1,22,0.19943433305350186
246,1,23,0.12533030084004343
246,2,0,0.07026867320653346
246,2,1,0.038449288844444755
246,2,2,0.022043885744162033
246,2,3,0.015510819340164872
246,2,4,0.018697544181646646
246,2,5,0.07827700796596167
246,2,6,0.18658506733626798
246,2,7,0.42085296042373516
246,2,8,0.60602319651027
246,2,9,0.5507870603082937
246,2,10,0.3716935616794512
246,2,11,0.31985820501818524
246,2,12,0.3159034416812914
246,2,13,0.3100011302961815
246,2,14,0.34213417467967816
246,2,15,0.3872166885861889
246,2,16,0.4513397374130415
246,2,17,0.6541566032349962
246,2,18,0.6275110240419998
246,2,19,0.46469862835140946
246,2,20,0.34101956336017597
246,2,21,0.2759605981508306
246,2,22,0.22398571266789832
246,2,23,0.16448781724940426
246,3,0,0.09819793879134339
246,3,1,0.05400883231199506
246,3,2,0.028729635904861463
246,3,3,0.018437870499677232
246,3,4,0.019155047723761944
246,3,5,0.07250302370038106
246,3,6,0.17956452817620297
246,3,7,0.3938801719662467
246,3,8,0.5782421112939472
246,3,9,0.5383393738506803
246,3,10,0.3618687464962145
246,3,11,0.31325306243033646
246,3,12,0.3262384689226807
246,3,13,0.3216823260086311
246,3,14,0.34588745328780096
246,3,15,0.39626328813485606
246,3,16,0.4646481966393719
246,3,17,0.6435477703673412
246,3,18,0.654735412844471
246,3,19,0.5083481478464218
246,3,20,0.3621009102793863
246,3,21,0.2865063809889564
246,3,22,0.23583620638546407
246,3,23,0.17345792976575714
246,4,0,0.11032755926156011
246,4,1,0.06358489974105344
246,4,2,0.03980724828982937
246,4,3,0.023052315556894513
246,4,4,0.022326974767354953
246,4,5,0.0674330841720838
246,4,6,0.1409822969077203
246,4,7,0.2901875918482056
246,4,8,0.44034789562731796
246,4,9,0.405754783658033
246,4,10,0.30417143483829884
246,4,11,0.29746485460019934
246,4,12,0.31376509263411706
246,4,13,0.32695976061080606
246,4,14,0.363014336613695
246,4,15,0.41498853651804785
246,4,16,0.464564532788534
246,4,17,0.541428458169512
246,4,18,0.5304039934466809
246,4,19,0.44294141789758795
246,4,20,0.3351927810959755
246,4,21,0.2729653414455063
246,4,22,0.2592719268102666
246,4,23,0.25354348664378945
246,5,0,0.2127131742532112
246,5,1,0.14700648971213437
246,5,2,0.10277907787606672
246,5,3,0.0657145391483189
246,5,4,0.041137642798642966
246,5,5,0.029085822552104977
246,5,6,0.06037605022291403
246,5,7,0.10791827047715884
246,5,8,0.1842990010389949
246,5,9,0.2717356673316307
246,5,10,0.32790459104132363
246,5,11,0.38580284335540166
246,5,12,0.4161355132029008
246,5,13,0.43468455404014444
246,5,14,0.45978951207248037
246,5,15,0.47489913630329533
246,5,16,0.4771396719064464
246,5,17,0.4810356535344198
246,5,18,0.46683902790237397
246,5,19,0.4043074600343562
246,5,20,0.3250130127591998
246,5,21,0.27057016967671127
246,5,22,0.261804405961202
246,5,23,0.2691123457452274
246,6,0,0.2324682345267638
246,6,1,0.16484377974023556
246,6,2,0.1060565611921746
246,6,3,0.07008939707140785
246,6,4,0.04464974243769116
246,6,5,0.030234141156463886
246,6,6,0.051530531467469776
246,6,7,0.09868850447900729
246,6,8,0.15761687886686415
246,6,9,0.2377202432417437
246,6,10,0.28827489455282257
246,6,11,0.32846396810327033
246,6,12,0.35175511960666805
246,6,13,0.3651113893147567
246,6,14,0.364780438832855
246,6,15,0.38264774760592885
246,6,16,0.37151833934732204
246,6,17,0.37355733787739576
246,6,18,0.35974287516787334
246,6,19,0.2863820047966653
246,6,20,0.23269808452645946
246,6,21,0.18212732272665408
246,6,22,0.14928814163262025
246,6,23,0.1022447308674611
249,0,0,0.08309439952786332
249,0,1,0.04144671436069026
249,0,2,0.02118397796829994
249,0,3,0.011252362600384274
249,0,4,0.010364949583175208
249,0,5,0.020862501747611936
249,0,6,0.053701258482001364
249,0,7,0.11631802733996204
249,0,8,0.21209120732270764
249,0,9,0.20497010760482648
249,0,10,0.1756991630386286
249,0,11,0.18569178322850038
249,0,12,0.22040270550058783
249,0,13,0.22472281481281786
249,0,14,0.2500356461548154
249,0,15,0.29816496123043806
249,0,16,0.33248171748113947
249,0,17,0.4531710387414918
249,0,18,0.5088339151945658
249,0,19,0.4238618136310267
249,0,20,0.3499078614992964
249,0,21,0.3012792854648365
249,0,22,0.22023779707257604
249,0,23,0.1413679914956361
249,1,0,0.07925177356856965
249,1,1,0.03896998302716921
249,1,2,0.02112292482971127
249,1,3,0.010815270820718061
249,1,4,0.009988990568260858
249,1,5,0.022552572902164322
249,1,6,0.06431470517873261
249,1,7,0.14002638669782422
249,1,8,0.26765883275393004
249,1,9,0.24952058917359746
249,1,10,0.1992395488258474
249,1,11,0.20157535160511156
249,1,12,0.2366919096480758
249,1,13,0.24145388106249513
249,1,14,0.26714758707272573
249,1,15,0.31733368321121136
249,1,16,0.3674234778717916
249,1,17,0.5338653685050287
249,1,18,0.6078774428345424
249,1,19,0.5157588485776053
249,1,20,0.4225391994298767
249,1,21,0.3684113735120132
249,1,22,0.2823524838024348
249,1,23,0.1768752000033355
249,2,0,0.10073179399422767
249,2,1,0.05370702818396892
249,2,2,0.02849867283400356
249,2,3,0.015353214028137925
249,2,4,0.011834457681517507
249,2,5,0.023215161442022642
249,2,6,0.06506044271655964
249,2,7,0.13804447151621432
249,2,8,0.264548849282167
249,2,9,0.24480418238180626
249,2,10,0.2019832813463679
249,2,11,0.20763302833576883
249,2,12,0.24998601432204717
249,2,13,0.25909506688862916
249,2,14,0.2764098649772925
249,2,15,0.31822523566267963
249,2,16,0.37792314479133277
249,2,17,0.5443245668550373
249,2,18,0.6116107830124958
249,2,19,0.5452131528214959
249,2,20,0.45366936629940835
249,2,21,0.39239718143323604
249,2,22,0.31417926828336906
249,2,23,0.2092128138326646
249,3,0,0.11934261026463425
249,3,1,0.06367318025992527
249,3,2,0.03472238176802859
249,3,3,0.018524997857260427
249,3,4,0.01387787658827628
249,3,5,0.024169890611553106
249,3,6,0.06147544892072423
249,3,7,0.13126079681548752
249,3,8,0.25456215830023976
249,3,9,0.24180089820086131
249,3,10,0.20295634040644328
249,3,11,0.2120838170696085
249,3,12,0.25290441882415426
249,3,13,0.2658330150747025
249,3,14,0.2825073231393918
249,3,15,0.32977192737803124
249,3,16,0.38306694084597304
249,3,17,0.5478373141452306
249,3,18,0.6260884093291313
249,3,19,0.5768036579329378
249,3,20,0.5025797722222127
249,3,21,0.4267084911194411
249,3,22,0.3738830413936507
249,3,23,0.28240897931330977
249,4,0,0.18170533256634852
249,4,1,0.10458001161463298
249,4,2,0.05762855386327304
249,4,3,0.0296677316329139
249,4,4,0.02040398717412049
249,4,5,0.022841958018678762
249,4,6,0.054254268787744975
249,4,7,0.11777336119556958
249,4,8,0.20260631055197845
249,4,9,0.2169480305731429
249,4,10,0.2118798054846356
249,4,11,0.2446680604309696
249,4,12,0.2963240579223263
249,4,13,0.31691325611138854
249,4,14,0.34531067614326444
249,4,15,0.3831160212450257
249,4,16,0.4387483022200445
249,4,17,0.5662862207751438
249,4,18,0.6333347394505238
249,4,19,0.6186379622469057
249,4,20,0.5487468165988818
249,4,21,0.4858936075198647
249,4,22,0.4592280130474283
249,4,23,0.44960082549854335
249,5,0,0.3751753750993435
249,5,1,0.28517361338668873
249,5,2,0.18623891521839128
249,5,3,0.10466905656192532
249,5,4,0.05178363690642768
249,5,5,0.02241380671376951
249,5,6,0.026089724660695004
249,5,7,0.05876861665953631
249,5,8,0.1048669693568419
249,5,9,0.18006115145001778
249,5,10,0.2966581780629564
249,5,11,0.3963542972430886
249,5,12,0.4590770040677528
249,5,13,0.49851599733044893
249,5,14,0.4920495491430354
249,5,15,0.48897003814708645
249,5,16,0.5251280865376129
249,5,17,0.5759784812848003
249,5,18,0.5878017779846948
249,5,19,0.5794289748423922
249,5,20,0.5158561754326264
249,5,21,0.48583730702044947
249,5,22,0.457986176895635
249,5,23,0.44746688414939045
249,6,0,0.37858392053677337
249,6,1,0.2926336667991424
249,6,2,0.19152164226972962
249,6,3,0.10834338679801747
249,6,4,0.05470712437662797
249,6,5,0.024022594728012613
249,6,6,0.024433716683005514
249,6,7,0.04784977139165487
249,6,8,0.08453701618564848
249,6,9,0.1499404144777575
249,6,10,0.24890683915924375
249,6,11,0.34558118708798435
249,6,12,0.3810877673440473
249,6,13,0.4022470390088487
249,6,14,0.38279917188614115
249,6,15,0.36698671994437865
249,6,16,0.39184241660641556
249,6,17,0.4144653985600427
249,6,18,0.409651546774641
249,6,19,0.37089943496610106
249,6,20,0.30103534326873727
249,6,21,0.25384291914180435
249,6,22,0.2020347077790965
249,6,23,0.13644259943027146
261,0,0,0.0335987013881986
261,0,1,0.018298860525034034
261,0,2,0.009902356919103942
261,0,3,0.006009705567687226
261,0,4,0.009090705087007354
261,0,5,0.02054669209355969
261,0,6,0.05666099905263838
261,0,7,0.12623781818561777
261,0,8,0.2498351811197184
261,0,9,0.22202149966168871
261,0,10,0.14469859643814703
261,0,11,0.12961961503679098
261,0,12,0.1302887465085076
261,0,13,0.1369924657282544
261,0,14,0.1555558175250769
261,0,15,0.1815201967206948
261,0,16,0.22457724876726853
261,0,17,0.270651422280144
261,0,18,0.20226885213162146
261,0,19,0.13405115616100574
261,0,20,0.10353690914885415
261,0,21,0.09499761830401338
261,0,22,0.08034355640459512
261,0,23,0.055739440214128105
261,1,0,0.036264988724683984
261,1,1,0.018610590111176346
261,1,2,0.009053687835405127
261,1,3,0.005824002302245516
261,1,4,0.010249477182908496
261,1,5,0.024404480297660895
261,1,6,0.06829300849514237
261,1,7,0.15376606638999715
261,1,8,0.32603046499151167
261,1,9,0.2849777965047368
261,1,10,0.16677730501970245
261,1,11,0.13988051299285995
261,1,12,0.1393301423918704
261,1,13,0.14082128980845315
261,1,14,0.15974236521480487
261,1,15,0.19558681737750366
261,1,16,0.2494476304194031
261,1,17,0.3381775555231611
261,1,18,0.24223882514224135
261,1,19,0.14917958144348037
261,1,20,0.11810261276442632
261,1,21,0.10961237948731244
261,1,22,0.09821517772345623
261,1,23,0.07014493734558651
261,2,0,0.04397882870895773
261,2,1,0.023297525716565955
261,2,2,0.011999002957720245
261,2,3,0.007749380120688899
261,2,4,0.011395526813110212
261,2,5,0.023884468779638086
261,2,6,0.06399705945597231
261,2,7,0.1496918191082416
261,2,8,0.31968185532676235
261,2,9,0.28713492534642426
261,2,10,0.17501830050905676
261,2,11,0.14605475233964893
261,2,12,0.14714150873273882
261,2,13,0.14771275690756605
261,2,14,0.16887091230706627
261,2,15,0.20033071345941642
261,2,16,0.25314022385115414
261,2,17,0.3320696409178611
261,2,18,0.23562049774369856
261,2,19,0.1511565776970388
261,2,20,0.11846835320178524
261,2,21,0.11202160826746306
261,2,22,0.10474983832441713
261,2,23,0.07843477507315054
261,3,0,0.05085813716228938
261,3,1,0.02724288203220307
261,3,2,0.014305392663543252
261,3,3,0.00945560855816919
261,3,4,0.011426991993747485
261,3,5,0.024644979024253454
261,3,6,0.06333564802915567
261,3,7,0.1418705413644029
261,3,8,0.291675543281328
261,3,9,0.27101136574005097
261,3,10,0.17015398724105613
261,3,11,0.14397245323044808
261,3,12,0.14604656605678748
261,3,13,0.15038249269259463
261,3,14,0.16784874092159202
261,3,15,0.19831117936878764
261,3,16,0.24576619183439188
261,3,17,0.30645746644878114
261,3,18,0.23396243580427267
261,3,19,0.15357509088880045
261,3,20,0.12077016198179076
261,3,21,0.11083881158645847
261,3,22,0.10832718585932094
261,3,23,0.09237916456007723
261,4,0,0.06799402451748525
261,4,1,0.041403570437313804
261,4,2,0.02402479407546601
261,4,3,0.014017439751872397
261,4,4,0.013841651636579019
261,4,5,0.022554534125933588
261,4,6,0.05428603399296725
261,4,7,0.11168358095452982
261,4,8,0.1982278652408785
261,4,9,0.1931690448539631
261,4,10,0.14671637765379283
261,4,11,0.14125979806234498
261,4,12,0.14933856603261042
261,4,13,0.15807462421016644
261,4,14,0.1795707910941213
261,4,15,0.20206104750836965
261,4,16,0.23085434714097922
261,4,17,0.24130714406232792
261,4,18,0.19015358344982863
261,4,19,0.1495837305860764
261,4,20,0.11946128481207348
261,4,21,0.1052076864813281
261,4,22,0.1051713234701899
261,4,23,0.10072452175307627
261,5,0,0.0919660738832726
261,5,1,0.0738332270743396
261,5,2,0.058129615109543106
261,5,3,0.042580344643978606
261,5,4,0.025902166821805506
261,5,5,0.015969000433460393
261,5,6,0.025546090846578398
261,5,7,0.03850351324752592
261,5,8,0.06137534760172675
261,5,9,0.0997670568689526
261,5,10,0.12957751125082162
261,5,11,0.1472036257985284
261,5,12,0.162339650234642
261,5,13,0.1720155612529614
261,5,14,0.17720028683591646
261,5,15,0.18100981619676693
261,5,16,0.18196811470555635
261,5,17,0.1768294184327957
261,5,18,0.1633616321036071
261,5,19,0.14280036164090631
261,5,20,0.11990651790214715
261,5,21,0.10893094886980252
261,5,22,0.1073691302634061
261,5,23,0.1051727782886263
261,6,0,0.09206136052682441
261,6,1,0.07915895776901782
261,6,2,0.06031794551978022
261,6,3,0.045196704586901205
261,6,4,0.027891343832038264
261,6,5,0.016119277569984578
261,6,6,0.02021410964646149
261,6,7,0.02970900136373763
261,6,8,0.05097720035468045
261,6,9,0.08003289060069389
261,6,10,0.10899521153339602
261,6,11,0.12551829529122807
261,6,12,0.13388290544827314
261,6,13,0.14043593620618958
261,6,14,0.14211601721963601
261,6,15,0.14747532172201372
261,6,16,0.14802140201897876
261,6,17,0.13851241451399776
261,6,18,0.1270281852099115
261,6,19,0.10209752883827732
261,6,20,0.08922830533310637
261,6,21,0.08023733041622032
261,6,22,0.07372350121061162
261,6,23,0.05577184164322717
262,0,0,0.05680944037732379
262,0,1,0.027908422159855267
262,0,2,0.014557603599334189
262,0,3,0.007665273480810512
262,0,4,0.007793081541051178
262,0,5,0.023049626056247323
262,0,6,0.02865350107438653
262,0,7,0.0787745028743113
262,0,8,0.11180871016383635
262,0,9,0.08660575820481844
262,0,10,0.08881363840242343
262,0,11,0.09600380075181601
262,0,12,0.10509941313623125
262,0,13,0.11252656017170973
262,0,14,0.1373515821053062
262,0,15,0.18010765916716334
262,0,16,0.19510472183225971
262,0,17,0.2424182695916216
262,0,18,0.24684909042880784
262,0,19,0.21664324088128972
262,0,20,0.19256408662251834
262,0,21,0.18161953133711717
262,0,22,0.13807814450789008
262,0,23,0.09046896034255232
262,1,0,0.05030854350341579
262,1,1,0.02394825226055707
262,1,2,0.012336229629556484
262,1,3,0.006187605422214771
262,1,4,0.007187163517213805
262,1,5,0.021263869600013603
262,1,6,0.03251139259731155
262,1,7,0.08492976312847246
262,1,8,0.1159036974127045
262,1,9,0.0871546690970786
262,1,10,0.08967855606123548
262,1,11,0.0995279243641196
262,1,12,0.11356318325253936
262,1,13,0.11843696623301174
262,1,14,0.14604055750306755
262,1,15,0.19719080479344217
262,1,16,0.21156975355657667
262,1,17,0.27373581524743623
262,1,18,0.2824941982880549
262,1,19,0.2489441057993338
262,1,20,0.23073250781092441
262,1,21,0.22782202779857935
262,1,22,0.18691941009126536
262,1,23,0.11520625051038644
262,2,0,0.06281383441674854
262,2,1,0.033237269661957794
262,2,2,0.017929060287432862
262,2,3,0.009549750316004859
262,2,4,0.008710190020881714
262,2,5,0.023621169858469026
262,2,6,0.02936335246530702
262,2,7,0.08803735721396787
262,2,8,0.11866601734213632
262,2,9,0.08751636842821262
262,2,10,0.09386652150250734
262,2,11,0.10680520461602679
262,2,12,0.11325808238624731
262,2,13,0.1209507376349388
262,2,14,0.15099360910207815
262,2,15,0.20398113080902702
262,2,16,0.21367555303562683
262,2,17,0.27136634908026663
262,2,18,0.27681588146854713
262,2,19,0.25604218180044014
262,2,20,0.23726115307737322
262,2,21,0.23749050056417345
262,2,22,0.20872867557197217
262,2,23,0.1376851831448511
262,3,0,0.07597442323851807
262,3,1,0.040329352386181565
262,3,2,0.02236369613263624
262,3,3,0.012340218685866712
262,3,4,0.010587613088202006
262,3,5,0.019970067211882405
262,3,6,0.03416791690653696
262,3,7,0.08619073479674416
262,3,8,0.1149902196376
262,3,9,0.09035054685690674
262,3,10,0.09471896704137765
262,3,11,0.10416717207029125
262,3,12,0.11817454611200051
262,3,13,0.12431836673982008
262,3,14,0.15368956286730012
262,3,15,0.2034928756082384
262,3,16,0.21269707982131975
262,3,17,0.2672572895423798
262,3,18,0.26740785744236706
262,3,19,0.24850900951581661
262,3,20,0.23752960418446573
262,3,21,0.23316319181184514
262,3,22,0.21629939702981518
262,3,23,0.1549776790073058
262,4,0,0.09955331545173662
262,4,1,0.05561988983897893
262,4,2,0.02933583103521195
262,4,3,0.01652600928946309
262,4,4,0.012576708410940926
262,4,5,0.022330886501536952
262,4,6,0.030850301590632942
262,4,7,0.08780769439298769
262,4,8,0.12634272460019907
262,4,9,0.10065418501860503
262,4,10,0.10295973980203012
262,4,11,0.1111274679257375
262,4,12,0.1298669454243589
262,4,13,0.14229571195438662
262,4,14,0.17146567576224417
262,4,15,0.20888260864649216
262,4,16,0.21291852398682123
262,4,17,0.2461372768899046
262,4,18,0.2377991092127309
262,4,19,0.2099941106880293
262,4,20,0.18304777115503304
262,4,21,0.18567552527413475
262,4,22,0.1946465562311216
262,4,23,0.1797420484511585
262,5,0,0.15185554578670996
262,5,1,0.11787385398263558
262,5,2,0.08532208609015947
262,5,3,0.054299044446783615
262,5,4,0.03370274911164054
262,5,5,0.026253971191760164
262,5,6,0.028132975663558914
262,5,7,0.04358952674168207
262,5,8,0.07726615491109118
262,5,9,0.10406227666669345
262,5,10,0.12888819051576925
262,5,11,0.14246153495501968
262,5,12,0.15036757589318547
262,5,13,0.16291905948353347
262,5,14,0.1680844784693169
262,5,15,0.1795559886159758
262,5,16,0.18498858804705598
262,5,17,0.18294333936801457
262,5,18,0.17756008007643317
262,5,19,0.17149755858581728
262,5,20,0.16651154477979216
262,5,21,0.17782476936958888
262,5,22,0.20227770450092242
262,5,23,0.20009832320722207
262,6,0,0.16689305092422263
262,6,1,0.1357260211010311
262,6,2,0.09298120228056783
262,6,3,0.06313268850483877
262,6,4,0.038635741159767756
262,6,5,0.02008161819148119
262,6,6,0.029189384202607225
262,6,7,0.04521987018062299
262,6,8,0.052556720083073785
262,6,9,0.08223900259042809
262,6,10,0.11238413049687634
262,6,11,0.13074325452635108
262,6,12,0.14504062551807115
262,6,13,0.15814045174115915
262,6,14,0.15951278964777926
262,6,15,0.16977733053549918
262,6,16,0.18127734699003137
262,6,17,0.17974095880552582
262,6,18,0.18369858075436377
262,6,19,0.16429899800361403
262,6,20,0.15389331243621726
262,6,21,0.14790451868940693
262,6,22,0.12448568729213629
262,6,23,0.08967126729844467
263,0,0,0.0644768666611304
263,0,1,0.03243996825038132
263,0,2,0.017174894448583285
263,0,3,0.009801840741571782
263,0,4,0.010962908730472776
263,0,5,0.024204814825091327
263,0,6,0.05400322849771683
263,0,7,0.11793195048310622
263,0,8,0.19878141844667058
263,0,9,0.15366433393657666
263,0,10,0.13055749194235
263,0,11,0.129941372542291
263,0,12,0.14469333758325842
263,0,13,0.15005648137771094
263,0,14,0.17404438896321076
263,0,15,0.21241323210852675
263,0,16,0.23861555543798244
263,0,17,0.3093916457160049
263,0,18,0.3139840402423842
263,0,19,0.2490778138694757
263,0,20,0.2038286817899982
263,0,21,0.1766730445119501
263,0,22,0.14689663785938106
263,0,23,0.09944195297659138
263,1,0,0.059534941006260965
263,1,1,0.02923426375211052
263,1,2,0.015373690320596886
263,1,3,0.008756857960878725
263,1,4,0.010650332722306161
263,1,5,0.025643086830194194
263,1,6,0.06082150100943448
263,1,7,0.13394099790221467
263,1,8,0.24122697181266403
263,1,9,0.17594259303350912
263,1,10,0.13908840774902184
263,1,11,0.1353778955992925
263,1,12,0.1473047469317164
263,1,13,0.1531909394712457
263,1,14,0.17748853946927054
263,1,15,0.22455397551775153
263,1,16,0.25382124693225255
263,1,17,0.3368798707767817
263,1,18,0.3528843077818768
263,1,19,0.28463074292020835
263,1,20,0.24080087707196987
263,1,21,0.22098029674845227
263,1,22,0.19328628841979426
263,1,23,0.12558530650939578
263,2,0,0.07286876405998362
263,2,1,0.039082555635612366
263,2,2,0.02238767099086906
263,2,3,0.01345961395895884
263,2,4,0.012853403516975281
263,2,5,0.02717359625133564
263,2,6,0.06312324584429123
263,2,7,0.13050543552242214
263,2,8,0.23994731579977763
263,2,9,0.1767941420084085
263,2,10,0.1423716030645579
263,2,11,0.14066162541010893
263,2,12,0.15662869457415063
263,2,13,0.15954847434497563
263,2,14,0.18556007641275338
263,2,15,0.2303586921645324
263,2,16,0.251190000620495
263,2,17,0.336359077121616
263,2,18,0.3510457180628586
263,2,19,0.2962353827618668
263,2,20,0.2496935208252829
263,2,21,0.23003804517885312
263,2,22,0.21012510617543925
263,2,23,0.14847468766147554
263,3,0,0.08653482698090893
263,3,1,0.04844162557486209
263,3,2,0.02771580879107914
263,3,3,0.015699832564501238
263,3,4,0.013305327754979241
263,3,5,0.026553260200327937
263,3,6,0.05750036521729498
263,3,7,0.12521132137808505
263,3,8,0.227550919961071
263,3,9,0.17394253082058753
263,3,10,0.14341096943959525
263,3,11,0.14319831459221788
263,3,12,0.156847828289888
263,3,13,0.1624224395007389
263,3,14,0.18778887491984422
263,3,15,0.22887318478927773
263,3,16,0.25660653390217053
263,3,17,0.3304825909652755
263,3,18,0.3428183876596815
263,3,19,0.2919964574744936
263,3,20,0.2528139462805088
263,3,21,0.2389167243869691
263,3,22,0.22765793006847698
263,3,23,0.1755793582271428
263,4,0,0.11514834649185174
263,4,1,0.0662067696479342
263,4,2,0.037367798877586095
263,4,3,0.02053731407663777
263,4,4,0.0165669215780049
263,4,5,0.02529899555984676
263,4,6,0.05855752938276181
263,4,7,0.11969293020909183
263,4,8,0.1912294612711151
263,4,9,0.16314960639867598
263,4,10,0.14801815268774152
263,4,11,0.15553795508044385
263,4,12,0.18014918765045226
263,4,13,0.18881690005627919
263,4,14,0.2115925752980219
263,4,15,0.25742943682755715
263,4,16,0.277093087542009
263,4,17,0.32562342428254554
263,4,18,0.33553034547690463
263,4,19,0.29795110330815094
263,4,20,0.2386844670461438
263,4,21,0.21298865815817233
263,4,22,0.2289662710782188
263,4,23,0.21613340261240344
263,5,0,0.18420354359663893
263,5,1,0.144926874567811
263,5,2,0.1078533442733345
263,5,3,0.06738715307953859
263,5,4,0.040640710350926916
263,5,5,0.023215302746988596
263,5,6,0.03580840604628667
263,5,7,0.06542658775121381
263,5,8,0.10709549447484086
263,5,9,0.14888740610618492
263,5,10,0.19074780792166432
263,5,11,0.21648752300528826
263,5,12,0.23051757018639651
263,5,13,0.2355838161162028
263,5,14,0.23046866062365626
263,5,15,0.2370427094163378
263,5,16,0.2484538477035608
263,5,17,0.26353423004789195
263,5,18,0.2732627491535066
263,5,19,0.2680569201652477
263,5,20,0.23245182735338712
263,5,21,0.22130800728616215
263,5,22,0.2406565470399329
263,5,23,0.23498470751459588
263,6,0,0.2006977497721957
263,6,1,0.16810044576946884
263,6,2,0.11738222328750653
263,6,3,0.07817287399085027
263,6,4,0.047167576658246134
263,6,5,0.02414324996937086
263,6,6,0.032475880949446326
263,6,7,0.05014553802402678
263,6,8,0.08918775680569349
263,6,9,0.1305038034898899
263,6,10,0.17494875511568006
263,6,11,0.2030591778115272
263,6,12,0.21825194422994984
263,6,13,0.22124074158031537
263,6,14,0.22146012258909506
263,6,15,0.21619795002272188
263,6,16,0.22825405883350952
263,6,17,0.2343838449344703
263,6,18,0.2324823651836576
263,6,19,0.1991455808106187
263,6,20,0.17112928289789958
263,6,21,0.1544319516773342
263,6,22,0.13996501777927098
263,6,23,0.10016848958695726
