{
"type": "FeatureCollection",
"name": "zones",
"crs": { "type": "name", "properties": { "name": "urn:ogc:def:crs:OGC:1.3:CRS84" } },
"features": [
{ "type": "Feature", "properties": { "locationid": 4 }, "geometry": { "type": "Polygon", "coordinates": [ [ [ -73.971774109653182, 40.72582128133709 ], [ -73.971791429614854, 40.725814221149129 ], [ -73.971816505877314, 40.725814966752601 ], [ -73.971859358309231, 40.725582969030356 ], [ -73.97187437695213, 40.725503116079771 ], [ -73.971884909514728, 40.725424405065795 ], [ -73.971911207320531, 40.725290370699938 ], [ -73.971933745010816, 40.7251762903512 ], [ -73.97193975456328, 40.725158038610068 ], [ -73.971961547785909, 40.725039978810905 ], [ -73.972005118412127, 40.724841489708211 ], [ -73.972036669668825, 40.724684070020132 ], [ -73.972065958673966, 40.72455915832878 ], [ -73.972071969603391, 40.724536350858131 ], [ -73.972080981519255, 40.724497567930413 ], [ -73.972084000572821, 40.724467905545723 ], [ -73.972097512909059, 40.724423415234746 ], [ -73.972156090017336, 40.724170178278129 ], [ -73.972165859966324, 40.724131963273173 ], [ -73.972216923761906, 40.723930054646807 ], [ -73.972233446769579, 40.72384677992634 ], [ -73.972264998682462, 40.723714457333642 ], [ -73.972325077315915, 40.723463499327345 ], [ -73.972361157446443, 40.723312060476481 ], [ -73.972399457482766, 40.723148816366674 ], [ -73.972510111803814, 40.722696886006752 ], [ -73.972889713966779, 40.721088297219382 ], [ -73.973046672825106, 40.720436229833354 ], [ -73.973129590904065, 40.720091192414962 ], [ -73.973210754422595, 40.719784857730453 ], [ -73.973326463607975, 40.719361104733949 ], [ -73.973479755745117, 40.718861429112906 ], [ -73.974647207999979, 40.718842349999946 ], [ -73.974686874999847, 40.718841701999956 ], [ -73.974742399999982, 40.718840794 ], [ -73.974859199999955, 40.718855479999981 ], [ -73.974912988999876, 40.7188624429999 ], [ -73.97497644799995, 40.718870651999943 ], [ -73.975095201999935, 40.718880745999911 ], [ -73.975451674999945, 40.718946559 ], [ -73.975510126999851, 40.718958612999948 ], [ -73.976092495999907, 40.719078701999912 ], [ -73.976355251999948, 40.719132883999869 ], [ -73.976481823999947, 40.719159627999957 ], [ -73.97674495699998, 40.719215233999975 ], [ -73.977223791999918, 40.719309774999957 ], [ -73.978031227, 40.719638347999911 ], [ -73.978752349999823, 40.719933705999985 ], [ -73.979660216999818, 40.720212829999973 ], [ -73.981308241999841, 40.720708785999953 ], [ -73.982166152999824, 40.720968855 ], [ -73.983003086999915, 40.721222680999936 ], [ -73.983823872999807, 40.721472871999907 ], [ -73.98377990999991, 40.721535953999961 ], [ -73.983443635999919, 40.72201850699993 ], [ -73.982964143999894, 40.722671325000022 ], [ -73.982524494999851, 40.723277977 ], [ -73.982082423999898, 40.72388204399995 ], [ -73.981636638999987, 40.724493480999904 ], [ -73.981211295999799, 40.725072799999964 ], [ -73.980767139000051, 40.725685594999952 ], [ -73.980332981999894, 40.726280335999917 ], [ -73.979906501999977, 40.726865772999908 ], [ -73.979469130000027, 40.727467676999972 ], [ -73.978998619999814, 40.728105746999915 ], [ -73.978535828999924, 40.728746084999941 ], [ -73.978055428999951, 40.729383085999928 ], [ -73.978026979999854, 40.729433060000027 ], [ -73.977393867999879, 40.729165047999977 ], [ -73.976904364000021, 40.728957824 ], [ -73.976269971, 40.728689258999935 ], [ -73.976152041, 40.72864520999989 ], [ -73.9761329, 40.728638271999976 ], [ -73.975802437999917, 40.72851847999992 ], [ -73.975696511000052, 40.728475052999968 ], [ -73.973297967999954, 40.72742800799994 ], [ -73.972050152999884, 40.726880945999916 ], [ -73.97197685099988, 40.726830355999986 ], [ -73.971912441999947, 40.726791008999932 ], [ -73.971856713000051, 40.726758684999936 ], [ -73.971796020999861, 40.726713679999932 ], [ -73.971626972858616, 40.726628452998476 ], [ -73.971669727011744, 40.726392327154329 ], [ -73.971695874516129, 40.726241829302403 ], [ -73.971718943615016, 40.72612199325954 ], [ -73.971738433793533, 40.725999667555584 ], [ -73.971767554102115, 40.725833303454593 ], [ -73.971774109653182, 40.72582128133709 ] ] ] } },
{ "type": "Feature", "properties": { "locationid": 12 }, "geometry": { "type": "Polygon", "coordinates": [ [ [ -74.015657565999945, 40.704833087999972 ], [ -74.015397586999953, 40.704800148999951 ], [ -74.015272197999948, 40.704830037000015 ], [ -74.01516257, 40.704805094999926 ], [ -74.014961251999921, 40.704759797 ], [ -74.014895420999963, 40.704697517999932 ], [ -74.014780594999948, 40.70467411299996 ], [ -74.014667098999894, 40.704647212999951 ], [ -74.014517122999976, 40.70460567499989 ], [ -74.014370312, 40.704558037999981 ], [ -74.014289228999985, 40.704549074999939 ], [ -74.014270658999976, 40.704520228999918 ], [ -74.014258613999942, 40.704489442999943 ], [ -74.014253425999939, 40.704457563999966 ], [ -74.014255238999937, 40.704425471999954 ], [ -74.014391769, 40.703598782999975 ], [ -74.014429831999976, 40.703150647999955 ], [ -74.014192151, 40.702756711 ], [ -74.013898903999944, 40.702270670000019 ], [ -74.013791207999972, 40.70130547599998 ], [ -74.013781911999885, 40.701222154999961 ], [ -74.013775288999923, 40.701182712999923 ], [ -74.01376867799992, 40.701143262999942 ], [ -74.014158934999983, 40.701096289999924 ], [ -74.013951527782439, 40.700990982229968 ], [ -74.014091983854797, 40.700551618327232 ], [ -74.014104903000856, 40.700510828386946 ], [ -74.014091449494828, 40.700508336726955 ], [ -74.014128211908172, 40.700393282054705 ], [ -74.0141372638859, 40.700394955210335 ], [ -74.014148606377844, 40.700320571723744 ], [ -74.014174672794425, 40.700260891293865 ], [ -74.014220631954998, 40.700111491868334 ], [ -74.014309813112888, 40.700121296068787 ], [ -74.014309815861509, 40.700134101515687 ], [ -74.014177879317756, 40.70054147355372 ], [ -74.014164957632985, 40.700539052030855 ], [ -74.014152387872997, 40.700577865783544 ], [ -74.014289207411238, 40.700644144765128 ], [ -74.014301570232377, 40.700632211772735 ], [ -74.014296516892898, 40.700629186523756 ], [ -74.014315302647645, 40.700611037974227 ], [ -74.014317964680757, 40.700612497307858 ], [ -74.014367835832175, 40.700546122667532 ], [ -74.014448131507152, 40.700447372399921 ], [ -74.014559999736889, 40.700309786779627 ], [ -74.014575133320278, 40.700316916331261 ], [ -74.01458425440417, 40.700308468955122 ], [ -74.014582344094322, 40.700283875528655 ], [ -74.01463294333476, 40.700197430412437 ], [ -74.014671199920187, 40.700210401699749 ], [ -74.014667172137024, 40.700239380907348 ], [ -74.014653861246885, 40.700242641175151 ], [ -74.01460863003733, 40.700309708245847 ], [ -74.01460825448504, 40.700323657113863 ], [ -74.014552193259931, 40.700382980751606 ], [ -74.014493425499779, 40.700445169250713 ], [ -74.014492468934179, 40.700454669002887 ], [ -74.014484921263687, 40.700461153592094 ], [ -74.014478579313632, 40.700462082155831 ], [ -74.014409473946671, 40.700551331412342 ], [ -74.014396899889576, 40.700563481893262 ], [ -74.014394806937332, 40.700570479097316 ], [ -74.014323843630052, 40.700661304127181 ], [ -74.014643232349016, 40.700817304325142 ], [ -74.014724248344123, 40.700714293894279 ], [ -74.014771424391341, 40.700663651906879 ], [ -74.014812365140429, 40.700610849936126 ], [ -74.014859266594229, 40.700555444645552 ], [ -74.014930326112349, 40.700479269863486 ], [ -74.014998830535788, 40.700406120576538 ], [ -74.015068182693099, 40.700318257554969 ], [ -74.015098322701306, 40.700334265523495 ], [ -74.015035797350734, 40.700420831010589 ], [ -74.015022710600434, 40.700419536058661 ], [ -74.015008505172503, 40.700437709926106 ], [ -74.014993145759064, 40.700436847319942 ], [ -74.014967570716919, 40.700465414879702 ], [ -74.014974955555786, 40.70047017772351 ], [ -74.01494881182721, 40.700494413601263 ], [ -74.014942555058212, 40.700506103291353 ], [ -74.014923222893586, 40.700515191471553 ], [ -74.014917546508102, 40.700525575712739 ], [ -74.014923794639543, 40.700530338707182 ], [ -74.014936879470554, 40.700522979381276 ], [ -74.014941991559652, 40.700523843325783 ], [ -74.014885989654701, 40.700580114435787 ], [ -74.01482004284685, 40.700660619780294 ], [ -74.014726817821909, 40.700774015849618 ], [ -74.014702650338734, 40.700799116025664 ], [ -74.014673656284998, 40.700834609531022 ], [ -74.014810725601549, 40.700903831982245 ], [ -74.014828342252684, 40.700894742869735 ], [ -74.015021136616838, 40.700992504013449 ], [ -74.015142318120894, 40.700842892354295 ], [ -74.015677781847316, 40.701256021027469 ], [ -74.015793517111476, 40.701346905807618 ], [ -74.015910342334166, 40.701460948443945 ], [ -74.016116090604683, 40.701630801625384 ], [ -74.016138906359984, 40.701646017102739 ], [ -74.016244490606695, 40.701752721436833 ], [ -74.016392053701949, 40.701897701008271 ], [ -74.016515152607838, 40.702017298671443 ], [ -74.01653258703746, 40.702036539683078 ], [ -74.016818595999112, 40.70233857508051 ], [ -74.01689657041247, 40.702421879959509 ], [ -74.017003967895079, 40.702554535627527 ], [ -74.017137058893823, 40.702711340267712 ], [ -74.017145080626534, 40.702705349976192 ], [ -74.017251821339457, 40.702835557263782 ], [ -74.01724571591123, 40.702838457739226 ], [ -74.017293462210333, 40.702887438706881 ], [ -74.01731837763397, 40.702918871771644 ], [ -74.01739839332275, 40.703019140804933 ], [ -74.017440035460467, 40.703077514541889 ], [ -74.017493811627645, 40.703154843460119 ], [ -74.01754038297949, 40.703236160429903 ], [ -74.017575485614969, 40.703307503056052 ], [ -74.017596479670601, 40.703361387309123 ], [ -74.017616812171227, 40.703423248465413 ], [ -74.017626019049445, 40.703422761227117 ], [ -74.017647975068499, 40.703494599879591 ], [ -74.017660450746163, 40.703549979097595 ], [ -74.017668813072675, 40.703591313467662 ], [ -74.017671320202552, 40.703606427383811 ], [ -74.017683105681073, 40.703711131225319 ], [ -74.017672645814216, 40.703711791046011 ], [ -74.017676896294248, 40.703770503638545 ], [ -74.017674287481796, 40.703834367571552 ], [ -74.017665784422519, 40.703899233718587 ], [ -74.017657924834367, 40.703932661786389 ], [ -74.017643065326965, 40.703988973461421 ], [ -74.017653788981917, 40.703998380812578 ], [ -74.017654619897442, 40.704009682569811 ], [ -74.017643902936072, 40.704022245901982 ], [ -74.017633998905481, 40.704024751783287 ], [ -74.017626579630232, 40.704023500821648 ], [ -74.017570357030223, 40.704183880993199 ], [ -74.017131238999951, 40.704282534999926 ], [ -74.016846006999927, 40.704634885999923 ], [ -74.016759066999953, 40.704742282999874 ], [ -74.016687146999928, 40.704743941999922 ], [ -74.016686130999986, 40.704799337999972 ], [ -74.016627611999908, 40.704799430999898 ], [ -74.016520403999948, 40.704799717999926 ], [ -74.016375197999864, 40.704838484999975 ], [ -74.016298884999912, 40.704846415000013 ], [ -74.016217368999861, 40.704853026999942 ], [ -74.015873961999915, 40.70488211299994 ], [ -74.015655821999985, 40.704882633999965 ], [ -74.015657565999945, 40.704833087999972 ] ] ] } },
{ "type": "Feature", "properties": { "locationid": 13 }, "geometry": { "type": "Polygon", "coordinates": [ [ [ -74.012441092999907, 40.719057672999952 ], [ -74.012815667999917, 40.717356297999906 ], [ -74.012866631999941, 40.717176100999964 ], [ -74.013051463999901, 40.716454770999931 ], [ -74.013233848999917, 40.715656187999897 ], [ -74.013351214999901, 40.715233311999967 ], [ -74.013475242999931, 40.71511071099993 ], [ -74.013592399999951, 40.714494315999957 ], [ -74.013753884999971, 40.713690554999914 ], [ -74.014047446999953, 40.712437814999937 ], [ -74.01417753399997, 40.711882666 ], [ -74.014268936999898, 40.71146781599996 ], [ -74.014455593999955, 40.710907152999908 ], [ -74.014665070999939, 40.710426937999948 ], [ -74.014824327999975, 40.709823367999938 ], [ -74.01487257099997, 40.709684873999954 ], [ -74.014954153999952, 40.709432691999972 ], [ -74.015343307999956, 40.708496816999912 ], [ -74.015592201999937, 40.707883242999905 ], [ -74.015643777, 40.70775609899993 ], [ -74.015688293999972, 40.707663824999912 ], [ -74.015718151999963, 40.70758531099996 ], [ -74.015849854999942, 40.707247267999904 ], [ -74.015863959999947, 40.707200182999962 ], [ -74.015885740999948, 40.707142175999962 ], [ -74.015904982999984, 40.707092694999922 ], [ -74.015938693999871, 40.707007573999931 ], [ -74.016059667999897, 40.706705129999968 ], [ -74.016195195999984, 40.706258484999928 ], [ -74.01625159599989, 40.706072613999908 ], [ -74.016403054999884, 40.705666201999932 ], [ -74.016622178999967, 40.705094482999968 ], [ -74.016654172999964, 40.704963820999929 ], [ -74.016686130999986, 40.704799337999972 ], [ -74.016687146999928, 40.704743941999922 ], [ -74.016759066999953, 40.704742282999874 ], [ -74.016846006999927, 40.704634885999923 ], [ -74.017131238999951, 40.704282534999926 ], [ -74.017570357030223, 40.704183880993199 ], [ -74.017794545203003, 40.704234898101362 ], [ -74.017855856829414, 40.704078847615612 ], [ -74.017750549868737, 40.70405488289348 ], [ -74.017791393034386, 40.703950912583586 ], [ -74.017817586979461, 40.703937922496671 ], [ -74.017837828259673, 40.703962666138587 ], [ -74.017808217469451, 40.704031964479647 ], [ -74.017912293262157, 40.70405449715102 ], [ -74.017942693639185, 40.703973176576305 ], [ -74.017954739826166, 40.703975785608613 ], [ -74.017844411067244, 40.704242039937938 ], [ -74.01844770243774, 40.704162168231612 ], [ -74.018668308379659, 40.704435240621287 ], [ -74.018656062991255, 40.704440968684622 ], [ -74.017516395970915, 40.704580844793419 ], [ -74.017480861525783, 40.704667487696192 ], [ -74.017531661445915, 40.70467109085024 ], [ -74.017547917234921, 40.704663875156847 ], [ -74.01755808298708, 40.704665936033287 ], [ -74.01757026976702, 40.70466283642925 ], [ -74.017573655054107, 40.704667996083607 ], [ -74.017566888369345, 40.704671598782525 ], [ -74.017598047808633, 40.704684480713389 ], [ -74.017634291039897, 40.704678910417456 ], [ -74.017675670490362, 40.704680875362598 ], [ -74.017686662685819, 40.704673985963126 ], [ -74.017718340475128, 40.704679887260703 ], [ -74.017733213046853, 40.704671520004979 ], [ -74.017749377123877, 40.704675451888541 ], [ -74.017765528580853, 40.704672496563482 ], [ -74.017766828715722, 40.704665111263729 ], [ -74.017783633034171, 40.704671016010806 ], [ -74.017797855396964, 40.704667079437606 ], [ -74.017806267232302, 40.704662161214948 ], [ -74.017828892691867, 40.704665101667239 ], [ -74.017839884338187, 40.704661165086598 ], [ -74.01790194580029, 40.704651808441696 ], [ -74.01791034926417, 40.704659192233457 ], [ -74.017941386374545, 40.704655737178456 ], [ -74.017943975386871, 40.704648361727351 ], [ -74.01796918021806, 40.704647367374804 ], [ -74.017978880534358, 40.704640971684064 ], [ -74.017989224543271, 40.704646877912758 ], [ -74.017998278201219, 40.704649829833443 ], [ -74.018007978065441, 40.704638510014902 ], [ -74.01802414308348, 40.704645890908552 ], [ -74.018042882183337, 40.704628174322544 ], [ -74.018053875934513, 40.704629640471673 ], [ -74.018065046890001, 40.704635960523269 ], [ -74.018112961291152, 40.704553727487209 ], [ -74.018862875267345, 40.70471961588467 ], [ -74.018887466493652, 40.704729148837416 ], [ -74.018925723824097, 40.704773762570305 ], [ -74.019341557045308, 40.706070538204052 ], [ -74.019342546244829, 40.706093673029748 ], [ -74.019222422839803, 40.706573088726053 ], [ -74.019122759634001, 40.706975814337461 ], [ -74.019102554884213, 40.707000437641561 ], [ -74.019091550847008, 40.707004473184526 ], [ -74.019066171401391, 40.707013770621451 ], [ -74.019033380196944, 40.707013190876125 ], [ -74.018953594633643, 40.706996769465569 ], [ -74.018945791673318, 40.70701777094142 ], [ -74.018937405571563, 40.707034206896765 ], [ -74.018926604437979, 40.707044257785867 ], [ -74.018909215706586, 40.707064342451254 ], [ -74.018884620288887, 40.707085805536799 ], [ -74.018859430069128, 40.707100415683755 ], [ -74.018829437750242, 40.707115486640106 ], [ -74.018796449367841, 40.707127819847692 ], [ -74.018761057678702, 40.707137866525038 ], [ -74.018726269874364, 40.707143355686426 ], [ -74.018689668704653, 40.707142443754002 ], [ -74.018655480756294, 40.707141539125082 ], [ -74.018630583726889, 40.707139715269314 ], [ -74.018580784037198, 40.707123748102745 ], [ -74.018547184753359, 40.707107770264209 ], [ -74.018571173994303, 40.707079922388743 ], [ -74.018607176011173, 40.707095440975237 ], [ -74.018634170231039, 40.707103198808746 ], [ -74.018644371011632, 40.707105475860558 ], [ -74.018647962622154, 40.70708173802997 ], [ -74.01868695379919, 40.707084009237583 ], [ -74.018721152491068, 40.707081726149809 ], [ -74.018750546229583, 40.707079893310024 ], [ -74.018761940374233, 40.707075785866948 ], [ -74.018749933239874, 40.707049762489532 ], [ -74.018773930876392, 40.707044282787599 ], [ -74.018794327578988, 40.707032411672301 ], [ -74.018820119143484, 40.707015972883042 ], [ -74.01883870432944, 40.706994969651525 ], [ -74.01884829724429, 40.706983090410247 ], [ -74.01884889814508, 40.706970312350258 ], [ -74.018811100350149, 40.706966211774237 ], [ -74.018798514856243, 40.706982188376216 ], [ -74.018775715984859, 40.706997258646489 ], [ -74.018742124163822, 40.707007763378826 ], [ -74.018722929816946, 40.707006857500474 ], [ -74.018694731907601, 40.707010967669945 ], [ -74.018678533721925, 40.707018733002485 ], [ -74.018647944741303, 40.707017819578482 ], [ -74.018628144880566, 40.707010978464972 ], [ -74.018612544989622, 40.706997285145938 ], [ -74.018604744112807, 40.706989064177272 ], [ -74.018602941813057, 40.706974917978144 ], [ -74.018591530533527, 40.706959394918478 ], [ -74.018579528509918, 40.706949814809093 ], [ -74.01857172609165, 40.706938397924006 ], [ -74.01856933191749, 40.706920595205787 ], [ -74.018564523569722, 40.706906440109321 ], [ -74.018548927595788, 40.706908270679172 ], [ -74.018535132696641, 40.706918322014111 ], [ -74.018530337520758, 40.706950732410384 ], [ -74.018406490886264, 40.7072578721585 ], [ -74.018217263897625, 40.707742206471757 ], [ -74.018216993844732, 40.707751309768348 ], [ -74.018190292596415, 40.707821626110025 ], [ -74.018655570496477, 40.707923948883291 ], [ -74.018646890790734, 40.707946813546982 ], [ -74.018800630684197, 40.707980621637397 ], [ -74.018831958839201, 40.707999167291753 ], [ -74.018833959514822, 40.708002219140148 ], [ -74.018853477603656, 40.708022012284054 ], [ -74.018855009119719, 40.708047534447402 ], [ -74.01874689830457, 40.708480580253614 ], [ -74.018631424689588, 40.708941100054233 ], [ -74.018468821345152, 40.709589571008749 ], [ -74.018341366097943, 40.710106476943665 ], [ -74.018264091806714, 40.71040899662686 ], [ -74.018144803617673, 40.710888650188991 ], [ -74.018110577891733, 40.711029628214497 ], [ -74.018046096875736, 40.711344501487098 ], [ -74.017978532314885, 40.711756319208057 ], [ -74.017922242570279, 40.712039242700804 ], [ -74.017873334226536, 40.712315144456433 ], [ -74.01777014254499, 40.712834574789213 ], [ -74.017752927058964, 40.712848327555989 ], [ -74.017731838366956, 40.712849312346684 ], [ -74.017720215635464, 40.712844730933689 ], [ -74.017721489461181, 40.712784145113076 ], [ -74.017800378883891, 40.712345124158659 ], [ -74.016624244252853, 40.712157318995338 ], [ -74.016544638125282, 40.712456037930949 ], [ -74.016592275827676, 40.712548171076811 ], [ -74.016618176553138, 40.712649763569118 ], [ -74.016618400782988, 40.712756150029691 ], [ -74.016591495205105, 40.712861563719827 ], [ -74.0165554889345, 40.7129290955044 ], [ -74.016541121717211, 40.712955564819389 ], [ -74.016477242041347, 40.713029493073975 ], [ -74.016391694858044, 40.713099997950749 ], [ -74.01632006627581, 40.713407982478287 ], [ -74.016541146866246, 40.713441052742361 ], [ -74.016910686954745, 40.713496328512953 ], [ -74.017544433346572, 40.713611222664305 ], [ -74.017568110414771, 40.713523703477989 ], [ -74.017578893221383, 40.713442743427926 ], [ -74.017648107190823, 40.713206185951691 ], [ -74.017655094471891, 40.713161062667012 ], [ -74.017670416640456, 40.713069207965155 ], [ -74.017672708510617, 40.713065996274743 ], [ -74.017675654366911, 40.713063109815621 ], [ -74.017679176261041, 40.713060624964889 ], [ -74.017683181001658, 40.713058607472803 ], [ -74.017687562621603, 40.713057110723184 ], [ -74.017692205180921, 40.713056174320798 ], [ -74.0176969858353, 40.713055823043227 ], [ -74.01770177808676, 40.713056066185388 ], [ -74.017706108218789, 40.713056814196563 ], [ -74.017710241968473, 40.713058047854055 ], [ -74.017714085845995, 40.713059739257289 ], [ -74.01771755291756, 40.71306185015294 ], [ -74.017720564771111, 40.713064332800833 ], [ -74.017723053289814, 40.713067131052611 ], [ -74.017724962192844, 40.713070181622804 ], [ -74.017706872583545, 40.713169282968693 ], [ -74.017618333100174, 40.713654323935536 ], [ -74.017537217907375, 40.714097542247856 ], [ -74.017408713604937, 40.714806800408006 ], [ -74.017382231878514, 40.714944461279259 ], [ -74.017264215095281, 40.715592682369966 ], [ -74.017121222936339, 40.716371793579754 ], [ -74.016982742946269, 40.717130643668192 ], [ -74.016862973772604, 40.717786954287888 ], [ -74.01671018605829, 40.718624176058029 ], [ -74.016694190959299, 40.718648843354437 ], [ -74.016659469696023, 40.718666021224685 ], [ -74.016629963381817, 40.71866536845026 ], [ -74.015946952042682, 40.718575548906294 ], [ -74.015943829841987, 40.718589255044236 ], [ -74.015668836668638, 40.718554489265735 ], [ -74.015670620607636, 40.718537748736225 ], [ -74.015550877544953, 40.718521933183858 ], [ -74.01500060682406, 40.718449236055065 ], [ -74.014996197316165, 40.718473001316688 ], [ -74.014989813395601, 40.71850734732773 ], [ -74.014983332307281, 40.718523791433007 ], [ -74.014970362580016, 40.718535850864264 ], [ -74.014945155493336, 40.718543535077224 ], [ -74.014702700218024, 40.718516154884213 ], [ -74.013213227191827, 40.718315719895841 ], [ -74.013068054923224, 40.71892219382557 ], [ -74.013072377691998, 40.718938618670123 ], [ -74.013030681132079, 40.719131455909583 ], [ -74.01270167899996, 40.719091774999896 ], [ -74.012554688999955, 40.719069863000016 ], [ -74.012441092999907, 40.719057672999952 ] ] ] } },
{ "type": "Feature", "properties": { "locationid": 24 }, "geometry": { "type": "Polygon", "coordinates": [ [ [ -73.959536588999967, 40.798718525999938 ], [ -73.960044565, 40.798041234999943 ], [ -73.961477799999926, 40.798654155999984 ], [ -73.962869800999911, 40.799239676999981 ], [ -73.965711442999918, 40.800438069999906 ], [ -73.967759003999916, 40.801303515999976 ], [ -73.967873796999982, 40.801351697999969 ], [ -73.967984159999958, 40.801398265999893 ], [ -73.968583607999832, 40.801635469999944 ], [ -73.970047421999951, 40.802265009999935 ], [ -73.97021594799989, 40.802335850999967 ], [ -73.970274004999865, 40.802359035999935 ], [ -73.970325897999871, 40.802384560999975 ], [ -73.971503810000016, 40.802837736 ], [ -73.972500221999951, 40.803216613 ], [ -73.972577797999961, 40.803247183999964 ], [ -73.972657447999893, 40.803276513999954 ], [ -73.972799078000023, 40.803329158999937 ], [ -73.972871790907263, 40.803356187573954 ], [ -73.97255429829633, 40.803798634650171 ], [ -73.972172372417916, 40.804319076959153 ], [ -73.97205095521862, 40.804530376010042 ], [ -73.971952924385306, 40.804619709051615 ], [ -73.971818494835389, 40.804717543204539 ], [ -73.97179980150743, 40.80478561548604 ], [ -73.971712007271009, 40.804931691276572 ], [ -73.971620495693202, 40.805042294399399 ], [ -73.97161113391445, 40.805096187474383 ], [ -73.97144210961531, 40.805334426839828 ], [ -73.971290833003295, 40.805528707533227 ], [ -73.971107658761369, 40.805790139589682 ], [ -73.970987679999951, 40.805742903 ], [ -73.970841483999948, 40.805685343999897 ], [ -73.970763622999939, 40.80565737299991 ], [ -73.970693264999952, 40.805630267999966 ], [ -73.969787220000015, 40.805300497 ], [ -73.968607073999877, 40.804870949999938 ], [ -73.968559133999847, 40.804853583999964 ], [ -73.968495066999836, 40.804832269999984 ], [ -73.968048492999884, 40.804683699999956 ], [ -73.966803272999968, 40.804207560999963 ], [ -73.966701068999953, 40.804168475999958 ], [ -73.966597315999863, 40.804122764999988 ], [ -73.963861262999885, 40.802972037999957 ], [ -73.961077939999754, 40.801800357999895 ], [ -73.959646853999871, 40.801156422999959 ], [ -73.958481115000012, 40.800670477999923 ], [ -73.958172970999868, 40.800582540999905 ], [ -73.958333049999879, 40.800365053999919 ], [ -73.958618792999886, 40.799977026 ], [ -73.959076690999922, 40.799352232999915 ], [ -73.959536588999967, 40.798718525999938 ] ] ] } },
{ "type": "Feature", "properties": { "locationid": 41 }, "geometry": { "type": "Polygon", "coordinates": [ [ [ -73.947739854999853, 40.80959972099992 ], [ -73.94506102999992, 40.808474499999896 ], [ -73.94499360699993, 40.808446183999983 ], [ -73.94491601899982, 40.808413503999937 ], [ -73.941771401999901, 40.807089 ], [ -73.942263111999907, 40.806415737999956 ], [ -73.942753671999938, 40.805744012999909 ], [ -73.944301945999911, 40.806390824999966 ], [ -73.944782081999932, 40.805761255999933 ], [ -73.945239651999913, 40.805136013999949 ], [ -73.945692612999906, 40.804514948999945 ], [ -73.94613131, 40.803877357999959 ], [ -73.944597512999977, 40.803228144999949 ], [ -73.944759764999887, 40.803003041 ], [ -73.94505128000003, 40.802598599 ], [ -73.94550863900001, 40.801970230999956 ], [ -73.945967896999804, 40.801342394999971 ], [ -73.946461338999981, 40.800665304999903 ], [ -73.94697366799987, 40.799961702999923 ], [ -73.947280183, 40.799541788999925 ], [ -73.947327714999844, 40.799476670999958 ], [ -73.947375997999913, 40.799410523999953 ], [ -73.947419961999913, 40.799350294999961 ], [ -73.94771056, 40.798952180999954 ], [ -73.947757164999857, 40.798888331999905 ], [ -73.947816630999966, 40.79880686299996 ], [ -73.947846790999918, 40.798765542999988 ], [ -73.948051301999982, 40.798485359999923 ], [ -73.948101089999938, 40.798417147999942 ], [ -73.94815384299983, 40.798344875999902 ], [ -73.948206414999802, 40.798272850999915 ], [ -73.948311255000036, 40.79812921799995 ], [ -73.948791652999816, 40.79747712799994 ], [ -73.949096955999835, 40.797057855999952 ], [ -73.949220456999839, 40.796909858999939 ], [ -73.949603571999816, 40.797050270999968 ], [ -73.952374190999933, 40.798209771 ], [ -73.952452009999959, 40.798240231 ], [ -73.952535975999936, 40.798274645999932 ], [ -73.955165030999922, 40.799382232999939 ], [ -73.955218244999841, 40.799404657999922 ], [ -73.955288849999974, 40.799434401999967 ], [ -73.955366516999931, 40.799466425999874 ], [ -73.957864992999916, 40.800515271999927 ], [ -73.958172970999868, 40.800582540999905 ], [ -73.958481115000012, 40.800670477999923 ], [ -73.959646853999871, 40.801156422999959 ], [ -73.959147410999933, 40.801843759999947 ], [ -73.958688393999978, 40.802469793999897 ], [ -73.958248782999874, 40.803106485999926 ], [ -73.958203008, 40.803894270999955 ], [ -73.958254825999873, 40.804713877999951 ], [ -73.958181672999956, 40.805596790999935 ], [ -73.95772176, 40.806290988999933 ], [ -73.957265815999847, 40.806916171000019 ], [ -73.95680543899995, 40.807545708999974 ], [ -73.956344937000011, 40.808173353999948 ], [ -73.955884175999856, 40.80880224899991 ], [ -73.955429748999833, 40.809429152999968 ], [ -73.954966572, 40.810064554999911 ], [ -73.953575777999902, 40.809476697999948 ], [ -73.953276548999895, 40.809879603999924 ], [ -73.95307869999975, 40.810094084999918 ], [ -73.952591257999899, 40.810765333 ], [ -73.952101251999906, 40.811442853999971 ], [ -73.950679755999886, 40.810842963999939 ], [ -73.947923067999838, 40.809676921999973 ], [ -73.947838759999854, 40.809641260999939 ], [ -73.947739854999853, 40.80959972099992 ] ] ] } },
{ "type": "Feature", "properties": { "locationid": 42 }, "geometry": { "type": "Polygon", "coordinates": [ [ [ -73.934361215910556, 40.836200619617827 ], [ -73.934452393986831, 40.835980960074949 ], [ -73.934560518269521, 40.835866081728064 ], [ -73.934754664506002, 40.835589300341823 ], [ -73.934753687078313, 40.835569821114213 ], [ -73.934805140392541, 40.835427472645975 ], [ -73.934818981682326, 40.835398250394775 ], [ -73.93483181137556, 40.835385525492356 ], [ -73.93484813571942, 40.835351432207439 ], [ -73.934869850677998, 40.835332715131088 ], [ -73.934894600419895, 40.835254043122355 ], [ -73.934915335786286, 40.835230821938772 ], [ -73.934936208284554, 40.835080217651559 ], [ -73.934942258553406, 40.835026875417299 ], [ -73.934958595669116, 40.834882779044747 ], [ -73.934979412086093, 40.834789121453596 ], [ -73.934988331406885, 40.834748657893655 ], [ -73.934950871784494, 40.834706673367705 ], [ -73.934957759840927, 40.834682760363386 ], [ -73.934965230155441, 40.83465684795371 ], [ -73.93496624164149, 40.834629123648277 ], [ -73.93497316061179, 40.8346216350416 ], [ -73.934972190735252, 40.834608144797578 ], [ -73.934993897366553, 40.834597666183029 ], [ -73.935030603239738, 40.834392365341294 ], [ -73.935036124277076, 40.8342983203434 ], [ -73.93503124118601, 40.83424886284952 ], [ -73.93504212490862, 40.834211399234526 ], [ -73.935076445028869, 40.833924043287162 ], [ -73.93506958098223, 40.833887317502239 ], [ -73.935083413633564, 40.833865596929648 ], [ -73.935096874719136, 40.833715356792254 ], [ -73.935096904691477, 40.833684631909883 ], [ -73.935103842555904, 40.833657656917943 ], [ -73.935112451000705, 40.833425739073505 ], [ -73.935117430480318, 40.833377034783993 ], [ -73.935120417042214, 40.833353803570112 ], [ -73.935132258487485, 40.83334482290504 ], [ -73.935126360418579, 40.833326080356358 ], [ -73.935129355008911, 40.833294609479971 ], [ -73.935124435528181, 40.833281118687765 ], [ -73.935138268190315, 40.833260144258212 ], [ -73.935137291278309, 40.833241413188631 ], [ -73.935130403006085, 40.833228667273524 ], [ -73.935121549736735, 40.833201692776647 ], [ -73.935123529498455, 40.833189699006326 ], [ -73.935115658922641, 40.833176205883312 ], [ -73.935132436026464, 40.833162725620404 ], [ -73.935139358477372, 40.833151491000308 ], [ -73.935127523794009, 40.833142488809138 ], [ -73.935124659845826, 40.833051069029281 ], [ -73.935121718533537, 40.83302859034761 ], [ -73.935115809460441, 40.83302184217289 ], [ -73.935111878822966, 40.833003100729293 ], [ -73.935119793655105, 40.832983628174226 ], [ -73.935117830205584, 40.832967139024561 ], [ -73.935123767700674, 40.832945412996807 ], [ -73.935120855473571, 40.832904195768556 ], [ -73.935131705183792, 40.832902697673696 ], [ -73.935144551143949, 40.832884722036489 ], [ -73.935167252945817, 40.832874992778478 ], [ -73.935164808409453, 40.832852883264323 ], [ -73.935156591733389, 40.832682406739856 ], [ -73.93512878131628, 40.832363534476961 ], [ -73.93511398341515, 40.832365776837186 ], [ -73.935077892461621, 40.831941623611385 ], [ -73.935095651848755, 40.831942381267133 ], [ -73.93508783728582, 40.831859198350045 ], [ -73.935068249740951, 40.831704067625829 ], [ -73.935022754655108, 40.831319999549855 ], [ -73.9349850562146, 40.831027353357918 ], [ -73.934935156550253, 40.830602444713286 ], [ -73.934893533323702, 40.830286563837838 ], [ -73.934830872084859, 40.829808437051788 ], [ -73.934798819057406, 40.829792309149703 ], [ -73.934800806769275, 40.829772833254992 ], [ -73.934789962788003, 40.829768324076824 ], [ -73.934792938278918, 40.829756340752176 ], [ -73.934781110857799, 40.829740593669946 ], [ -73.934770282296853, 40.829720361694257 ], [ -73.934759442944184, 40.829700121000165 ], [ -73.934763432883216, 40.829657403948637 ], [ -73.934743725912696, 40.829637168120222 ], [ -73.934739308309304, 40.829609061446597 ], [ -73.934749194927633, 40.829597081363431 ], [ -73.934737373499203, 40.829574589425242 ], [ -73.93472260127821, 40.829550600495622 ], [ -73.93472557699917, 40.829527369270913 ], [ -73.934714760257407, 40.82949514407975 ], [ -73.934701002524008, 40.829440430800055 ], [ -73.934694127073541, 40.829416455718686 ], [ -73.934712885606686, 40.829400725944708 ], [ -73.934705049022838, 40.829340774690507 ], [ -73.934693216696246, 40.829328773601354 ], [ -73.934675971018208, 40.829313402210566 ], [ -73.934662289878261, 40.829180759945991 ], [ -73.934683027025059, 40.829165787333565 ], [ -73.934707694024851, 40.829158309792234 ], [ -73.934700807807275, 40.829132074134016 ], [ -73.934681079247895, 40.829133558281384 ], [ -73.934677148801967, 40.829116328547933 ], [ -73.934670252220229, 40.829112570426418 ], [ -73.934654476181464, 40.829097576961082 ], [ -73.934649592432308, 40.829048119406998 ], [ -73.934661931983399, 40.829038760294495 ], [ -73.934662952255565, 40.829014033814062 ], [ -73.934664959713629, 40.828973566826477 ], [ -73.93465611022576, 40.828942836386226 ], [ -73.93465515536495, 40.828912858581155 ], [ -73.934636418521151, 40.828906860149111 ], [ -73.934616403438966, 40.828693655793288 ], [ -73.934611712647907, 40.828689835259496 ], [ -73.934602603238261, 40.828682401237749 ], [ -73.934608835766937, 40.828661188682091 ], [ -73.934610525068692, 40.828655436192243 ], [ -73.934608049933132, 40.828653363018162 ], [ -73.934600658452666, 40.828647182715606 ], [ -73.934598736406372, 40.828600724008979 ], [ -73.934601921183514, 40.828592549298634 ], [ -73.934611595532104, 40.828567755186242 ], [ -73.934609174454792, 40.828521674968229 ], [ -73.934610177165027, 40.82850293629027 ], [ -73.934612190009929, 40.828457229149144 ], [ -73.934604334898779, 40.828428002794745 ], [ -73.934607313630693, 40.828401025563686 ], [ -73.934600431855671, 40.828382282414339 ], [ -73.934608345553315, 40.828363557539049 ], [ -73.934597505654708, 40.828344820353578 ], [ -73.934600484880974, 40.828328333985048 ], [ -73.934593600408263, 40.828301351160142 ], [ -73.934586741477801, 40.828259384992478 ], [ -73.934595629144525, 40.828251149857373 ], [ -73.934586762105269, 40.828238402776499 ], [ -73.934591704748897, 40.828227167559959 ], [ -73.934597639715349, 40.828208431678597 ], [ -73.934588772672399, 40.828195693979104 ], [ -73.934586842407356, 40.828156719571481 ], [ -73.934565130102442, 40.828162704449412 ], [ -73.934558101798714, 40.828117402777785 ], [ -73.934545862660229, 40.828048161464203 ], [ -73.934542306381502, 40.828026870313067 ], [ -73.934532588805126, 40.827968558864278 ], [ -73.934521756380548, 40.827907800091388 ], [ -73.934538981340594, 40.827903472670712 ], [ -73.934531830927597, 40.827849402043533 ], [ -73.934520765280979, 40.827765689651009 ], [ -73.93451590672413, 40.827728930758525 ], [ -73.934423963390458, 40.827042893972248 ], [ -73.934482910587548, 40.827037092778745 ], [ -73.934464265494981, 40.826842205193586 ], [ -73.934428444005064, 40.826467850591449 ], [ -73.934367179553334, 40.825827598661107 ], [ -73.934356434521447, 40.825820937144456 ], [ -73.934325742891176, 40.82523259029449 ], [ -73.934295307327815, 40.824649231222843 ], [ -73.934293716705696, 40.824496386917225 ], [ -73.934272854408533, 40.824438952751294 ], [ -73.9342464289508, 40.824166883037314 ], [ -73.9342183480328, 40.823799045790111 ], [ -73.934165945306646, 40.823078580871055 ], [ -73.934146576669903, 40.823029032050407 ], [ -73.934146043821173, 40.82302061918044 ], [ -73.934133736253344, 40.822800655976778 ], [ -73.934121261650802, 40.822647252741781 ], [ -73.934117526126684, 40.822524332688566 ], [ -73.934102333663404, 40.822201216916838 ], [ -73.934099867382088, 40.822139912843674 ], [ -73.934098437999566, 40.822104227343949 ], [ -73.934091125173609, 40.821996037990225 ], [ -73.934079447234808, 40.821805575796368 ], [ -73.934074343548403, 40.821717099110245 ], [ -73.934077340951518, 40.821694561770059 ], [ -73.934070055226982, 40.82155932093422 ], [ -73.934044474764619, 40.821176703574416 ], [ -73.934045997790733, 40.821133876520264 ], [ -73.934035604431671, 40.820952547282459 ], [ -73.934026623345915, 40.820816809752856 ], [ -73.934003896156881, 40.820397840184192 ], [ -73.934000664453549, 40.820338253782097 ], [ -73.933982769462602, 40.820000296186521 ], [ -73.933986440042389, 40.819968438675723 ], [ -73.933972096702504, 40.81973020313454 ], [ -73.933829900213354, 40.819720423971347 ], [ -73.933830511812829, 40.819597453238224 ], [ -73.933830640855845, 40.819571464086394 ], [ -73.933830892871072, 40.819521063761584 ], [ -73.934116712999881, 40.819547053 ], [ -73.934312768999987, 40.819629865999964 ], [ -73.934400399999859, 40.819667782999943 ], [ -73.93439036800001, 40.81958743499996 ], [ -73.934381129, 40.819328075999962 ], [ -73.934294877999889, 40.818904986999947 ], [ -73.934235760999982, 40.818649318999903 ], [ -73.934084819999811, 40.817930861999955 ], [ -73.934074639999963, 40.817826513999961 ], [ -73.934128167999987, 40.817733962999938 ], [ -73.934235195, 40.817554880999964 ], [ -73.93445400100002, 40.817188528999985 ], [ -73.934637902999938, 40.816908048 ], [ -73.934873438000039, 40.816527846999954 ], [ -73.935755481999863, 40.815325583999957 ], [ -73.936135543999967, 40.814788126999979 ], [ -73.936209578, 40.814673849999977 ], [ -73.93668813299989, 40.814043242999979 ], [ -73.937143983999931, 40.813421040999877 ], [ -73.93763499299979, 40.812747799999983 ], [ -73.938135523999904, 40.812065619 ], [ -73.938206426999841, 40.81196760499995 ], [ -73.938309249999861, 40.811825463999952 ], [ -73.938387484999879, 40.811718443999922 ], [ -73.938637532999849, 40.811376387999971 ], [ -73.938743944999814, 40.811230820999938 ], [ -73.939017532999983, 40.810856556999958 ], [ -73.937407337000039, 40.810175610999899 ], [ -73.935807801999857, 40.809497637999911 ], [ -73.935862633999918, 40.809430202999906 ], [ -73.936259359999966, 40.808855607999952 ], [ -73.936718275000047, 40.808220478999907 ], [ -73.937180117999887, 40.807599 ], [ -73.937634394, 40.806974606999951 ], [ -73.938086668999802, 40.806353011999903 ], [ -73.938544078999882, 40.80572965299995 ], [ -73.938694304999956, 40.805791028999906 ], [ -73.940157936999952, 40.806409089999946 ], [ -73.941771401999901, 40.807089 ], [ -73.94491601899982, 40.808413503999937 ], [ -73.94499360699993, 40.808446183999983 ], [ -73.94506102999992, 40.808474499999896 ], [ -73.947739854999853, 40.80959972099992 ], [ -73.947838759999854, 40.809641260999939 ], [ -73.947923067999838, 40.809676921999973 ], [ -73.950679755999886, 40.810842963999939 ], [ -73.952101251999906, 40.811442853999971 ], [ -73.95150537299989, 40.812007684999948 ], [ -73.950982033999935, 40.812521629999928 ], [ -73.950927248999932, 40.812575428999942 ], [ -73.950350192999949, 40.813159388999949 ], [ -73.949862189999948, 40.813799979999978 ], [ -73.949626680999913, 40.814100049999936 ], [ -73.949626537999976, 40.81410023899997 ], [ -73.949626396000014, 40.814100435999968 ], [ -73.949405505, 40.814407409000012 ], [ -73.949199600999847, 40.814720853999901 ], [ -73.949009277999863, 40.815039942999952 ], [ -73.948834912999871, 40.815363981 ], [ -73.948676817999981, 40.815692285999958 ], [ -73.948356014999888, 40.816374306 ], [ -73.94800732899995, 40.817116508999966 ], [ -73.947666412999865, 40.817855508999941 ], [ -73.947349539999834, 40.818534998 ], [ -73.947036231999832, 40.819208371999927 ], [ -73.946718319999846, 40.819894267999977 ], [ -73.946402897999874, 40.820572041999981 ], [ -73.946078287000049, 40.821263215999949 ], [ -73.945154569999943, 40.820876264999967 ], [ -73.944603645999891, 40.821461980999956 ], [ -73.944049863999936, 40.82205159199993 ], [ -73.943505944999899, 40.822627752999914 ], [ -73.942923669000052, 40.823260586999936 ], [ -73.942429539999964, 40.823909156999939 ], [ -73.941955696999969, 40.824554439999957 ], [ -73.941503126999962, 40.825171366999967 ], [ -73.941048408999919, 40.825792629999924 ], [ -73.940594727, 40.82641360399991 ], [ -73.940139537999897, 40.82703868999991 ], [ -73.939689528999935, 40.827656573999938 ], [ -73.939248855999878, 40.828296350999935 ], [ -73.938960348999927, 40.828986329999964 ], [ -73.938640266999968, 40.829738873999915 ], [ -73.938997433999916, 40.829888852999986 ], [ -73.939625698999876, 40.830155837 ], [ -73.940170898999895, 40.830384390999988 ], [ -73.940079057999881, 40.830463957999939 ], [ -73.939989399000027, 40.830730965999905 ], [ -73.939963686999931, 40.830820533999919 ], [ -73.939963662999844, 40.830820605999925 ], [ -73.939923950999855, 40.830908059999985 ], [ -73.939923891999868, 40.83090817699987 ], [ -73.939923832999924, 40.830908276999956 ], [ -73.939870632999913, 40.830991796999939 ], [ -73.939870573999798, 40.830991885999985 ], [ -73.939870490999837, 40.830991976999918 ], [ -73.939804989999942, 40.831069789999987 ], [ -73.939804846999934, 40.831069960999919 ], [ -73.939804681999902, 40.831070112999939 ], [ -73.93972831499984, 40.831140898999976 ], [ -73.939609825999966, 40.831250894999897 ], [ -73.939609707999963, 40.831251001999917 ], [ -73.939609600999844, 40.831251118999944 ], [ -73.939503386999846, 40.83136946 ], [ -73.939410835, 40.831494994999943 ], [ -73.939410787999947, 40.831495075999975 ], [ -73.939333131999831, 40.831626299999911 ], [ -73.939271193999801, 40.831761656999959 ], [ -73.939271168999838, 40.831761719999946 ], [ -73.939271145999925, 40.831761792999963 ], [ -73.939225365000013, 40.831899660999966 ], [ -73.939134807999892, 40.832097594999958 ], [ -73.939028972999964, 40.832291497999982 ], [ -73.938948597999953, 40.832417335999942 ], [ -73.938908344999888, 40.832480356999973 ], [ -73.938773602999902, 40.832663211999943 ], [ -73.938683162999851, 40.832800788999933 ], [ -73.938628949999966, 40.832857941999919 ], [ -73.938574747999979, 40.832915085999979 ], [ -73.938385089999969, 40.833113502999986 ], [ -73.937957182999881, 40.833454417999903 ], [ -73.93729666499992, 40.833977743999988 ], [ -73.937059059000063, 40.834165988999928 ], [ -73.937006415999889, 40.834193109999944 ], [ -73.936495571999927, 40.834568795999942 ], [ -73.935726242999877, 40.835156347 ], [ -73.935307881000043, 40.835477723999965 ], [ -73.935063362999927, 40.835677658999963 ], [ -73.934962740999879, 40.835759933999938 ], [ -73.934857403000038, 40.835985025999939 ], [ -73.934798863999902, 40.836110115999965 ], [ -73.934745693999957, 40.836092093999952 ], [ -73.93467393099985, 40.836064902999951 ], [ -73.934600277999877, 40.83609686799997 ], [ -73.934361215910556, 40.836200619617827 ] ] ] } },
{ "type": "Feature", "properties": { "locationid": 43 }, "geometry": { "type": "Polygon", "coordinates": [ [ [ -73.972553522999846, 40.764897731999952 ], [ -73.973014871999951, 40.764278878999939 ], [ -73.973635846999898, 40.764569912999946 ], [ -73.974192289999905, 40.764806527999973 ], [ -73.976233887999953, 40.765674630999897 ], [ -73.978361130000025, 40.766573710999921 ], [ -73.979076587999913, 40.766876085999961 ], [ -73.981362136999948, 40.767836738999947 ], [ -73.981318532999907, 40.767899001999915 ], [ -73.981290903999806, 40.767969363 ], [ -73.98129086899992, 40.767969452999971 ], [ -73.981290857, 40.767969552 ], [ -73.981282532999771, 40.768044273999934 ], [ -73.981294675999976, 40.76811880199994 ], [ -73.981325889999823, 40.768188379999884 ], [ -73.981372633999911, 40.768249315999967 ], [ -73.981453203000015, 40.768320369999941 ], [ -73.981453344999892, 40.768320494999976 ], [ -73.981453498999926, 40.768320602999971 ], [ -73.981545914999955, 40.768383338999932 ], [ -73.981545973999943, 40.768383374999914 ], [ -73.981648045999947, 40.768436321999971 ], [ -73.981022900999903, 40.76927283399997 ], [ -73.980563707, 40.769905324999918 ], [ -73.980111815999919, 40.770528368999926 ], [ -73.979652333999937, 40.771155326999946 ], [ -73.979192144999843, 40.771781265 ], [ -73.978722468, 40.772418897999984 ], [ -73.978282200999971, 40.773031878999902 ], [ -73.977826393999862, 40.773656191999955 ], [ -73.977370849999843, 40.774281006999971 ], [ -73.976911682999955, 40.774909123999933 ], [ -73.976457637999843, 40.775532351999871 ], [ -73.975955173999878, 40.77621975499995 ], [ -73.975460671999897, 40.776898502999913 ], [ -73.974997440000053, 40.777532545999932 ], [ -73.974532314999934, 40.778167784999987 ], [ -73.974066682999933, 40.778805416999901 ], [ -73.973571174999876, 40.779477861999986 ], [ -73.971723055999846, 40.782021476000011 ], [ -73.971222922999843, 40.782706255999926 ], [ -73.970760130999949, 40.7833401379999 ], [ -73.970300681999916, 40.783975413999947 ], [ -73.969832255999975, 40.784610910999945 ], [ -73.969335732999909, 40.785293279999955 ], [ -73.968843789999852, 40.785967389 ], [ -73.968384793999846, 40.786595696999925 ], [ -73.967926963999901, 40.787221570999918 ], [ -73.967449083999924, 40.787860721 ], [ -73.967009770999908, 40.788476789999933 ], [ -73.966552266999756, 40.789107152999946 ], [ -73.966095005999932, 40.789734388999939 ], [ -73.965632697999951, 40.790365403999942 ], [ -73.96517705600003, 40.790990341 ], [ -73.964685406999948, 40.791664026999932 ], [ -73.964175985999887, 40.792362044999905 ], [ -73.963710964999933, 40.79301293399994 ], [ -73.962805905999858, 40.794235812999965 ], [ -73.962359801999938, 40.794852060999915 ], [ -73.961899854999942, 40.795479269999944 ], [ -73.961440606999957, 40.796110827000014 ], [ -73.960979717999876, 40.796738643999959 ], [ -73.960522716999932, 40.797368468999927 ], [ -73.960044565, 40.798041234999943 ], [ -73.959536588999967, 40.798718525999938 ], [ -73.959076690999922, 40.799352232999915 ], [ -73.958618792999886, 40.799977026 ], [ -73.958333049999879, 40.800365053999919 ], [ -73.958172970999868, 40.800582540999905 ], [ -73.957864992999916, 40.800515271999927 ], [ -73.955366516999931, 40.799466425999874 ], [ -73.955288849999974, 40.799434401999967 ], [ -73.955218244999841, 40.799404657999922 ], [ -73.955165030999922, 40.799382232999939 ], [ -73.952535975999936, 40.798274645999932 ], [ -73.952452009999959, 40.798240231 ], [ -73.952374190999933, 40.798209771 ], [ -73.949603571999816, 40.797050270999968 ], [ -73.949220456999839, 40.796909858999939 ], [ -73.949405163999913, 40.796631703999921 ], [ -73.949695382999877, 40.79621687199996 ], [ -73.950158212999909, 40.795587731999944 ], [ -73.950613717999943, 40.794965573999953 ], [ -73.951111023999971, 40.794285034999923 ], [ -73.951602653999913, 40.793607805 ], [ -73.952072222999931, 40.792966160999917 ], [ -73.952522227000017, 40.792347622 ], [ -73.952983945999861, 40.791721433000021 ], [ -73.95343832999994, 40.791085367999976 ], [ -73.953889170999958, 40.790470498999902 ], [ -73.954399191999883, 40.789774908999981 ], [ -73.954817237999919, 40.789204744000024 ], [ -73.955274812000013, 40.788583378999903 ], [ -73.955777358999896, 40.787913923999987 ], [ -73.956261308999942, 40.787222875999902 ], [ -73.956718630999887, 40.786600792999977 ], [ -73.957168536999987, 40.785982893999901 ], [ -73.957635994000057, 40.785343457999957 ], [ -73.95809563799989, 40.784717461999982 ], [ -73.958558136999898, 40.784097598999963 ], [ -73.959003631999863, 40.783467289999884 ], [ -73.95946905999989, 40.78283332099997 ], [ -73.959920943000014, 40.782212943999937 ], [ -73.96041638899996, 40.781531632999922 ], [ -73.960918495000058, 40.78085062899995 ], [ -73.961368727, 40.780229748999922 ], [ -73.961838369, 40.779584191999916 ], [ -73.962303615000025, 40.77894704099991 ], [ -73.962767155999899, 40.778313040999912 ], [ -73.963229918999929, 40.777677046999926 ], [ -73.963726026999936, 40.777005717999948 ], [ -73.963761238999894, 40.776950968999905 ], [ -73.964228202000029, 40.776310308999982 ], [ -73.964687357999921, 40.77567708199998 ], [ -73.965147453999847, 40.775044231999878 ], [ -73.965609685999922, 40.774407200999924 ], [ -73.966074489999926, 40.773772988999944 ], [ -73.966536169999813, 40.77314036899994 ], [ -73.967039475999869, 40.772461218999901 ], [ -73.967533983999829, 40.771776183999947 ], [ -73.967993277999909, 40.771147229999947 ], [ -73.96844155899997, 40.77051632699996 ], [ -73.968904546999937, 40.769900831999948 ], [ -73.969364845999934, 40.769270656999943 ], [ -73.969824552999867, 40.768646008999966 ], [ -73.970281654999809, 40.768025031999947 ], [ -73.970727773999855, 40.767393721999916 ], [ -73.971188129999959, 40.766766592999964 ], [ -73.971647742999963, 40.766142467999977 ], [ -73.972098524000046, 40.765517250999956 ], [ -73.972553522999846, 40.764897731999952 ] ] ] } },
{ "type": "Feature", "properties": { "locationid": 45 }, "geometry": { "type": "Polygon", "coordinates": [ [ [ -73.997504452999877, 40.714069132 ], [ -73.997444485999878, 40.714066872999886 ], [ -73.996478309999915, 40.714107263999928 ], [ -73.994840488999913, 40.714209351999962 ], [ -73.99472479499984, 40.714215712999909 ], [ -73.994656849999927, 40.714219446999927 ], [ -73.994500334999927, 40.714231164 ], [ -73.99434786700003, 40.714247915999891 ], [ -73.994318556999872, 40.714250885000013 ], [ -73.994140390999917, 40.714268931999882 ], [ -73.993950334999909, 40.714290831999975 ], [ -73.993015883999959, 40.714355624999911 ], [ -73.992821734999922, 40.714365229999913 ], [ -73.992562421999892, 40.714388077 ], [ -73.992468276999844, 40.713856824999915 ], [ -73.992455635999903, 40.713762881999884 ], [ -73.99239157, 40.713190810000015 ], [ -73.992267474999849, 40.712467556999947 ], [ -73.992253693999913, 40.712354325999897 ], [ -73.99224319399994, 40.712268054999896 ], [ -73.992218559999969, 40.71206565499994 ], [ -73.992205779000017, 40.71196063499994 ], [ -73.99218322399993, 40.711775310999961 ], [ -73.99216806999992, 40.711711898999965 ], [ -73.992154844999973, 40.711656555999895 ], [ -73.992135502999943, 40.711575614999923 ], [ -73.99202215999982, 40.711101299999903 ], [ -73.99200166199995, 40.711015522999936 ], [ -73.991976748999875, 40.710911265999897 ], [ -73.991916905999886, 40.710597505999914 ], [ -73.991776626999965, 40.709819039999957 ], [ -73.991838174999842, 40.709810552 ], [ -73.991907097999899, 40.709801993999903 ], [ -73.992047462999892, 40.709775744999966 ], [ -73.992005958999854, 40.709696478999973 ], [ -73.991975091000015, 40.709645534999908 ], [ -73.991943465999896, 40.709589052999952 ], [ -73.991920474999958, 40.709554293999929 ], [ -73.991908242710309, 40.709532926643384 ], [ -73.992039269683417, 40.709516919162795 ], [ -73.992091316359591, 40.709508222401219 ], [ -73.992148689701395, 40.709498609104159 ], [ -73.992361161398946, 40.709464368811453 ], [ -73.992848467486411, 40.709381877638805 ], [ -73.993740128622122, 40.709246120435438 ], [ -73.994008201640241, 40.70923747991899 ], [ -73.994140632003351, 40.709233267399931 ], [ -73.994378235439299, 40.709192639199003 ], [ -73.994578999637298, 40.709130972910032 ], [ -73.995175773698179, 40.709034293810284 ], [ -73.995803856535687, 40.70894601390755 ], [ -73.996018983957626, 40.708916223847481 ], [ -73.996664009965954, 40.708826904517693 ], [ -73.997282871955676, 40.708731619842901 ], [ -73.998083511869822, 40.708509615367106 ], [ -73.99828602320575, 40.708429931467663 ], [ -73.998527585852898, 40.708331527908378 ], [ -73.9985611462062, 40.708315283233581 ], [ -73.998721979550538, 40.708237452896199 ], [ -73.998753965708588, 40.708223651529842 ], [ -73.998808462766377, 40.708200134992687 ], [ -73.99882158420985, 40.708175481174891 ], [ -73.998881308638744, 40.708136633919821 ], [ -73.998983409632444, 40.708092653316172 ], [ -73.999052767385578, 40.708032545363785 ], [ -73.999134349189546, 40.707982397448532 ], [ -73.999194511544275, 40.707947376675762 ], [ -73.999287310999989, 40.708016602999976 ], [ -73.999361955999888, 40.708072286999951 ], [ -73.999399551000039, 40.70810033799998 ], [ -73.99944281399992, 40.708136556999918 ], [ -73.999562733999838, 40.708236482999951 ], [ -73.999811938999869, 40.70844261499996 ], [ -73.999929363999897, 40.708536817999914 ], [ -74.000007655999909, 40.708599619999951 ], [ -74.000123591, 40.708684518999959 ], [ -74.000191031000014, 40.708733912999918 ], [ -74.000265666999951, 40.708792948999921 ], [ -74.000550049999973, 40.709017916999919 ], [ -74.001344398999876, 40.709646292999935 ], [ -74.001471402999968, 40.709746553999906 ], [ -74.001559081999986, 40.709817107999953 ], [ -74.001736889999961, 40.709960169999967 ], [ -74.002238697999971, 40.710363931999908 ], [ -74.002579669999903, 40.710637896999884 ], [ -74.003324416999902, 40.71123748299992 ], [ -74.003364074999922, 40.711269414 ], [ -74.003661182999977, 40.711487283 ], [ -74.003823587999946, 40.711551861999951 ], [ -74.004181438999922, 40.711687141999953 ], [ -74.004428603999941, 40.711786225999944 ], [ -74.004906745999918, 40.711972279 ], [ -74.004998050999959, 40.712011896999918 ], [ -74.005109899999951, 40.712055593999914 ], [ -74.005185486999878, 40.712071232999968 ], [ -74.005228127999942, 40.712073451999885 ], [ -74.005381983999925, 40.712076742999926 ], [ -74.005439865999918, 40.712078532999968 ], [ -74.005734992999948, 40.711978687999924 ], [ -74.005891750999893, 40.712007159999935 ], [ -74.005740446999908, 40.712088756999918 ], [ -74.005589329999978, 40.712170053999941 ], [ -74.005430478999941, 40.71220369499995 ], [ -74.005275619999978, 40.712249439999965 ], [ -74.005127125999962, 40.712306773 ], [ -74.004987166999939, 40.712374856999929 ], [ -74.004857680999962, 40.712452540999941 ], [ -74.004706522999939, 40.712574014999902 ], [ -74.00429113899996, 40.71290782599997 ], [ -74.004214053999931, 40.712980742999939 ], [ -74.00405900799997, 40.71313478999992 ], [ -74.003602803999982, 40.713645429999914 ], [ -74.003219830999967, 40.714036236999938 ], [ -74.002722861999942, 40.714389708999967 ], [ -74.002453932, 40.71478982 ], [ -74.002114557999917, 40.715158909999978 ], [ -74.001683061999913, 40.715744122999908 ], [ -74.000818424999977, 40.716929707999967 ], [ -74.000274436999973, 40.717619401999919 ], [ -73.999956209, 40.718017094999922 ], [ -73.999312416999885, 40.71755024199993 ], [ -73.998589255999775, 40.717099511999926 ], [ -73.997762859999952, 40.716813928 ], [ -73.996983752999924, 40.716540542999915 ], [ -73.996058726999976, 40.71623163999994 ], [ -73.996149291999885, 40.716084840999983 ], [ -73.996224931999919, 40.715995790999962 ], [ -73.996531281999893, 40.715491390999922 ], [ -73.996806070999924, 40.715036955999935 ], [ -73.997092233999979, 40.714618397999956 ], [ -73.997504452999877, 40.714069132 ] ] ] } },
{ "type": "Feature", "properties": { "locationid": 48 }, "geometry": { "type": "Polygon", "coordinates": [ [ [ -73.99117738199989, 40.755329848999942 ], [ -73.991632712999959, 40.754706805 ], [ -73.994468246999986, 40.755908861999956 ], [ -73.995006015999877, 40.756136713999894 ], [ -73.99511286399995, 40.756175773999885 ], [ -73.995774881999978, 40.756454514999895 ], [ -73.997306714999979, 40.757110506999929 ], [ -73.997233738, 40.757209542999945 ], [ -73.996921778999891, 40.75763758199993 ], [ -73.996852448999846, 40.757732708999924 ], [ -73.996800897, 40.75778916 ], [ -73.996635292999841, 40.758012921999956 ], [ -73.996409415999949, 40.758339158999959 ], [ -73.995942365999881, 40.758980979 ], [ -73.995474501999922, 40.759626856999944 ], [ -73.994983580999957, 40.760300162000021 ], [ -73.994525932999906, 40.760927044999953 ], [ -73.99406959, 40.761552584999954 ], [ -73.993609305999911, 40.762183435999923 ], [ -73.993156238999859, 40.762806360999946 ], [ -73.992701434999802, 40.76343080599991 ], [ -73.992244028000016, 40.764056778999944 ], [ -73.991788340999832, 40.764683867999949 ], [ -73.991332645999876, 40.76530926999996 ], [ -73.990875994999854, 40.765934220999952 ], [ -73.990421679999812, 40.766561257999882 ], [ -73.989963826999855, 40.767187474999929 ], [ -73.989504982000014, 40.767815381999924 ], [ -73.989050771999914, 40.768440091999956 ], [ -73.988558985999859, 40.76911581699995 ], [ -73.98806289599996, 40.769790799999953 ], [ -73.98521720299992, 40.768594629999953 ], [ -73.982365451, 40.76739215299996 ], [ -73.982877134999882, 40.766715594999908 ], [ -73.983366578999949, 40.766045241999969 ], [ -73.983821857, 40.765418474999947 ], [ -73.984282300999865, 40.764791814999974 ], [ -73.984733937999849, 40.764169104999944 ], [ -73.985191521999965, 40.76354367499998 ], [ -73.985646777999989, 40.762914873999932 ], [ -73.986104061999811, 40.762289952999915 ], [ -73.986561384999959, 40.761660121999959 ], [ -73.987015145999948, 40.761037366999936 ], [ -73.987475247, 40.760404786999956 ], [ -73.987926406999989, 40.759790276999915 ], [ -73.988390445999926, 40.759164185999985 ], [ -73.988842538999933, 40.758533498999959 ], [ -73.989297274999913, 40.757906636999948 ], [ -73.989790853999949, 40.757233131999946 ], [ -73.990276213999863, 40.756567564999955 ], [ -73.990726362999908, 40.755950406 ], [ -73.99117738199989, 40.755329848999942 ] ] ] } },
{ "type": "Feature", "properties": { "locationid": 50 }, "geometry": { "type": "Polygon", "coordinates": [ [ [ -73.996677057847364, 40.773510053942239 ], [ -73.994341919916167, 40.772524781943417 ], [ -73.994249792286396, 40.77252648513813 ], [ -73.994163284563058, 40.772487191523894 ], [ -73.993831082015475, 40.772931787425378 ], [ -73.993787369999893, 40.772903845999977 ], [ -73.993725346999881, 40.772864197999958 ], [ -73.993590863999898, 40.772790079999986 ], [ -73.993502621999895, 40.772751632999928 ], [ -73.99387445099994, 40.77223816799998 ], [ -73.993781897999924, 40.772199090999919 ], [ -73.993656061999872, 40.772145961999883 ], [ -73.990913076, 40.770987758999929 ], [ -73.990596446999874, 40.770854809999982 ], [ -73.98806289599996, 40.769790799999953 ], [ -73.988558985999859, 40.76911581699995 ], [ -73.989050771999914, 40.768440091999956 ], [ -73.989504981999858, 40.767815382999899 ], [ -73.989963826999855, 40.767187474999929 ], [ -73.990421679999812, 40.766561257999882 ], [ -73.990875994999854, 40.765934220999952 ], [ -73.991332645999876, 40.76530926999996 ], [ -73.9917883399999, 40.764683867999949 ], [ -73.992244028000016, 40.764056778999944 ], [ -73.992701434999802, 40.76343080599991 ], [ -73.993156238999859, 40.762806360999946 ], [ -73.993609305999911, 40.762183435999923 ], [ -73.99406959, 40.761552584999954 ], [ -73.994525932999906, 40.760927044999953 ], [ -73.994983580999957, 40.760300162000021 ], [ -73.995474501999922, 40.759626856999944 ], [ -73.996232230999865, 40.759946031999959 ], [ -73.998314745000016, 40.760823208999952 ], [ -74.001035874999985, 40.761968351999961 ], [ -74.001150541999877, 40.762025811999933 ], [ -74.001277962999907, 40.762075824999911 ], [ -74.001337484999908, 40.762208521999909 ], [ -74.00153309083484, 40.76264459806378 ], [ -74.003757350188366, 40.763582241820274 ], [ -74.003612147970756, 40.76377704395491 ], [ -74.001386036985963, 40.76285009500193 ], [ -74.000973080220106, 40.76342027172565 ], [ -74.003149769889959, 40.764332888184619 ], [ -74.002948095157208, 40.764616836433923 ], [ -74.003061612340616, 40.76466578265341 ], [ -74.003134583362183, 40.76464959820683 ], [ -74.003161945770344, 40.76461261045462 ], [ -74.003222755853514, 40.764638037670245 ], [ -74.00315587058185, 40.764730509880053 ], [ -74.003146529673629, 40.764736281391876 ], [ -74.003136060199836, 40.764740796446382 ], [ -74.003124751551042, 40.764743930241053 ], [ -74.00311291631381, 40.764745596153702 ], [ -74.003100881630658, 40.764745748135844 ], [ -74.003088980156789, 40.764744381986752 ], [ -74.001063642205068, 40.763888208262927 ], [ -74.000731052537333, 40.763755286361516 ], [ -73.999927123677239, 40.763406528479322 ], [ -73.999638535553657, 40.763569070990812 ], [ -73.999622634581925, 40.763559081210524 ], [ -73.999517670968132, 40.763706279180397 ], [ -73.999446422172937, 40.7638061945785 ], [ -73.999433307246235, 40.763823910197047 ], [ -73.999150980879079, 40.764205259582688 ], [ -74.002274366423677, 40.765525181099548 ], [ -74.002288023714826, 40.765561544297881 ], [ -74.002057138315593, 40.765877390418602 ], [ -74.002024543303392, 40.765893266570416 ], [ -73.999199972467252, 40.764701914982538 ], [ -73.999108325645395, 40.764662499857543 ], [ -73.99888473174974, 40.764569377048623 ], [ -73.99857638530527, 40.764998607270869 ], [ -73.998599787076259, 40.765073340285966 ], [ -73.998634878763383, 40.765085794737779 ], [ -73.998665304734359, 40.765104480747233 ], [ -73.998686374771964, 40.765137394267747 ], [ -73.998695730372788, 40.765174765679646 ], [ -73.998688706945615, 40.765208570449822 ], [ -73.998667647113663, 40.765237035342899 ], [ -73.998633715560729, 40.765260168741257 ], [ -73.998589241051462, 40.765276178806808 ], [ -73.998482764686784, 40.76529753698442 ], [ -73.998438303714707, 40.765316213833906 ], [ -73.998402025182571, 40.765350909087651 ], [ -73.998270903083451, 40.765552233413317 ], [ -73.998281607095279, 40.765567775437361 ], [ -74.001542178711929, 40.766944702532712 ], [ -74.00157335385272, 40.766977192210682 ], [ -74.00156180575469, 40.766996499368318 ], [ -74.00139437159504, 40.767230047733015 ], [ -74.001364346129805, 40.767249364473685 ], [ -74.001314696359941, 40.76725112004997 ], [ -74.00129391014984, 40.767241458241621 ], [ -73.99815678438965, 40.765894035374146 ], [ -73.998148186473614, 40.765905607074991 ], [ -73.998066759053501, 40.765871881135759 ], [ -73.997721348256974, 40.76634912055588 ], [ -73.997378084479536, 40.76682338637962 ], [ -74.000628373952992, 40.76820311105876 ], [ -74.000650167862062, 40.768220374289257 ], [ -74.000649505304139, 40.768245236105635 ], [ -74.00045489336712, 40.768504195177428 ], [ -74.000417653932004, 40.768512479964528 ], [ -74.000385864890717, 40.76850419542928 ], [ -73.997155889492063, 40.767128696172819 ], [ -73.996815984635035, 40.767600621859216 ], [ -73.996457154050404, 40.768098815795653 ], [ -73.999728191900999, 40.769473506633766 ], [ -73.999735902478591, 40.769506177331557 ], [ -73.999555189307856, 40.769750807740081 ], [ -73.999515521615976, 40.769767565837839 ], [ -73.999472537340068, 40.769764214969186 ], [ -73.997071760393155, 40.76873264357684 ], [ -73.99702628821062, 40.768795515623886 ], [ -73.997150354771421, 40.768847387713429 ], [ -73.997010714138312, 40.769028790653678 ], [ -73.996893113123647, 40.768979628819423 ], [ -73.996571264395598, 40.769424568273955 ], [ -73.999026828329093, 40.770463272982127 ], [ -73.998762069143098, 40.770825056709235 ], [ -73.996313270220853, 40.769798836336477 ], [ -73.995880043516834, 40.770400579012275 ], [ -73.996016931961876, 40.770454848886217 ], [ -73.995900774250231, 40.770613123500915 ], [ -73.995767332836152, 40.770554596456478 ], [ -73.995424744362921, 40.771031615167999 ], [ -73.995756482129067, 40.771160668465782 ], [ -73.995708590699536, 40.771225812533032 ], [ -73.995797740204637, 40.77128256276405 ], [ -73.995816875790339, 40.771256516415576 ], [ -73.9959128360384, 40.771297855623864 ], [ -73.995928036706673, 40.771275102837691 ], [ -73.996001757490518, 40.771307465330615 ], [ -73.995899901009366, 40.771450298582124 ], [ -73.995892608948679, 40.771447087527314 ], [ -73.995854372528157, 40.771499180748535 ], [ -73.995791177487575, 40.771475518820431 ], [ -73.995828058862486, 40.771421667222477 ], [ -73.995729933144034, 40.771378818793828 ], [ -73.995751234128136, 40.771354282779818 ], [ -73.995629822403032, 40.771325292628092 ], [ -73.995623069043546, 40.771336957512894 ], [ -73.995305663653681, 40.771196004909584 ], [ -73.995123955568744, 40.771450738267127 ], [ -73.994990144820591, 40.771440709806519 ], [ -73.994957333536988, 40.771449190697766 ], [ -73.994935016589949, 40.771468146578016 ], [ -73.994923857944173, 40.771485605937464 ], [ -73.994925821206422, 40.771516042405523 ], [ -73.995009154387134, 40.771607339944218 ], [ -73.994978307711918, 40.771645249473316 ], [ -73.994976884947249, 40.771658774923303 ], [ -73.99711218538603, 40.772553236699551 ], [ -73.996909469027884, 40.772832945659992 ], [ -73.994774079308272, 40.771929547530227 ], [ -73.994445012933781, 40.772377126588303 ], [ -73.995455149955845, 40.772802675029133 ], [ -73.995544925208293, 40.772674813826214 ], [ -73.996448946676182, 40.773056841996805 ], [ -73.996355588549861, 40.773178892155123 ], [ -73.996229720019301, 40.773128975045424 ], [ -73.996143291330867, 40.773247541563499 ], [ -73.996561594776409, 40.773410941950992 ], [ -73.996685444311723, 40.773503688046304 ], [ -73.996677057847364, 40.773510053942239 ] ] ] } },
{ "type": "Feature", "properties": { "locationid": 68 }, "geometry": { "type": "Polygon", "coordinates": [ [ [ -74.002019377999886, 40.740444088999929 ], [ -74.002523813999943, 40.739752643999921 ], [ -74.003107338999882, 40.739997521 ], [ -74.00515808199998, 40.740858080999942 ], [ -74.005365917999924, 40.740945295 ], [ -74.006970776999935, 40.741627126999958 ], [ -74.007791160999886, 40.741970844999862 ], [ -74.008204018999876, 40.742147517999896 ], [ -74.007895687999948, 40.74257005099988 ], [ -74.007704614999938, 40.742833812999969 ], [ -74.007237745999944, 40.743470231999908 ], [ -74.006966043999924, 40.743847013999918 ], [ -74.006811499999955, 40.744061323999965 ], [ -74.006384771999961, 40.744645902999906 ], [ -74.005959775999969, 40.745230984999957 ], [ -74.005534039999986, 40.745815568999902 ], [ -74.005107134999903, 40.746402772999907 ], [ -74.00465274299988, 40.747022952999949 ], [ -74.004168307, 40.747689292999944 ], [ -74.003902922999899, 40.748053660999908 ], [ -74.003683445999926, 40.748355 ], [ -74.00323561099998, 40.748974254999965 ], [ -74.003161167999878, 40.749076422999941 ], [ -74.003128061999959, 40.749121859999988 ], [ -74.002785269999947, 40.749592319999905 ], [ -74.002458683, 40.750035805999929 ], [ -74.002431475, 40.75007275199993 ], [ -74.002331685999863, 40.750208257999958 ], [ -74.001882666999933, 40.750827930999925 ], [ -74.001429706999872, 40.751445720999925 ], [ -74.000974548, 40.752054664999939 ], [ -74.000861393, 40.752214838999961 ], [ -74.000526674999918, 40.752688623999902 ], [ -74.000015299000012, 40.753391587 ], [ -73.999924591999815, 40.753516279999957 ], [ -73.999632289999965, 40.753918085999935 ], [ -73.999142920999873, 40.754584933999901 ], [ -73.998660671999929, 40.755251761999943 ], [ -73.998208705999971, 40.75586865599994 ], [ -73.997758365999886, 40.756487528999905 ], [ -73.997306714999979, 40.757110506999929 ], [ -73.995774881999978, 40.756454514999895 ], [ -73.99511286399995, 40.756175773999885 ], [ -73.995006015999877, 40.756136713999894 ], [ -73.994468246999986, 40.755908861999956 ], [ -73.991632712999959, 40.754706805 ], [ -73.992079000999965, 40.754091115999898 ], [ -73.99252855999994, 40.753473912999922 ], [ -73.99297937799993, 40.752853402999932 ], [ -73.993464176999851, 40.752190054999922 ], [ -73.993948256999843, 40.751522221999977 ], [ -73.994379468999824, 40.750930389999965 ], [ -73.994843637999892, 40.750293308999943 ], [ -73.995298214999792, 40.74967168299996 ], [ -73.995748554999949, 40.749052195999894 ], [ -73.996196554999926, 40.748439328000011 ], [ -73.996647043999886, 40.747822728999978 ], [ -73.997099028999941, 40.74720510199996 ], [ -73.997551645999948, 40.746580899999884 ], [ -73.998008220000031, 40.745951301999909 ], [ -73.998486523999887, 40.74529416399993 ], [ -73.998972373999877, 40.744630054999973 ], [ -73.999422089999911, 40.744009572999957 ], [ -73.999848235999806, 40.743425018999964 ], [ -74.000275179999903, 40.742838797999909 ], [ -74.000702754999935, 40.742253610999938 ], [ -74.001129173999914, 40.74166809799992 ], [ -74.001555314999933, 40.741080025999963 ], [ -74.002019377999886, 40.740444088999929 ] ] ] } },
{ "type": "Feature", "properties": { "locationid": 74 }, "geometry": { "type": "MultiPolygon", "coordinates": [ [ [ [ -73.933805898818591, 40.816512493247131 ], [ -73.933829008846132, 40.815585360187541 ], [ -73.933946088253521, 40.815587624739194 ], [ -73.933946099337291, 40.815576457564632 ], [ -73.93394170146216, 40.815565298418228 ], [ -73.933949058575109, 40.815556369558543 ], [ -73.933950541513838, 40.815542980009916 ], [ -73.933941734704149, 40.815531808453777 ], [ -73.933941750211957, 40.81551618496345 ], [ -73.933952056578917, 40.815497218721909 ], [ -73.93395353730935, 40.815486052389076 ], [ -73.933934457095873, 40.815471534509037 ], [ -73.933946232276142, 40.815442517976372 ], [ -73.933938922762508, 40.815415724280513 ], [ -73.933949212555277, 40.815401223226687 ], [ -73.933946284347115, 40.815390054870583 ], [ -73.933956590908849, 40.815372204173777 ], [ -73.933948531126376, 40.815348202513995 ], [ -73.933948554391364, 40.815324761498147 ], [ -73.933948584304801, 40.815294621684728 ], [ -73.93395302092101, 40.815266726878328 ], [ -73.933954521581981, 40.815235472026764 ], [ -73.933944263782578, 40.815205325816905 ], [ -73.933948702831344, 40.815175197910314 ], [ -73.933947253139053, 40.815155097995699 ], [ -73.933963445309672, 40.815129443023629 ], [ -73.933967883025332, 40.815100422954451 ], [ -73.933963505122193, 40.815069164065008 ], [ -73.9339694135804, 40.815039027114601 ], [ -73.933985659578511, 40.814947510422293 ], [ -73.933989369309216, 40.814912357030956 ], [ -73.933982036858183, 40.814895612781179 ], [ -73.933983527538331, 40.814874397496361 ], [ -73.933974735194838, 40.81484872821337 ], [ -73.933982106613854, 40.814825293078414 ], [ -73.933973326472355, 40.814787331860266 ], [ -73.933990975114554, 40.814775068116575 ], [ -73.933977764161384, 40.814758311119171 ], [ -73.933989542022516, 40.814738227656257 ], [ -73.933995439364224, 40.814719257878934 ], [ -73.933980756566086, 40.814704742521918 ], [ -73.933982248339944, 40.814682420570357 ], [ -73.933985239639455, 40.814629959141008 ], [ -73.933976450659799, 40.814600930825314 ], [ -73.933966209503183, 40.814565211251519 ], [ -73.933991219783408, 40.814528386434205 ], [ -73.93401476726973, 40.814483752624817 ], [ -73.933856526388055, 40.814481474419267 ], [ -73.933862309727502, 40.814249296823057 ], [ -73.933863835342692, 40.814188069000323 ], [ -73.933865102618867, 40.814153157955651 ], [ -73.933869278467085, 40.814101174816606 ], [ -73.933872325489574, 40.814063264260732 ], [ -73.933929846002002, 40.813347690633776 ], [ -73.933981789868028, 40.812814635545344 ], [ -73.934007702049286, 40.812608498697294 ], [ -73.93403843917875, 40.812340880070948 ], [ -73.934093066919061, 40.811968402530752 ], [ -73.934137114160748, 40.811712370924525 ], [ -73.934195587491544, 40.811393177692885 ], [ -73.934282278013953, 40.810823050508709 ], [ -73.934304173980877, 40.810481665612706 ], [ -73.934314405073025, 40.810322264911257 ], [ -73.93434080971474, 40.809927582749594 ], [ -73.934338645847433, 40.809562213831342 ], [ -73.934213910169802, 40.809059173792711 ], [ -73.93419639195767, 40.809031851582404 ], [ -73.934135326240494, 40.808736390514227 ], [ -73.934120734842921, 40.808656451977463 ], [ -73.933561193114755, 40.807600677386702 ], [ -73.933328523618371, 40.807318946463042 ], [ -73.933257085262824, 40.807236651173078 ], [ -73.933183956397542, 40.807156198299694 ], [ -73.933174135394879, 40.807145390949906 ], [ -73.933084717497181, 40.807026914702128 ], [ -73.932932883292807, 40.806871022133926 ], [ -73.932630882675653, 40.806552933906801 ], [ -73.932390171191003, 40.806299141471129 ], [ -73.931544174343372, 40.80539778332669 ], [ -73.931495980340401, 40.805351225035217 ], [ -73.931475401016584, 40.80532819607695 ], [ -73.93146693969662, 40.805306092187621 ], [ -73.931448775454456, 40.80529779058805 ], [ -73.931431826748252, 40.805282126828395 ], [ -73.931408831566529, 40.805247123929774 ], [ -73.931390673035168, 40.8052333043941 ], [ -73.931304742009615, 40.805131975629621 ], [ -73.93126904139163, 40.805090979973592 ], [ -73.931158894512251, 40.804967538299465 ], [ -73.931126217800752, 40.804923329268433 ], [ -73.931113392094076, 40.804905023545842 ], [ -73.931097175767775, 40.804881877512621 ], [ -73.931072971570202, 40.804847791690108 ], [ -73.931033040943277, 40.804795289169249 ], [ -73.93102699955034, 40.804783313062558 ], [ -73.930975569264163, 40.804716534383488 ], [ -73.930974358821302, 40.804706407289345 ], [ -73.930957412583084, 40.804687979468696 ], [ -73.930933220652349, 40.804653894125607 ], [ -73.930908246348295, 40.804620410559885 ], [ -73.930826731800423, 40.8045111177697 ], [ -73.930804946309877, 40.804475197603601 ], [ -73.930714793347647, 40.80435683478062 ], [ -73.930708754707268, 40.804342095839523 ], [ -73.930694221312649, 40.80432736 ], [ -73.930685754991231, 40.804311700724639 ], [ -73.930637355514321, 40.804247220978851 ], [ -73.930630097805974, 40.804231561756374 ], [ -73.93060831208301, 40.804208531410175 ], [ -73.930570800646151, 40.804154183553912 ], [ -73.930570808927868, 40.804144975559431 ], [ -73.930540553226379, 40.804109049736844 ], [ -73.930440726787367, 40.803975945550469 ], [ -73.930403214870111, 40.803922524216766 ], [ -73.93035118741409, 40.803849751521788 ], [ -73.930330614736491, 40.803821194039088 ], [ -73.930306410125382, 40.803788035633929 ], [ -73.930276171125811, 40.803736456065835 ], [ -73.930259235276296, 40.803707901774601 ], [ -73.930189087303233, 40.803585400031196 ], [ -73.930180612881543, 40.803576195107254 ], [ -73.930057198336982, 40.803364121514051 ], [ -73.930012613029746, 40.803287498428716 ], [ -73.929961599425553, 40.803183595030823 ], [ -73.92996684404639, 40.803176205514916 ], [ -73.930037685936838, 40.803076292676451 ], [ -73.929934597084426, 40.802905224255404 ], [ -73.929910086099056, 40.802864550747408 ], [ -73.929889480829644, 40.802830357459051 ], [ -73.929786680001655, 40.802660748717528 ], [ -73.929692512145735, 40.802440285947966 ], [ -73.929576938394902, 40.802180025215776 ], [ -73.929520439284687, 40.802053479615559 ], [ -73.92945366333494, 40.801907368836019 ], [ -73.929436541187556, 40.801861711857434 ], [ -73.929354359985453, 40.801671250437913 ], [ -73.929331269718162, 40.801598853990896 ], [ -73.929302203968447, 40.801495801348992 ], [ -73.929274876880243, 40.801373190232738 ], [ -73.929208175959644, 40.801147520611288 ], [ -73.929118388142186, 40.801113003226341 ], [ -73.929034902403032, 40.801080903851989 ], [ -73.929026714066708, 40.800969860314289 ], [ -73.929021235846378, 40.800895572561735 ], [ -73.929016446420363, 40.800830715542212 ], [ -73.929007881206161, 40.800772349125339 ], [ -73.928999948663133, 40.800710097692694 ], [ -73.928986187629945, 40.800602123119397 ], [ -73.928953486575665, 40.800309368484719 ], [ -73.928937636685845, 40.80017084377765 ], [ -73.928901523441226, 40.799855215165302 ], [ -73.928919425157787, 40.799458186491535 ], [ -73.928943969469458, 40.798911588935496 ], [ -73.928971210023363, 40.798258860579764 ], [ -73.929036401796196, 40.796762594101374 ], [ -73.929279367411667, 40.79585313952068 ], [ -73.929307732758645, 40.795810257453127 ], [ -73.929530580569036, 40.795507798349313 ], [ -73.929682942511235, 40.79529623376321 ], [ -73.929745946916114, 40.795208748234096 ], [ -73.929874857782707, 40.795035156225737 ], [ -73.929842447534455, 40.795015037855919 ], [ -73.929851443952785, 40.795001400931206 ], [ -73.929809553499766, 40.794983166296774 ], [ -73.929832540425295, 40.794949061140827 ], [ -73.929887406519299, 40.794967292603928 ], [ -73.929901397884009, 40.794946824362505 ], [ -73.929916361205898, 40.794949112137068 ], [ -73.929937353345522, 40.794918786284455 ], [ -73.92992039501047, 40.794909672832652 ], [ -73.930068810355436, 40.794700828605485 ], [ -73.930107710281305, 40.794712991063705 ], [ -73.93019664392844, 40.794593224854928 ], [ -73.930419804799641, 40.794470872348576 ], [ -73.931114080453469, 40.794096501343937 ], [ -73.931427585579684, 40.793927988382947 ], [ -73.931658211057353, 40.7938017404392 ], [ -73.931792925202529, 40.793727962293595 ], [ -73.931875001717373, 40.793681921843742 ], [ -73.932010014571816, 40.793605486169838 ], [ -73.932078860216876, 40.793566509336493 ], [ -73.932351288690768, 40.793413845151235 ], [ -73.932509209496914, 40.793331901544583 ], [ -73.932538526548896, 40.793316682135455 ], [ -73.932672391308927, 40.793248232772982 ], [ -73.932877126550864, 40.793130251367856 ], [ -73.93310683207811, 40.792995328209507 ], [ -73.933245873945836, 40.792914296531727 ], [ -73.933271304990157, 40.792899474902121 ], [ -73.933484753496117, 40.792774284832021 ], [ -73.933727621540442, 40.792601726815271 ], [ -73.93388747605492, 40.792489813861565 ], [ -73.934069493435587, 40.792358734254705 ], [ -73.934271615501814, 40.792217867114871 ], [ -73.934339686508039, 40.792168558382741 ], [ -73.934509685731214, 40.792051976555861 ], [ -73.934737941077103, 40.791901569649994 ], [ -73.935053000027665, 40.791687202954513 ], [ -73.935082658999818, 40.791710043999977 ], [ -73.935138222, 40.791752834999919 ], [ -73.93519360499981, 40.791797998999918 ], [ -73.935240607999873, 40.791833874999931 ], [ -73.935290380999874, 40.791873136999918 ], [ -73.935428426999977, 40.791996879999928 ], [ -73.935553127999952, 40.791842225999908 ], [ -73.936792092999923, 40.792403928999974 ], [ -73.937736120999801, 40.792815803999972 ], [ -73.938193468999941, 40.79218819499993 ], [ -73.938648832999874, 40.791557754999907 ], [ -73.941034968999872, 40.792546668999975 ], [ -73.943272511999965, 40.79348810299998 ], [ -73.942816821999884, 40.79413407700001 ], [ -73.942346765999986, 40.794760797999913 ], [ -73.941876046999937, 40.795405868999886 ], [ -73.942327108999876, 40.795593102999938 ], [ -73.942479231999897, 40.795656247999958 ], [ -73.942753479999979, 40.795770084999937 ], [ -73.94287776099992, 40.795821670999985 ], [ -73.943483239999907, 40.796072993999978 ], [ -73.944151216999856, 40.796359316999975 ], [ -73.944213137999924, 40.796385857999958 ], [ -73.944959428999894, 40.796705740999926 ], [ -73.945096145999926, 40.79676348299995 ], [ -73.945226988999863, 40.79682013299994 ], [ -73.94556506799988, 40.796964795 ], [ -73.945666846999899, 40.797008344 ], [ -73.946700309999898, 40.79745054399995 ], [ -73.947225208999967, 40.797671685999973 ], [ -73.948311255000036, 40.79812921799995 ], [ -73.948206414999802, 40.798272850999915 ], [ -73.94815384299983, 40.798344875999902 ], [ -73.948101089999938, 40.798417147999942 ], [ -73.948051301999982, 40.798485359999923 ], [ -73.947846790999918, 40.798765542999988 ], [ -73.947816630999966, 40.79880686299996 ], [ -73.947757164999857, 40.798888331999905 ], [ -73.94771056, 40.798952180999954 ], [ -73.947419961999913, 40.799350294999961 ], [ -73.947375997999913, 40.799410523999953 ], [ -73.947327714999844, 40.799476670999958 ], [ -73.947280183, 40.799541788999925 ], [ -73.94697366799987, 40.799961702999923 ], [ -73.946461338999981, 40.800665304999903 ], [ -73.945967896999804, 40.801342394999971 ], [ -73.94550863900001, 40.801970230999956 ], [ -73.94505128000003, 40.802598599 ], [ -73.944597512999977, 40.803228144999949 ], [ -73.94613131, 40.803877357999959 ], [ -73.945692612999906, 40.804514948999945 ], [ -73.945239651999913, 40.805136013999949 ], [ -73.944782081999932, 40.805761255999933 ], [ -73.944301945999911, 40.806390824999966 ], [ -73.942753671999938, 40.805744012999909 ], [ -73.942263111999907, 40.806415737999956 ], [ -73.941771401999901, 40.807089 ], [ -73.940157936999952, 40.806409089999946 ], [ -73.938694304999956, 40.805791028999906 ], [ -73.938544078999882, 40.80572965299995 ], [ -73.938086668999802, 40.806353011999903 ], [ -73.937634394, 40.806974606999951 ], [ -73.937180117999887, 40.807599 ], [ -73.936718275000047, 40.808220478999907 ], [ -73.936259359999966, 40.808855607999952 ], [ -73.935862633999918, 40.809430202999906 ], [ -73.935807801999857, 40.809497637999911 ], [ -73.937407337000039, 40.810175610999899 ], [ -73.939017532999983, 40.810856556999958 ], [ -73.938743944999814, 40.811230820999938 ], [ -73.938637532999891, 40.811376388999946 ], [ -73.938387484999879, 40.811718443999922 ], [ -73.938309249999861, 40.811825463999952 ], [ -73.938206426999841, 40.81196760499995 ], [ -73.938135523999904, 40.812065619 ], [ -73.93763499299979, 40.812747799999983 ], [ -73.937143983999931, 40.813421040999877 ], [ -73.93668813299989, 40.814043242999979 ], [ -73.936209578, 40.814673849999977 ], [ -73.936135543999967, 40.814788126999979 ], [ -73.935755481999863, 40.815325583999957 ], [ -73.934873438000039, 40.816527846999954 ], [ -73.934637902999938, 40.816908048 ], [ -73.93445400100002, 40.817188528999985 ], [ -73.934235195, 40.817554880999964 ], [ -73.934128167999987, 40.817733962999938 ], [ -73.934074639999963, 40.817826513999961 ], [ -73.934084819999811, 40.817930861999955 ], [ -73.934235760999982, 40.818649318999903 ], [ -73.934294877999889, 40.818904986999947 ], [ -73.934381129, 40.819328075999962 ], [ -73.93439036800001, 40.81958743499996 ], [ -73.934400399999859, 40.819667782999943 ], [ -73.934312768999987, 40.819629865999964 ], [ -73.934116712999881, 40.819547053 ], [ -73.933830892871072, 40.819521063761584 ], [ -73.933829481293799, 40.819473309560003 ], [ -73.93382777421705, 40.819415494918942 ], [ -73.933826141377097, 40.819356429750378 ], [ -73.933800194730523, 40.818349758874085 ], [ -73.933793346257673, 40.817776608579749 ], [ -73.933789973991864, 40.817151373701762 ], [ -73.933805898818591, 40.816512493247131 ] ] ], [ [ [ -73.926886060220014, 40.80084064836889 ], [ -73.926509548836407, 40.800657031262276 ], [ -73.926552418042405, 40.800604825046186 ], [ -73.926845284295922, 40.800739646712863 ], [ -73.926831627407481, 40.80076552901469 ], [ -73.926869086794525, 40.800783676799327 ], [ -73.926995313031185, 40.800636176104312 ], [ -73.927046402979144, 40.800651743031352 ], [ -73.926886060220014, 40.80084064836889 ] ] ], [ [ [ -73.926665654901811, 40.800182714017872 ], [ -73.926695726147713, 40.800146977076274 ], [ -73.927247707892704, 40.800392957368963 ], [ -73.92711464230625, 40.800563756229614 ], [ -73.927066966284784, 40.800543012125843 ], [ -73.927169330224714, 40.800405853696176 ], [ -73.926665654901811, 40.800182714017872 ] ] ], [ [ [ -73.926720911689671, 40.800414210943629 ], [ -73.926538464450161, 40.80033389815398 ], [ -73.926553516768095, 40.800315172960694 ], [ -73.926742638929767, 40.800403498972798 ], [ -73.926736839530861, 40.800411471481958 ], [ -73.926725262167835, 40.800407339325396 ], [ -73.926720911689671, 40.800414210943629 ] ] ], [ [ [ -73.927185147891819, 40.79734989689014 ], [ -73.9273548544178, 40.797316580786372 ], [ -73.927346922527391, 40.797293902120437 ], [ -73.927671226208574, 40.79721701426628 ], [ -73.927706941270628, 40.79729866388216 ], [ -73.927382636244957, 40.797377063580505 ], [ -73.927366756606517, 40.797346820344806 ], [ -73.927202997851595, 40.797386747899942 ], [ -73.927185147891819, 40.79734989689014 ] ] ] ] } },
{ "type": "Feature", "properties": { "locationid": 75 }, "geometry": { "type": "Polygon", "coordinates": [ [ [ -73.941034968999872, 40.792546668999975 ], [ -73.938648832999874, 40.791557754999907 ], [ -73.938193468999941, 40.79218819499993 ], [ -73.937736120999801, 40.792815803999972 ], [ -73.936792092999895, 40.792403928 ], [ -73.935553127999952, 40.791842225999908 ], [ -73.935428426999977, 40.791996879999928 ], [ -73.935290381999849, 40.791873136999939 ], [ -73.935240608999848, 40.791833874999924 ], [ -73.93519360499981, 40.791797998999918 ], [ -73.935138222, 40.791752834999919 ], [ -73.935082658999818, 40.791710043999977 ], [ -73.935053000027665, 40.791687202954513 ], [ -73.935106853314934, 40.791649629385212 ], [ -73.935171351693782, 40.791605207031679 ], [ -73.935268097783919, 40.791528025800481 ], [ -73.935265007889313, 40.791525763481182 ], [ -73.935190392961744, 40.791471160129042 ], [ -73.935467620884054, 40.79126365205758 ], [ -73.935538966959285, 40.791318693659797 ], [ -73.935831067888969, 40.791094704870289 ], [ -73.936023918237808, 40.790829128126042 ], [ -73.93632010870607, 40.790425957648601 ], [ -73.936693022100144, 40.789913049159104 ], [ -73.937061687470589, 40.789413590213513 ], [ -73.937053045788744, 40.789406416757494 ], [ -73.937081043823071, 40.789366395710047 ], [ -73.937072462622226, 40.789345841886174 ], [ -73.937014796867473, 40.789321281184968 ], [ -73.936140733141187, 40.788949073410521 ], [ -73.936128362352761, 40.788938530059625 ], [ -73.936126892796821, 40.788926867985396 ], [ -73.936218598699426, 40.788800497574343 ], [ -73.936227512953408, 40.788795612949883 ], [ -73.936243033250406, 40.788795774152078 ], [ -73.937149654610991, 40.789168449059453 ], [ -73.937228901672881, 40.788996308037106 ], [ -73.937397886092981, 40.788621719843469 ], [ -73.937416756773814, 40.788579762018983 ], [ -73.937549891625622, 40.788283744528847 ], [ -73.937634829122771, 40.788094244814765 ], [ -73.937686693853763, 40.78797356057904 ], [ -73.937695630222606, 40.787957293520513 ], [ -73.937741221761911, 40.787853904350897 ], [ -73.937773632550986, 40.787783358062669 ], [ -73.937817226929198, 40.787688468680884 ], [ -73.937947689769786, 40.787477299429263 ], [ -73.937945908512091, 40.787469159257853 ], [ -73.937959307751854, 40.787456279929977 ], [ -73.937971818013793, 40.787431873382566 ], [ -73.938115700897328, 40.787184762756503 ], [ -73.938133561929689, 40.787165790398475 ], [ -73.938194296253087, 40.78709733029973 ], [ -73.938245199514142, 40.787041068108209 ], [ -73.938539373316388, 40.786710777000224 ], [ -73.939266426445613, 40.78588875256451 ], [ -73.939826196964603, 40.785256552415504 ], [ -73.939834539978719, 40.785253972861753 ], [ -73.939842823908691, 40.785251410866572 ], [ -73.939852676033766, 40.785243931650228 ], [ -73.939880455606087, 40.785232376012729 ], [ -73.939888520617345, 40.785223527347057 ], [ -73.939910032824699, 40.78521196675797 ], [ -73.939929743994654, 40.785201765531269 ], [ -73.939954836793248, 40.78518952279444 ], [ -73.939989780190288, 40.785170477290244 ], [ -73.940013083867214, 40.785156873806486 ], [ -73.940024732525416, 40.785153476425862 ], [ -73.940049827076351, 40.785138513728839 ], [ -73.94006415729082, 40.78513102962016 ], [ -73.940114343238648, 40.785103824644693 ], [ -73.940149472762698, 40.78508725537953 ], [ -73.940185129309995, 40.78506620256325 ], [ -73.940202301812761, 40.785059187140405 ], [ -73.940224752841914, 40.785045150788434 ], [ -73.940237957683067, 40.785037134684067 ], [ -73.940267009955065, 40.785022101453464 ], [ -73.940362093513215, 40.784971984082389 ], [ -73.940453207485334, 40.784922872580928 ], [ -73.940533771982075, 40.784878771605996 ], [ -73.940550938077038, 40.784866742096192 ], [ -73.940581302008866, 40.784853708709257 ], [ -73.940590549683677, 40.784846689142228 ], [ -73.940623570576506, 40.784829650411666 ], [ -73.940673744021638, 40.784803597926661 ], [ -73.940717326763249, 40.784780541067121 ], [ -73.940721283615005, 40.784780543102478 ], [ -73.94074901720532, 40.784767518202273 ], [ -73.940767508259412, 40.784757495121326 ], [ -73.940788680061061, 40.784747448788693 ], [ -73.94083088142574, 40.784727424556429 ], [ -73.941024997318905, 40.784635222486344 ], [ -73.941085737106476, 40.784609166516731 ], [ -73.941110828388119, 40.784597149183163 ], [ -73.941137236130984, 40.784583114004285 ], [ -73.941172888547882, 40.784566076962562 ], [ -73.941446120189326, 40.784431473851633 ], [ -73.94152576810184, 40.784390900969903 ], [ -73.941674541957411, 40.78431383063198 ], [ -73.941854485922093, 40.784220746677484 ], [ -73.942014317530948, 40.784137584897444 ], [ -73.942179185955538, 40.784051363394859 ], [ -73.942313888742561, 40.783981166269065 ], [ -73.94239128520978, 40.783940726182706 ], [ -73.942434511370479, 40.783917830322359 ], [ -73.942469704447518, 40.783896460947112 ], [ -73.942572255248677, 40.78382472415548 ], [ -73.942604427235594, 40.783801830930777 ], [ -73.942673798182724, 40.78375374314718 ], [ -73.942781375333624, 40.783678190096623 ], [ -73.942867837926642, 40.78361865580257 ], [ -73.942935205311215, 40.78357210608965 ], [ -73.943016631369417, 40.783514865458521 ], [ -73.94311516211296, 40.783446170629659 ], [ -73.943161419105451, 40.783411829992218 ], [ -73.94320565536934, 40.783369842987653 ], [ -73.943239857397572, 40.783327851694388 ], [ -73.943270030356359, 40.783288155179385 ], [ -73.943310273820387, 40.783233180946468 ], [ -73.943347493663921, 40.783182032998617 ], [ -73.943396790772766, 40.783109502846401 ], [ -73.943441055264088, 40.783049182128224 ], [ -73.943551438394948, 40.782903507985864 ], [ -73.943544207062232, 40.782880524162636 ], [ -73.943607604, 40.782865369999961 ], [ -73.943760052999906, 40.782828931999937 ], [ -73.943832566999859, 40.782859088999963 ], [ -73.943893245999845, 40.782887726999931 ], [ -73.943954601999891, 40.782915519999953 ], [ -73.944054394, 40.782964357999944 ], [ -73.944646660000018, 40.783217873 ], [ -73.944722644999857, 40.783247571999908 ], [ -73.947069381999981, 40.78423622699998 ], [ -73.949331705999924, 40.785193126999978 ], [ -73.950338040999966, 40.785617149999958 ], [ -73.950927339999907, 40.785865446999971 ], [ -73.952446150999961, 40.786502485999982 ], [ -73.952551455, 40.786548580999899 ], [ -73.952661366999962, 40.786595019999936 ], [ -73.954163830999946, 40.787226860999972 ], [ -73.955777358999896, 40.787913923999987 ], [ -73.955274811999885, 40.788583379999906 ], [ -73.954817237999919, 40.789204744000024 ], [ -73.954399191999883, 40.789774908999981 ], [ -73.953889170999958, 40.790470498999902 ], [ -73.95343832999994, 40.791085367999976 ], [ -73.952983945999861, 40.791721433000021 ], [ -73.952522227000017, 40.792347622 ], [ -73.952072222999931, 40.792966160999917 ], [ -73.951602653999913, 40.793607805 ], [ -73.951111023999971, 40.794285034999923 ], [ -73.950613717999943, 40.794965573999953 ], [ -73.950158212999909, 40.795587731999944 ], [ -73.949695382999877, 40.79621687199996 ], [ -73.949405163999913, 40.796631703999921 ], [ -73.949220456999839, 40.796909858999939 ], [ -73.949096955999835, 40.797057855999952 ], [ -73.948791652999816, 40.79747712799994 ], [ -73.948311255000036, 40.79812921799995 ], [ -73.947225208999967, 40.797671685999973 ], [ -73.946700309999898, 40.79745054399995 ], [ -73.945666846999899, 40.797008344 ], [ -73.94556506799988, 40.796964795 ], [ -73.945226988999863, 40.79682013299994 ], [ -73.945096146999987, 40.796763482999978 ], [ -73.944959428999894, 40.796705740999926 ], [ -73.944213137999924, 40.796385857999958 ], [ -73.944151216999856, 40.796359316999975 ], [ -73.943483239999907, 40.796072993999978 ], [ -73.942877761999952, 40.795821670999935 ], [ -73.942753479999979, 40.795770084999937 ], [ -73.942479231999897, 40.795656247999958 ], [ -73.942327108999876, 40.795593102999938 ], [ -73.941876046999937, 40.795405868999886 ], [ -73.942346765999986, 40.794760797999913 ], [ -73.942816821999884, 40.79413407700001 ], [ -73.943272511999965, 40.79348810299998 ], [ -73.941034968999872, 40.792546668999975 ] ] ] } },
{ "type": "Feature", "properties": { "locationid": 79 }, "geometry": { "type": "Polygon", "coordinates": [ [ [ -73.98377990999991, 40.721535953999961 ], [ -73.983823872999807, 40.721472871999907 ], [ -73.984677802999954, 40.721730604999955 ], [ -73.985516861999841, 40.721985224999926 ], [ -73.986285740000028, 40.722241919999888 ], [ -73.98713584799998, 40.722469810999939 ], [ -73.98786491500006, 40.722697088999936 ], [ -73.988543613999866, 40.722903617999954 ], [ -73.988638627999961, 40.722933719999965 ], [ -73.988756831999879, 40.722970365999906 ], [ -73.989392180999957, 40.723174057999927 ], [ -73.99027361600001, 40.723426017999898 ], [ -73.991024103999877, 40.723649431999938 ], [ -73.991273070999938, 40.723729812999949 ], [ -73.991354727999976, 40.723754618999884 ], [ -73.992503857999836, 40.724105925 ], [ -73.992603221999943, 40.724136449999897 ], [ -73.992579873999915, 40.724201554999951 ], [ -73.992326421999977, 40.724908231999969 ], [ -73.992209710999916, 40.725231289999954 ], [ -73.992061667999906, 40.725642442999956 ], [ -73.991793792999843, 40.726391458999977 ], [ -73.991548326999862, 40.727089470999971 ], [ -73.99136388099987, 40.727559782999947 ], [ -73.99135869199992, 40.72778247 ], [ -73.991122566999877, 40.728567965999986 ], [ -73.990930534999947, 40.729142295999964 ], [ -73.99075728499993, 40.729740830999944 ], [ -73.990725303999909, 40.729878686999925 ], [ -73.990505585999884, 40.730564956999977 ], [ -73.990390099999871, 40.731288523999901 ], [ -73.990211909999871, 40.73199633399993 ], [ -73.990026876999835, 40.732756283999969 ], [ -73.989868520999963, 40.733527114999951 ], [ -73.98990295999991, 40.734434789999938 ], [ -73.988779316999967, 40.733965399999953 ], [ -73.98718049699994, 40.733292147999911 ], [ -73.984941027999923, 40.732347603999898 ], [ -73.982556292999845, 40.731350133999939 ], [ -73.982468761999939, 40.73131488399995 ], [ -73.981500533999835, 40.730918077 ], [ -73.980820007999981, 40.730639158999985 ], [ -73.980340075999919, 40.730442460999974 ], [ -73.979268491999946, 40.729981427999903 ], [ -73.978026979999854, 40.729433060000027 ], [ -73.978055428999951, 40.729383085999928 ], [ -73.978535829999984, 40.728746084999948 ], [ -73.978998620999846, 40.728105746999944 ], [ -73.979469131, 40.727467676999908 ], [ -73.979906501999977, 40.726865772999908 ], [ -73.980332981999894, 40.726280335999917 ], [ -73.980767139000051, 40.725685594999952 ], [ -73.981211295999799, 40.725072799999964 ], [ -73.981636638999987, 40.724493480999904 ], [ -73.982082423999898, 40.72388204399995 ], [ -73.982524494999851, 40.723277977 ], [ -73.982964143999894, 40.722671325000022 ], [ -73.983443635999919, 40.72201850699993 ], [ -73.98377990999991, 40.721535953999961 ] ] ] } },
{ "type": "Feature", "properties": { "locationid": 87 }, "geometry": { "type": "Polygon", "coordinates": [ [ [ -74.003722348999958, 40.706932343999931 ], [ -74.003605379999939, 40.706780592999948 ], [ -74.003161104999975, 40.706232013999966 ], [ -74.00306957, 40.706142802999949 ], [ -74.00302615299988, 40.706108674999918 ], [ -74.002994745999914, 40.706080245999956 ], [ -74.002954172000017, 40.706027114999969 ], [ -74.002569650797241, 40.705523579761774 ], [ -74.002685127687826, 40.705449248118661 ], [ -74.002362853117347, 40.705158966692643 ], [ -74.002415734769187, 40.705129311282548 ], [ -74.002383854583343, 40.705101270250886 ], [ -74.001970703979367, 40.70473786848725 ], [ -74.001970148378092, 40.704731159202353 ], [ -74.002171849418943, 40.704606596463712 ], [ -74.002185623315611, 40.704607018873965 ], [ -74.002333446211537, 40.704748135307035 ], [ -74.002333930757672, 40.70474260740427 ], [ -74.002420593186613, 40.704680334603793 ], [ -74.002430710758588, 40.70467785800443 ], [ -74.002488398292542, 40.704726772351208 ], [ -74.002487901486276, 40.70473376109166 ], [ -74.002398327489487, 40.704794925140888 ], [ -74.002386707406686, 40.704795663674524 ], [ -74.003323072707758, 40.705628595220055 ], [ -74.003582623377469, 40.705461128831224 ], [ -74.003631871693159, 40.705429806751823 ], [ -74.003608026442279, 40.705407781370397 ], [ -74.003559347148368, 40.705438338158139 ], [ -74.002878430694565, 40.704831357989789 ], [ -74.002972464752858, 40.704766492442602 ], [ -74.003583831726786, 40.70530161130759 ], [ -74.003649687728029, 40.705377950512137 ], [ -74.003621975237962, 40.705398899984388 ], [ -74.003644461838576, 40.705421684638857 ], [ -74.003833275322506, 40.705303243026421 ], [ -74.00394758957431, 40.70540287190034 ], [ -74.004383444172191, 40.705113259854834 ], [ -74.004266870374238, 40.705011660202125 ], [ -74.004586229524591, 40.704799450679317 ], [ -74.004590038836611, 40.704787752945009 ], [ -74.003496320423153, 40.703796769267804 ], [ -74.003510164344249, 40.703788088259074 ], [ -74.003719870430459, 40.703654481944724 ], [ -74.003969756938488, 40.703881645118088 ], [ -74.004806289007391, 40.704642069051275 ], [ -74.004840628247777, 40.704639779526552 ], [ -74.004920378264842, 40.704591004973317 ], [ -74.005188050673183, 40.704420535690588 ], [ -74.005111072041316, 40.704350605262022 ], [ -74.005084603802672, 40.704366355828896 ], [ -74.004925804983657, 40.704211808384699 ], [ -74.005003935070718, 40.704165312544511 ], [ -74.005162968421573, 40.704320093236731 ], [ -74.005138677680335, 40.704334556439775 ], [ -74.005211609003965, 40.70440553223532 ], [ -74.005260358291892, 40.704374488410117 ], [ -74.005350272247497, 40.704310079961509 ], [ -74.004184920901707, 40.703248066176357 ], [ -74.004181301430194, 40.703250361430221 ], [ -74.004157421541606, 40.703231632087338 ], [ -74.004162651613782, 40.703227768889178 ], [ -74.004207234938349, 40.703199373757883 ], [ -74.00411763228837, 40.703111937027472 ], [ -74.004272587521001, 40.703015666411531 ], [ -74.004297885661032, 40.70301726836967 ], [ -74.004326345219255, 40.703044544245913 ], [ -74.004347431668279, 40.703046947298866 ], [ -74.004365347405852, 40.703070216815561 ], [ -74.004386435140631, 40.703088667959641 ], [ -74.00441805325255, 40.703116735258391 ], [ -74.004441247388058, 40.70313759836764 ], [ -74.004484474020359, 40.703176903927385 ], [ -74.004625209355339, 40.703300035185286 ], [ -74.004626264126088, 40.703314479168142 ], [ -74.004650509791119, 40.703329723163563 ], [ -74.004666320256433, 40.703348174468651 ], [ -74.004676862570079, 40.703348174040791 ], [ -74.004748551690369, 40.703419564148867 ], [ -74.004802228832403, 40.70348400677527 ], [ -74.004836522852656, 40.703512926391717 ], [ -74.004988363127111, 40.703637436151865 ], [ -74.005033774423197, 40.703674920555436 ], [ -74.005103044517796, 40.703731143473917 ], [ -74.005207719371057, 40.70382133725159 ], [ -74.005279297895413, 40.703875218096293 ], [ -74.005348915377283, 40.703923734097664 ], [ -74.005359458780632, 40.703919725687605 ], [ -74.005396355380796, 40.703942183324422 ], [ -74.005387918472181, 40.703949405145231 ], [ -74.005592425429612, 40.704082563731717 ], [ -74.005605074962574, 40.704084966963499 ], [ -74.005637759559647, 40.70410583053922 ], [ -74.005663306406475, 40.704104244478245 ], [ -74.005890128781473, 40.703958738106103 ], [ -74.006018627248821, 40.703873152890907 ], [ -74.006140105779309, 40.703978660271758 ], [ -74.006341623858674, 40.70384853368278 ], [ -74.006432252754323, 40.703790361046273 ], [ -74.006595919138746, 40.703685902451895 ], [ -74.006345188999774, 40.703488646441777 ], [ -74.006324341610252, 40.703469874494672 ], [ -74.005912179445374, 40.70309876190143 ], [ -74.005887472664256, 40.70307651522392 ], [ -74.005483840824397, 40.702714322134071 ], [ -74.005526826152447, 40.70268528761715 ], [ -74.005505312720658, 40.702666846585558 ], [ -74.005471308612769, 40.70268982908361 ], [ -74.005435997633455, 40.70265955541138 ], [ -74.005427288262538, 40.702665436194081 ], [ -74.005304125960791, 40.702559865633091 ], [ -74.005494278051046, 40.702431381955599 ], [ -74.005501660674568, 40.702430867797069 ], [ -74.005613617976167, 40.70253024203236 ], [ -74.005601631964012, 40.702538059769893 ], [ -74.00560905264517, 40.702552818553769 ], [ -74.005594794858297, 40.702568020329522 ], [ -74.005599351004719, 40.702580167839272 ], [ -74.005590229777653, 40.702585814283864 ], [ -74.005591946114308, 40.702598835921179 ], [ -74.005585095477983, 40.70260405020241 ], [ -74.00558909594902, 40.702612730596925 ], [ -74.005535461381697, 40.702645521106959 ], [ -74.005557719988104, 40.702664394652032 ], [ -74.005675222498525, 40.702584072700191 ], [ -74.005984303394996, 40.702860018041136 ], [ -74.006238705085266, 40.703079789301597 ], [ -74.006363727304091, 40.703187792252585 ], [ -74.006494251911036, 40.703300548171811 ], [ -74.006548808126482, 40.703367615085867 ], [ -74.006557208785068, 40.703363148333366 ], [ -74.006755415840203, 40.703541489476848 ], [ -74.006785021910474, 40.703568127905292 ], [ -74.006994660024461, 40.703441188566735 ], [ -74.007220466636738, 40.703301977303319 ], [ -74.007519052838006, 40.703121820237165 ], [ -74.007527149792651, 40.703114981416128 ], [ -74.007604981897657, 40.702993141329216 ], [ -74.007636578999907, 40.70300436799991 ], [ -74.007796750999901, 40.70306351499994 ], [ -74.007828784999958, 40.703086421999977 ], [ -74.007854830999918, 40.703107789999926 ], [ -74.00797948599994, 40.703188755999911 ], [ -74.008541724999958, 40.703697611999928 ], [ -74.008985412999891, 40.7040791599999 ], [ -74.009079405999969, 40.704169042999922 ], [ -74.009454638999927, 40.704527856999952 ], [ -74.009746392999958, 40.70477524799994 ], [ -74.009984185999954, 40.705147732999968 ], [ -74.009995205999942, 40.705331238999946 ], [ -74.009865808999905, 40.705796426999967 ], [ -74.011189941999945, 40.706278727999965 ], [ -74.011873302999931, 40.706551406999907 ], [ -74.012400011999915, 40.706784807999938 ], [ -74.012507739999975, 40.706767065999983 ], [ -74.011946914, 40.707451531999958 ], [ -74.011702498999952, 40.707755712999898 ], [ -74.011248349999974, 40.708304700999896 ], [ -74.011182283999915, 40.708385573999919 ], [ -74.011011984999897, 40.708594021999943 ], [ -74.010846381999926, 40.708797544999953 ], [ -74.010542464999986, 40.709154147999939 ], [ -74.009987391999971, 40.709805672999927 ], [ -74.009542772999936, 40.710327492999973 ], [ -74.009473578999945, 40.710412543 ], [ -74.009062647999883, 40.710886703999961 ], [ -74.007744665999937, 40.710220772999953 ], [ -74.007053358999954, 40.709871950999926 ], [ -74.006435491999923, 40.709557320999949 ], [ -74.00551253, 40.709093407999909 ], [ -74.005262172999906, 40.708920710999941 ], [ -74.005056728999918, 40.708788769 ], [ -74.004787826999944, 40.70840189299993 ], [ -74.004328572999967, 40.707823495999904 ], [ -74.004056601999849, 40.707436780999977 ], [ -74.003921274999911, 40.707239744999967 ], [ -74.003722348999958, 40.706932343999931 ] ] ] } },
{ "type": "Feature", "properties": { "locationid": 88 }, "geometry": { "type": "Polygon", "coordinates": [ [ [ -74.009746392999958, 40.70477524799994 ], [ -74.009454638999927, 40.704527856999952 ], [ -74.008985412999891, 40.7040791599999 ], [ -74.008541724999958, 40.703697611999928 ], [ -74.007979485999925, 40.703188754999957 ], [ -74.007854830999904, 40.703107788999915 ], [ -74.007828784999958, 40.703086421999977 ], [ -74.007796750999901, 40.70306351499994 ], [ -74.007636578999907, 40.70300436799991 ], [ -74.007604981897657, 40.702993141329216 ], [ -74.007645551806448, 40.702928174389498 ], [ -74.007650955509021, 40.702919839105164 ], [ -74.007658408545325, 40.702909167463211 ], [ -74.007705274797686, 40.702881825407296 ], [ -74.007706149704092, 40.702875161620064 ], [ -74.007965786436642, 40.702718157070201 ], [ -74.008373958016293, 40.702469758657813 ], [ -74.009127727589004, 40.702008324421719 ], [ -74.00915955533813, 40.701997307649989 ], [ -74.009309076554828, 40.701954603022543 ], [ -74.008699643135671, 40.701139867542217 ], [ -74.007755491506444, 40.701548001671796 ], [ -74.007591362042248, 40.701328081048182 ], [ -74.008536115107631, 40.700919695745114 ], [ -74.008349275590902, 40.700669348388253 ], [ -74.008620361638819, 40.700552164215878 ], [ -74.00960052263278, 40.701865481917885 ], [ -74.010267103450659, 40.701698668814167 ], [ -74.010837416535438, 40.701553344807586 ], [ -74.011166641518756, 40.701477202208359 ], [ -74.011095886026837, 40.701274999348925 ], [ -74.011119490923321, 40.701268748305807 ], [ -74.011126673969969, 40.701274996376775 ], [ -74.011289839055252, 40.701249982244335 ], [ -74.011209757787697, 40.701044583273777 ], [ -74.011128685395988, 40.701064897450479 ], [ -74.011078379745399, 40.700957120315209 ], [ -74.011067085689703, 40.700914940894876 ], [ -74.011108863515432, 40.700901420606328 ], [ -74.011095143583887, 40.700866527181645 ], [ -74.011095141088461, 40.700851532992672 ], [ -74.011080634379994, 40.700851948852602 ], [ -74.011059293782324, 40.700811562771534 ], [ -74.011063126654875, 40.700802819827381 ], [ -74.011042874423453, 40.700757434961098 ], [ -74.011021525765003, 40.700741201106126 ], [ -74.011035758860444, 40.700731617687531 ], [ -74.011026999937329, 40.700712878931334 ], [ -74.011013865009673, 40.700711637471997 ], [ -74.011000728172775, 40.700690819617215 ], [ -74.011016594172034, 40.70068415386649 ], [ -74.011012213387829, 40.700668746136415 ], [ -74.010999909581216, 40.700673746157946 ], [ -74.010979659651966, 40.700645849111893 ], [ -74.010998257776748, 40.70063502423961 ], [ -74.010970347457359, 40.700575484207604 ], [ -74.010948458415669, 40.700576314546559 ], [ -74.010937523660459, 40.700567157374941 ], [ -74.010938610168893, 40.700556334174934 ], [ -74.010960497345835, 40.700538844092669 ], [ -74.010934492739906, 40.70048762477996 ], [ -74.01092027169814, 40.700492623802397 ], [ -74.01090112139876, 40.700462233999936 ], [ -74.010920265150361, 40.700452650129975 ], [ -74.010810260347384, 40.70023406243368 ], [ -74.010825117805851, 40.700209304867201 ], [ -74.010837517987085, 40.70020722317949 ], [ -74.010930932050726, 40.70041515233445 ], [ -74.011003644299677, 40.700581109944125 ], [ -74.011043772495441, 40.70068284521966 ], [ -74.01107427475965, 40.700748337896165 ], [ -74.01110436404349, 40.700810649429428 ], [ -74.011133622229153, 40.700867874405532 ], [ -74.011150335568288, 40.700898400100961 ], [ -74.011358362913597, 40.700851958636321 ], [ -74.011303189211489, 40.700647844036389 ], [ -74.011298164322596, 40.700598885031916 ], [ -74.01130986410945, 40.700579801191054 ], [ -74.011334094104086, 40.700568353682307 ], [ -74.011360822674263, 40.700565810999237 ], [ -74.011381718756397, 40.700570257117938 ], [ -74.011395081233857, 40.700590607673881 ], [ -74.011432699122466, 40.700674541116257 ], [ -74.011469474373996, 40.700748928258065 ], [ -74.011502911437006, 40.700815058974186 ], [ -74.011729268174804, 40.700770118059665 ], [ -74.011700092483338, 40.70072153863601 ], [ -74.011682753976999, 40.700693345062085 ], [ -74.011665398330678, 40.700637560590287 ], [ -74.011631496140325, 40.700555391747358 ], [ -74.011610198358724, 40.700493006421489 ], [ -74.011614135871071, 40.700472618462591 ], [ -74.011631479186377, 40.700458218248144 ], [ -74.011677980342952, 40.70046181520744 ], [ -74.011703210119975, 40.700481002386901 ], [ -74.011726058356857, 40.700478604421939 ], [ -74.011751292649237, 40.70053078758626 ], [ -74.011777308277402, 40.700570974877586 ], [ -74.01182619233424, 40.70066634278205 ], [ -74.011834076015191, 40.700686134476165 ], [ -74.011848270261112, 40.700729925805959 ], [ -74.011853785495944, 40.700738921450188 ], [ -74.011991597811331, 40.700704831466517 ], [ -74.012086682146872, 40.700681308739235 ], [ -74.01208509377949, 40.700664514803904 ], [ -74.012069321716695, 40.700599733344141 ], [ -74.012038567970023, 40.700528956309689 ], [ -74.011976706424903, 40.700378424299238 ], [ -74.011904880984943, 40.700226930002046 ], [ -74.011856725569942, 40.700107103408392 ], [ -74.011930963165625, 40.700051209654355 ], [ -74.011961961169121, 40.700037545595528 ], [ -74.012040279301957, 40.700048091645598 ], [ -74.012088420916768, 40.700086583689448 ], [ -74.012127595061358, 40.700143086506834 ], [ -74.012157791585253, 40.700211378648198 ], [ -74.012172479610015, 40.700233115597754 ], [ -74.012236945499268, 40.700321277844346 ], [ -74.012254902848881, 40.700364734341512 ], [ -74.012318559742553, 40.70048828759267 ], [ -74.012362224402565, 40.700575829962048 ], [ -74.012391600322786, 40.700620528094092 ], [ -74.012593923275077, 40.700570833472462 ], [ -74.012590646842213, 40.700511850508164 ], [ -74.012554718709268, 40.700359730657844 ], [ -74.01252899955233, 40.700252320357031 ], [ -74.012515935641858, 40.70018464848021 ], [ -74.012515112801125, 40.700150492110836 ], [ -74.01254202780153, 40.700134974148327 ], [ -74.012613820873653, 40.700108265811153 ], [ -74.012648088580903, 40.700115088283056 ], [ -74.012680727284391, 40.700146755381439 ], [ -74.012734991585603, 40.700218773203552 ], [ -74.012796191392468, 40.700300099884643 ], [ -74.012834549334045, 40.70035287473447 ], [ -74.012866377565629, 40.700407513371694 ], [ -74.012881884033789, 40.700441659886188 ], [ -74.012904742493774, 40.700496912162862 ], [ -74.012908817939618, 40.700523611693534 ], [ -74.013002053355635, 40.700516028968096 ], [ -74.013107478473657, 40.700507452180723 ], [ -74.013111553895058, 40.700472053044649 ], [ -74.013111531914589, 40.700360290603165 ], [ -74.01309395831619, 40.700223693239863 ], [ -74.013078434859466, 40.700103242584348 ], [ -74.013024957055592, 40.69988283020605 ], [ -74.013011892658596, 40.699818256631268 ], [ -74.013020857027641, 40.699793419367978 ], [ -74.013043700924314, 40.699774784735851 ], [ -74.013113038263086, 40.699774165885287 ], [ -74.013140789650819, 40.699803337925552 ], [ -74.013153848977367, 40.699844940485512 ], [ -74.013166916267991, 40.69993124433757 ], [ -74.013177535633233, 40.700017547462558 ], [ -74.013185716846309, 40.700103230343998 ], [ -74.013200841973116, 40.700239827976127 ], [ -74.013207367871928, 40.700275216518868 ], [ -74.013222880169053, 40.700333586085534 ], [ -74.013273494830798, 40.700496870227838 ], [ -74.013485608327287, 40.700478222908437 ], [ -74.013480684937065, 40.700357771068397 ], [ -74.013483115361083, 40.700263388116362 ], [ -74.01350349660855, 40.700176459528315 ], [ -74.013532850181022, 40.700108161423316 ], [ -74.01358669315087, 40.700079590345048 ], [ -74.013610298653617, 40.700084298294833 ], [ -74.01367479307396, 40.700125821225413 ], [ -74.013662749849487, 40.70013665651765 ], [ -74.013642652433461, 40.700161782904715 ], [ -74.013611822845732, 40.700245174325346 ], [ -74.013570490049716, 40.70023220268699 ], [ -74.013561309159471, 40.700295122079133 ], [ -74.01353310202802, 40.700297124122862 ], [ -74.013530477982229, 40.700311100173323 ], [ -74.013561312182631, 40.700310097792617 ], [ -74.013560341221364, 40.700366533218656 ], [ -74.013529508945808, 40.700373524062094 ], [ -74.013531474880125, 40.700382016091808 ], [ -74.013562971057937, 40.700380013103228 ], [ -74.013559705744555, 40.700438934213722 ], [ -74.013523617783605, 40.700441937789165 ], [ -74.013522959094431, 40.700460415203551 ], [ -74.013580700094124, 40.700456914246438 ], [ -74.013585417992502, 40.700501912878096 ], [ -74.013552832147553, 40.700503357584864 ], [ -74.01357712861271, 40.700643681237977 ], [ -74.013510396463118, 40.700650371076051 ], [ -74.013558269797386, 40.700939870915285 ], [ -74.013951527782439, 40.700990982229968 ], [ -74.014158934999983, 40.701096289999924 ], [ -74.01376867899998, 40.701143262999942 ], [ -74.013775288999923, 40.701182712999923 ], [ -74.013781911999885, 40.701222154999961 ], [ -74.013791207999972, 40.70130547599998 ], [ -74.013898903999944, 40.702270670000019 ], [ -74.014192151, 40.702756711 ], [ -74.014429831999976, 40.703150647999955 ], [ -74.014391769, 40.703598782999975 ], [ -74.014255238999937, 40.704425471999954 ], [ -74.014253425999939, 40.704457563999966 ], [ -74.014258613999942, 40.704489442999943 ], [ -74.014270658999976, 40.704520228999918 ], [ -74.014289228999985, 40.704549074999939 ], [ -74.01419226999991, 40.704570403999917 ], [ -74.013269794999971, 40.704553496 ], [ -74.013326108999877, 40.705030787999945 ], [ -74.013353097999982, 40.705198576999869 ], [ -74.013359461999912, 40.705368655999969 ], [ -74.013344847999946, 40.705538826999948 ], [ -74.013309428999932, 40.705706830999915 ], [ -74.013253963999929, 40.70587051399994 ], [ -74.012507739999975, 40.706767065999983 ], [ -74.012400011999915, 40.706784807999938 ], [ -74.011873302999973, 40.706551405999988 ], [ -74.011189941999945, 40.706278727999965 ], [ -74.009865808999905, 40.705796426999967 ], [ -74.009995205999942, 40.705331238999946 ], [ -74.009984185999954, 40.705147732999968 ], [ -74.009746392999958, 40.70477524799994 ] ] ] } },
{ "type": "Feature", "properties": { "locationid": 90 }, "geometry": { "type": "Polygon", "coordinates": [ [ [ -73.996336894999899, 40.738043746999942 ], [ -73.996839938999983, 40.737360888999987 ], [ -73.999683921999846, 40.738552248999902 ], [ -74.00252381499989, 40.739752643999978 ], [ -74.002019377999886, 40.740444088999929 ], [ -74.001555314999933, 40.741080025999963 ], [ -74.001129174999889, 40.741668097999913 ], [ -74.000702754999935, 40.742253610999938 ], [ -74.000275179999903, 40.742838797999909 ], [ -73.999848235999806, 40.743425018999964 ], [ -73.999422089999911, 40.744009572999957 ], [ -73.998972373999877, 40.744630054999973 ], [ -73.998486524999919, 40.745294163999951 ], [ -73.998008220000031, 40.745951301999909 ], [ -73.997551645999948, 40.746580899999884 ], [ -73.997099028999941, 40.74720510199996 ], [ -73.994262585999962, 40.746003980999916 ], [ -73.991418585999938, 40.744802681999921 ], [ -73.991871023999906, 40.744185569999964 ], [ -73.992066471999934, 40.74391620299992 ], [ -73.992318884999875, 40.74356832299992 ], [ -73.992803409000018, 40.742910020000025 ], [ -73.993291668000012, 40.742233300999978 ], [ -73.993739287999944, 40.741617207999901 ], [ -73.994164923999861, 40.741030936999934 ], [ -73.99459264899987, 40.740441980999961 ], [ -73.995017985999922, 40.739860011 ], [ -73.995446641999948, 40.739272132999936 ], [ -73.995874094999891, 40.738685945999954 ], [ -73.996336894999899, 40.738043746999942 ] ] ] } },
{ "type": "Feature", "properties": { "locationid": 100 }, "geometry": { "type": "Polygon", "coordinates": [ [ [ -73.987293770999813, 40.750451608999924 ], [ -73.987769058999945, 40.749787028999961 ], [ -73.987936874999889, 40.749854966999976 ], [ -73.990622199999862, 40.750991753999983 ], [ -73.992117088999919, 40.751622077999912 ], [ -73.993464176999851, 40.752190054999922 ], [ -73.99297937799993, 40.752853402999932 ], [ -73.99252855999994, 40.753473912999922 ], [ -73.992079000999965, 40.754091115999898 ], [ -73.991632712999959, 40.754706805 ], [ -73.99117738199989, 40.755329848999942 ], [ -73.990726362999908, 40.755950406 ], [ -73.990276213999863, 40.756567564999955 ], [ -73.989790853999949, 40.757233131999946 ], [ -73.988418354999922, 40.756654985999944 ], [ -73.986948738999928, 40.756035901999951 ], [ -73.986404367, 40.755808028999908 ], [ -73.984117547999986, 40.754842053 ], [ -73.984595843, 40.754176941999951 ], [ -73.985043637999951, 40.753554148999896 ], [ -73.985488190999845, 40.752935179999973 ], [ -73.985946530999939, 40.752316804999914 ], [ -73.986399308999879, 40.751699985999977 ], [ -73.986849910999979, 40.75108167899991 ], [ -73.987293770999813, 40.750451608999924 ] ] ] } },
{ "type": "Feature", "properties": { "locationid": 103 }, "geometry": { "type": "Polygon", "coordinates": [ [ [ -74.043885596006746, 40.690184824096995 ], [ -74.043505960562584, 40.68968735981818 ], [ -74.042735338964988, 40.690050191210062 ], [ -74.042784333069832, 40.690120976845691 ], [ -74.042704284133748, 40.690155204822148 ], [ -74.042553720186476, 40.689962759144791 ], [ -74.042639293025616, 40.689928175955551 ], [ -74.042693808095862, 40.689997259053612 ], [ -74.043467523051348, 40.689636990051746 ], [ -74.043516372229206, 40.689191033371188 ], [ -74.043640786137047, 40.688766559785037 ], [ -74.043974585780788, 40.688582407027972 ], [ -74.044385217056117, 40.688516178201525 ], [ -74.044783991031878, 40.688595660057786 ], [ -74.046275389188111, 40.689327425448532 ], [ -74.046802848992911, 40.689953256133009 ], [ -74.047476514811663, 40.68961136999917 ], [ -74.047729626985145, 40.689915318233147 ], [ -74.047585719123859, 40.689982506913111 ], [ -74.047431260787363, 40.689803890235616 ], [ -74.046892055002843, 40.690059098161342 ], [ -74.047200293831182, 40.690424815311864 ], [ -74.047110506162852, 40.690470412925215 ], [ -74.047115819881625, 40.690655806059326 ], [ -74.047183214060325, 40.690747355024499 ], [ -74.047194924238454, 40.690763263924204 ], [ -74.047213245099073, 40.690790487168762 ], [ -74.047225683965991, 40.690819572241615 ], [ -74.047231928042734, 40.690849788187379 ], [ -74.047231820366733, 40.690880375342076 ], [ -74.047225364282653, 40.690910565374615 ], [ -74.047212721908494, 40.690939599444725 ], [ -74.047194210097643, 40.690966748235496 ], [ -74.047170294947037, 40.690991329122539 ], [ -74.04714091071601, 40.691010516337265 ], [ -74.047108140699919, 40.691026208328523 ], [ -74.047072696722097, 40.691038064209437 ], [ -74.047035348140369, 40.691045826247283 ], [ -74.046996906989506, 40.691049326159984 ], [ -74.046171669997051, 40.691097981243281 ], [ -74.046147072043283, 40.691122646016588 ], [ -74.04609551081596, 40.691120063192294 ], [ -74.046044424767786, 40.691114152164168 ], [ -74.045994183977555, 40.691104955847472 ], [ -74.045925927834119, 40.691082603292152 ], [ -74.045860274137027, 40.691056116291684 ], [ -74.044606164914569, 40.690573484475387 ], [ -74.043885596006746, 40.690184824096995 ] ] ] } },
{ "type": "Feature", "properties": { "locationid": 103 }, "geometry": { "type": "Polygon", "coordinates": [ [ [ -74.039950407942442, 40.700890630321332 ], [ -74.039452629066488, 40.700533159911977 ], [ -74.039382781094105, 40.700577694280618 ], [ -74.037711247983125, 40.699344040173862 ], [ -74.038097862073826, 40.69903950512213 ], [ -74.038229544226937, 40.698368591348888 ], [ -74.039000438890014, 40.698369890195551 ], [ -74.039340376850646, 40.698115514418028 ], [ -74.039932721164703, 40.698544422145545 ], [ -74.040255550586153, 40.6988048231538 ], [ -74.041242618161064, 40.699536741217422 ], [ -74.041747688840005, 40.699147863783395 ], [ -74.039912488863095, 40.697702040199168 ], [ -74.0416605190741, 40.6964529713199 ], [ -74.043673712153819, 40.698020404165028 ], [ -74.043636862055735, 40.698048232097932 ], [ -74.043656510811061, 40.698064091043932 ], [ -74.042703958053465, 40.69880060029331 ], [ -74.042965052137689, 40.698999362162425 ], [ -74.041098612185294, 40.70049294319481 ], [ -74.040800806231175, 40.700268549963276 ], [ -74.040312509037363, 40.700625749096204 ], [ -74.040391043919726, 40.700687376104398 ], [ -74.040411791806648, 40.70067848405931 ], [ -74.04053637716099, 40.700782094387499 ], [ -74.040480624926744, 40.700820614335079 ], [ -74.040349553153177, 40.700716018827301 ], [ -74.040365111005016, 40.700704166922804 ], [ -74.040288087189538, 40.700643613233673 ], [ -74.039950407942442, 40.700890630321332 ] ] ] } },
{ "type": "Feature", "properties": { "locationid": 103 }, "geometry": { "type": "Polygon", "coordinates": [ [ [ -74.016747560960638, 40.69334336821759 ], [ -74.015403591416359, 40.693066497309196 ], [ -74.015354663899757, 40.69322485341722 ], [ -74.015409166659367, 40.693238673173148 ], [ -74.015389197682438, 40.69329813466554 ], [ -74.015174822026239, 40.693256680335431 ], [ -74.015189342093365, 40.693198603542967 ], [ -74.015254743222584, 40.693206891184012 ], [ -74.015309159850247, 40.693047042891536 ], [ -74.015259510356472, 40.69303681423186 ], [ -74.015120306097046, 40.693187550632935 ], [ -74.015162094412929, 40.693208285695825 ], [ -74.015123956349129, 40.693258069299731 ], [ -74.014931366964902, 40.693155772236651 ], [ -74.014978591156293, 40.693115665571199 ], [ -74.015029463896738, 40.693146079734902 ], [ -74.015156121594913, 40.69301551489167 ], [ -74.01422123084896, 40.692822906344034 ], [ -74.014186430533655, 40.692803485334906 ], [ -74.014157910095491, 40.69278276881392 ], [ -74.014132961483739, 40.692759534774851 ], [ -74.014111965097428, 40.692734137477231 ], [ -74.013465666442102, 40.692134996190937 ], [ -74.013465594902215, 40.692134950631754 ], [ -74.013458803184747, 40.692130368211416 ], [ -74.013451420201392, 40.692126414925063 ], [ -74.013443812226029, 40.692123273167354 ], [ -74.01343629886243, 40.69212107658776 ], [ -74.013428963966206, 40.692119825679029 ], [ -74.013421924408988, 40.692119530144303 ], [ -74.013418552828824, 40.692119755024194 ], [ -74.01341527571654, 40.692120214933986 ], [ -74.013374993858875, 40.692129144477853 ], [ -74.013292537883586, 40.692152143650496 ], [ -74.013256479345202, 40.692160882186236 ], [ -74.013127588180694, 40.692185004322837 ], [ -74.01308076367873, 40.692194878694295 ], [ -74.013058570423254, 40.6922015362411 ], [ -74.012853338195697, 40.692245243457904 ], [ -74.012726126641866, 40.692271335581921 ], [ -74.012604060866011, 40.692294240965587 ], [ -74.012588030800686, 40.692298312128329 ], [ -74.012572615955847, 40.692303852772028 ], [ -74.012558290382287, 40.692310688784353 ], [ -74.012545432171009, 40.692318651089096 ], [ -74.012533686147677, 40.692328054342077 ], [ -74.012523075631393, 40.692338842419396 ], [ -74.01252289827039, 40.692339032414701 ], [ -74.012408888943199, 40.692493527480153 ], [ -74.012408854396512, 40.692493571878678 ], [ -74.01237989918387, 40.692532162086316 ], [ -74.012336615890788, 40.692559893859595 ], [ -74.012297835652191, 40.692568146556773 ], [ -74.012297314925505, 40.692568254835166 ], [ -74.012118156143856, 40.692606365717616 ], [ -74.012117267650808, 40.692606554614464 ], [ -74.01210359185653, 40.692609464999414 ], [ -74.01204369179824, 40.692601816621568 ], [ -74.011849200385541, 40.692518198253069 ], [ -74.011848893074188, 40.692517873281545 ], [ -74.011811856472306, 40.692479335064384 ], [ -74.011798812305287, 40.692444594736997 ], [ -74.011783745017198, 40.69240476697545 ], [ -74.011750970322254, 40.692318113592982 ], [ -74.011750330866377, 40.692316411412307 ], [ -74.011750342520315, 40.69231634875581 ], [ -74.01175749051248, 40.692263739561568 ], [ -74.011834467263853, 40.692159056023151 ], [ -74.011838334710816, 40.692153797275026 ], [ -74.011839008256615, 40.692152877647793 ], [ -74.011864687066861, 40.692117962626035 ], [ -74.011903097225556, 40.692090583507884 ], [ -74.011911188680003, 40.692088844071243 ], [ -74.011968932586996, 40.692076474557197 ], [ -74.012136307708744, 40.692040643855591 ], [ -74.012137325162556, 40.692040418088872 ], [ -74.01214293316167, 40.692039219676332 ], [ -74.012148859843819, 40.692037949360525 ], [ -74.012201141163601, 40.692044905096068 ], [ -74.012324306894726, 40.692091188005001 ], [ -74.012359518446331, 40.692107770280145 ], [ -74.01239001029667, 40.692123085037878 ], [ -74.01240858613572, 40.692134240529512 ], [ -74.012429270593501, 40.692154238892378 ], [ -74.012461401651208, 40.692212624415966 ], [ -74.012539824816358, 40.692196973863183 ], [ -74.012558990154886, 40.692193153823659 ], [ -74.012828260269757, 40.692139435944156 ], [ -74.013223380517076, 40.692059190656877 ], [ -74.013241954392967, 40.692055416138828 ], [ -74.01324784563468, 40.692054217639928 ], [ -74.013285157928905, 40.69204736900619 ], [ -74.013303140216621, 40.692042648686893 ], [ -74.013311231566533, 40.692039495722888 ], [ -74.013318044741624, 40.692035902476825 ], [ -74.013323676573819, 40.692031822532527 ], [ -74.013326065466529, 40.69202957923131 ], [ -74.01332818317637, 40.692027201437057 ], [ -74.01333064247271, 40.692023725795977 ], [ -74.013332641496135, 40.692019970102422 ], [ -74.013335053032876, 40.692012099552656 ], [ -74.013335394940995, 40.692008209023882 ], [ -74.013335158251138, 40.6920044629708 ], [ -74.013334329769975, 40.692000924552723 ], [ -74.013332932836505, 40.691997636989079 ], [ -74.013325465205014, 40.691985202461574 ], [ -74.013316210359974, 40.691972497416117 ], [ -74.013274819594784, 40.691935346795205 ], [ -74.013266204601379, 40.691927180492122 ], [ -74.013264761172806, 40.691925802745544 ], [ -74.013255286993527, 40.691916817498992 ], [ -74.013186565370546, 40.691957929417832 ], [ -74.012912287516741, 40.691690730833834 ], [ -74.012928003938185, 40.691676104428161 ], [ -74.012859871088907, 40.691602990865604 ], [ -74.01289688430353, 40.691576895500333 ], [ -74.012895183556552, 40.691575283407012 ], [ -74.012875198354195, 40.691556330251778 ], [ -74.012865472667258, 40.691547101248538 ], [ -74.012815951858741, 40.691500126723476 ], [ -74.012754368367695, 40.691476467635944 ], [ -74.012650717609858, 40.69139945918046 ], [ -74.01262511694793, 40.691408737147789 ], [ -74.012608568594047, 40.691364104629791 ], [ -74.012584346959969, 40.691370649729627 ], [ -74.012584349359329, 40.691383362380648 ], [ -74.01254505151509, 40.691391593272947 ], [ -74.012554882113477, 40.691423001247905 ], [ -74.012532285947728, 40.691428986617815 ], [ -74.01251950752706, 40.691396831454227 ], [ -74.012034176165699, 40.691503076685713 ], [ -74.012017466593676, 40.69145820805398 ], [ -74.012597531525671, 40.691334335544568 ], [ -74.012527832099636, 40.69114633733799 ], [ -74.012183550710475, 40.691136215940659 ], [ -74.012186820752561, 40.691078024270681 ], [ -74.01182575354963, 40.691064816216183 ], [ -74.01182847957557, 40.691011357764417 ], [ -74.012195000900732, 40.691028847568845 ], [ -74.01219552958608, 40.691020573667984 ], [ -74.012210174106656, 40.690791696801277 ], [ -74.012084143963818, 40.690780622300522 ], [ -74.012082324243579, 40.690759881924564 ], [ -74.012053254987734, 40.690739143903073 ], [ -74.011998759665701, 40.690750212104859 ], [ -74.011987862814394, 40.690772336076513 ], [ -74.011971513188172, 40.690770955509478 ], [ -74.011986032769912, 40.690697668114368 ], [ -74.011993291673718, 40.690650653797178 ], [ -74.011980567612426, 40.690606407271787 ], [ -74.012049598506081, 40.690610548546715 ], [ -74.012056854284779, 40.690553854489629 ], [ -74.012098634319301, 40.690546936582265 ], [ -74.012107713694178, 40.69052895959743 ], [ -74.012127697123717, 40.690528957493214 ], [ -74.01214221600921, 40.690454287807228 ], [ -74.012231311468994, 40.690461330775101 ], [ -74.012306883044857, 40.689280182937566 ], [ -74.012703209240385, 40.688790539817013 ], [ -74.01275451203071, 40.688720556237918 ], [ -74.013169264027525, 40.688154771203237 ], [ -74.013264867056151, 40.688122430096691 ], [ -74.013330199779446, 40.688093166048013 ], [ -74.013418589513151, 40.688052198317884 ], [ -74.013472439166222, 40.688012057966233 ], [ -74.014880979750046, 40.687254570488612 ], [ -74.016047305395119, 40.687338006297757 ], [ -74.016097892283923, 40.687314592288232 ], [ -74.016519275786408, 40.687119551147482 ], [ -74.016981468641092, 40.686907384481536 ], [ -74.017049866092293, 40.686875987918988 ], [ -74.016715826719803, 40.686445593709628 ], [ -74.016646640847569, 40.686416347233433 ], [ -74.015151616743196, 40.686524802041781 ], [ -74.015143910219905, 40.686437034043067 ], [ -74.016619712332229, 40.68631980484097 ], [ -74.016673515299829, 40.686305168553496 ], [ -74.01727291238646, 40.68569069768126 ], [ -74.017530324340854, 40.685362987932436 ], [ -74.0176225750659, 40.685409783720729 ], [ -74.017361320769282, 40.685746272027075 ], [ -74.016781139571364, 40.686349037919207 ], [ -74.01677346463228, 40.686398775449796 ], [ -74.017120991010671, 40.686843337636631 ], [ -74.020156566523809, 40.685449787295113 ], [ -74.020543672930813, 40.685272067925979 ], [ -74.020206867105202, 40.684833833077114 ], [ -74.020162789417483, 40.684833017410909 ], [ -74.019459573894252, 40.685154957922407 ], [ -74.019398423919284, 40.685087404047202 ], [ -74.020952550102905, 40.684384431647224 ], [ -74.021008778992879, 40.684453539084345 ], [ -74.02028899992284, 40.684784448418625 ], [ -74.020278198464908, 40.684809135174511 ], [ -74.020612672358112, 40.685240390198111 ], [ -74.021062263296315, 40.685041024700432 ], [ -74.021839095256922, 40.684696540546916 ], [ -74.0222407889853, 40.684518408101965 ], [ -74.02233552903553, 40.684476393604236 ], [ -74.022397325805045, 40.684448989326441 ], [ -74.022593595810363, 40.684359695949965 ], [ -74.022132501868768, 40.68376767238523 ], [ -74.023055747495988, 40.682916945445236 ], [ -74.023194628346673, 40.683000498062185 ], [ -74.022368235576636, 40.683779916794045 ], [ -74.022758990299593, 40.684284448332278 ], [ -74.023017044563602, 40.684167044269202 ], [ -74.023135097103207, 40.684124156652707 ], [ -74.023256783156299, 40.684085414320812 ], [ -74.023397768545607, 40.684040969821787 ], [ -74.023414793738496, 40.684035603130532 ], [ -74.023541603701148, 40.684002983592571 ], [ -74.023782673367407, 40.683968915869066 ], [ -74.023947353550895, 40.683949215986701 ], [ -74.024215372696702, 40.683944243464346 ], [ -74.024431730237012, 40.683954030594471 ], [ -74.024648092412221, 40.68397856661305 ], [ -74.02484185637266, 40.684012941142441 ], [ -74.024993060575156, 40.684052112535582 ], [ -74.02521646935898, 40.684093980871346 ], [ -74.025468367685832, 40.684152922578313 ], [ -74.025671837582124, 40.684236456205092 ], [ -74.025885018235186, 40.684376526840111 ], [ -74.026046531847641, 40.684514151154957 ], [ -74.026125781929622, 40.684593511439751 ], [ -74.026232382903274, 40.684700261053784 ], [ -74.026334042423997, 40.684801697724247 ], [ -74.026440666246046, 40.684951624519925 ], [ -74.02651822912101, 40.685108933148499 ], [ -74.026576409430817, 40.685241663038134 ], [ -74.026608755592733, 40.685376858009917 ], [ -74.026628190838593, 40.685526804749756 ], [ -74.026621783401836, 40.685654634111444 ], [ -74.026608909597911, 40.685762798069618 ], [ -74.026570215453276, 40.685905384681334 ], [ -74.026496001440449, 40.686055352516391 ], [ -74.026425772431992, 40.686175339829603 ], [ -74.026376216138175, 40.686231318800147 ], [ -74.026312703702501, 40.68629511626802 ], [ -74.026220253843022, 40.686384568093501 ], [ -74.026174880975944, 40.686429072229139 ], [ -74.026065849875522, 40.686530566227859 ], [ -74.025783870596598, 40.686794706417295 ], [ -74.025579718663124, 40.686997456600039 ], [ -74.025386992470033, 40.687166904282279 ], [ -74.02518794246518, 40.687356227481757 ], [ -74.025154267704181, 40.68738749447698 ], [ -74.024984526769629, 40.687545099961085 ], [ -74.02495996488949, 40.687568203649427 ], [ -74.024749035145774, 40.687787029412242 ], [ -74.024563902115688, 40.687964658453829 ], [ -74.024456852212992, 40.688060559421899 ], [ -74.024339228089005, 40.68816581005813 ], [ -74.024323085773531, 40.688180257021948 ], [ -74.024195114364503, 40.688294765589902 ], [ -74.024119976210486, 40.688368243510318 ], [ -74.023971922777591, 40.688513025404312 ], [ -74.023969248802942, 40.688515550098131 ], [ -74.023811441693766, 40.688664515802749 ], [ -74.023674364825311, 40.688792309760068 ], [ -74.023536444521483, 40.688915770458415 ], [ -74.023390340969428, 40.689049247613468 ], [ -74.023133947503638, 40.689295454264709 ], [ -74.022684659396205, 40.689717470853836 ], [ -74.022565379049269, 40.689825758426082 ], [ -74.02243973951947, 40.689939819439473 ], [ -74.022251140575818, 40.690122218578203 ], [ -74.021899421937533, 40.690443472360684 ], [ -74.021496397684473, 40.690827050334775 ], [ -74.021476360604552, 40.690846622621237 ], [ -74.021212920616378, 40.691103965650925 ], [ -74.020979962024526, 40.691324390862192 ], [ -74.020719697017469, 40.691580984995497 ], [ -74.020716191511568, 40.691584232140535 ], [ -74.020463884629066, 40.691817991104074 ], [ -74.020205274342658, 40.692033923854289 ], [ -74.019856239769169, 40.692906232798954 ], [ -74.019797066168792, 40.693041562744547 ], [ -74.019797066380193, 40.693042274735888 ], [ -74.01975820423938, 40.693092835653481 ], [ -74.019752030208181, 40.693098528288971 ], [ -74.019714549420769, 40.693133006827225 ], [ -74.019668335080198, 40.693164387924327 ], [ -74.019626140223522, 40.693185638606174 ], [ -74.019601368328182, 40.69319203651083 ], [ -74.019526257860832, 40.693206790851882 ], [ -74.019451833567928, 40.693227383189992 ], [ -74.019384013174516, 40.693234769858869 ], [ -74.019340895972064, 40.693234777113084 ], [ -74.019287124924759, 40.693234786137104 ], [ -74.019174087816268, 40.693232346225962 ], [ -74.018996456452967, 40.69322254283091 ], [ -74.01886404103503, 40.693217648687934 ], [ -74.018797106162168, 40.693217659640005 ], [ -74.018751004002169, 40.693217667160702 ], [ -74.018654118500393, 40.693225057126313 ], [ -74.018521705833948, 40.69322999493906 ], [ -74.018379604907665, 40.693239851076051 ], [ -74.018302959030223, 40.693247747297676 ], [ -74.018018074241823, 40.693265795248337 ], [ -74.017728751353005, 40.693281787783881 ], [ -74.017420689868288, 40.693298800829112 ], [ -74.017231884181371, 40.693320432748337 ], [ -74.01711872274268, 40.693326078054106 ], [ -74.017006686935559, 40.693344068510491 ], [ -74.01690615078013, 40.693353412253245 ], [ -74.016821876419641, 40.693345581137557 ], [ -74.016747560960638, 40.69334336821759 ] ] ] } },
{ "type": "Feature", "properties": { "locationid": 107 }, "geometry": { "type": "Polygon", "coordinates": [ [ [ -73.98238628799993, 40.731411244999968 ], [ -73.982556292999845, 40.731350133999939 ], [ -73.984941027999923, 40.732347603999898 ], [ -73.98718049699994, 40.733292147999911 ], [ -73.988779316999967, 40.733965399999953 ], [ -73.98990295999991, 40.734434789999938 ], [ -73.98996936399989, 40.73490456699998 ], [ -73.98997766699992, 40.734979254999949 ], [ -73.989979127999902, 40.73505420099989 ], [ -73.989973738999822, 40.735129042999951 ], [ -73.98996152699992, 40.73520341999992 ], [ -73.98994254999981, 40.735276970999976 ], [ -73.989916899999812, 40.735349341999957 ], [ -73.989874214, 40.735408257999964 ], [ -73.989454720999873, 40.735987246999947 ], [ -73.989209538999873, 40.736307120999889 ], [ -73.989015593999866, 40.736560153999953 ], [ -73.988592983999936, 40.737142560999985 ], [ -73.988179102999965, 40.737730748999894 ], [ -73.987740744999826, 40.738312187999973 ], [ -73.98730154899981, 40.738903025999967 ], [ -73.98703592799987, 40.739266378999929 ], [ -73.986849185999901, 40.739521821999887 ], [ -73.986361416999912, 40.740184800999963 ], [ -73.985879131999909, 40.740853 ], [ -73.985427677999937, 40.741470348999911 ], [ -73.984977754999832, 40.742088957 ], [ -73.984526366999958, 40.742707041999935 ], [ -73.984074852999939, 40.743324717999919 ], [ -73.98400852, 40.743299017999988 ], [ -73.982455208, 40.742646959999981 ], [ -73.980859653999929, 40.74196976799994 ], [ -73.981311804999876, 40.741350923999946 ], [ -73.98176150799992, 40.740733112999941 ], [ -73.982211344999925, 40.740114534999933 ], [ -73.982664974999892, 40.739497332999917 ], [ -73.98041832999985, 40.738550530999902 ], [ -73.979490626999862, 40.738159791999912 ], [ -73.978915744999867, 40.737917658999926 ], [ -73.97805226499996, 40.737553953999935 ], [ -73.978498455999954, 40.736790956999926 ], [ -73.978574497999844, 40.736677280999892 ], [ -73.978909173999867, 40.736164125999956 ], [ -73.979348195999904, 40.73555311199992 ], [ -73.979446060000043, 40.735414514999952 ], [ -73.979789040000043, 40.734961816999949 ], [ -73.980090504999978, 40.734544370999956 ], [ -73.980204962000016, 40.734385321999909 ], [ -73.980419912999849, 40.73408982099992 ], [ -73.980644989, 40.733779319999947 ], [ -73.98105323699987, 40.733208482 ], [ -73.981499103999852, 40.732618595999966 ], [ -73.981803392999851, 40.732204797999948 ], [ -73.981967821999945, 40.731982560999917 ], [ -73.982322825999958, 40.731497889999957 ], [ -73.98238628799993, 40.731411244999968 ] ] ] } },
{ "type": "Feature", "properties": { "locationid": 113 }, "geometry": { "type": "Polygon", "coordinates": [ [ [ -73.99136388099987, 40.727559782999947 ], [ -73.991548326999862, 40.727089470999971 ], [ -73.993146569999908, 40.727867202999938 ], [ -73.994252784999958, 40.728412456999962 ], [ -73.995061034999978, 40.728810771999925 ], [ -73.995812370999857, 40.729180532999926 ], [ -73.996572144999789, 40.729552233999947 ], [ -73.996063147999848, 40.730155260999936 ], [ -73.995562454999956, 40.730715215999972 ], [ -73.996974354999935, 40.73140883199995 ], [ -73.998612255999873, 40.732215429999933 ], [ -74.000066577, 40.732929235999947 ], [ -73.999757715999849, 40.733341321999916 ], [ -73.999555891999975, 40.73361059599997 ], [ -73.999187803, 40.734134833999917 ], [ -73.998714438000022, 40.734783860999904 ], [ -73.998530215999892, 40.735037891999916 ], [ -73.998274189999862, 40.735391139999912 ], [ -73.997804429999888, 40.736032157999936 ], [ -73.997341327999962, 40.736667888999953 ], [ -73.996839938999983, 40.737360888999987 ], [ -73.99361688399992, 40.73600449199995 ], [ -73.991714987999828, 40.735215300999968 ], [ -73.991198992999855, 40.735012368999968 ], [ -73.990753967999893, 40.734839154999911 ], [ -73.98990295999991, 40.734434789999938 ], [ -73.989868520999963, 40.733527114999951 ], [ -73.990026876999835, 40.732756283999969 ], [ -73.990211909999871, 40.73199633399993 ], [ -73.990390099999871, 40.731288523999901 ], [ -73.99050558599987, 40.730564955999981 ], [ -73.990725303999909, 40.729878686999925 ], [ -73.99075728499993, 40.729740830999944 ], [ -73.990930535999965, 40.729142295999949 ], [ -73.991122566999877, 40.728567965999986 ], [ -73.99135869199992, 40.72778247 ], [ -73.99136388099987, 40.727559782999947 ] ] ] } },
{ "type": "Feature", "properties": { "locationid": 114 }, "geometry": { "type": "Polygon", "coordinates": [ [ [ -73.992579873999915, 40.724201554999951 ], [ -73.992603222999875, 40.724136449999975 ], [ -73.992671823999913, 40.724160253999869 ], [ -73.993398913, 40.724412504999918 ], [ -73.993457690999946, 40.724432895999975 ], [ -73.994179304999975, 40.724692406999942 ], [ -73.994908273999911, 40.724951229 ], [ -73.995329078999944, 40.72508374 ], [ -73.99584577599984, 40.725208352999928 ], [ -73.996771757999895, 40.725431943999958 ], [ -73.997610195999926, 40.725797137999947 ], [ -73.99836119299998, 40.726167467999915 ], [ -73.999118246999899, 40.726542312999904 ], [ -73.999915791999882, 40.726934712999913 ], [ -74.000632391999943, 40.727286611999936 ], [ -74.001390334999911, 40.727660001999936 ], [ -74.002148914999964, 40.728035366999954 ], [ -74.002693150999974, 40.728314053999981 ], [ -74.002817265999923, 40.728363128999973 ], [ -74.002506423999947, 40.729016385 ], [ -74.002203372999972, 40.72965325599997 ], [ -74.002138992999974, 40.729795743999901 ], [ -74.001684654999906, 40.730581562 ], [ -74.001412424999941, 40.731065255999944 ], [ -74.000954422999882, 40.731706097999982 ], [ -74.000510663999961, 40.732315223 ], [ -74.000066577, 40.732929235999947 ], [ -73.998612255999873, 40.732215429999933 ], [ -73.996974354999935, 40.73140883199995 ], [ -73.995562454999956, 40.730715215999972 ], [ -73.996063147999848, 40.730155260999936 ], [ -73.996572144999789, 40.729552233999947 ], [ -73.995812371999904, 40.729180532999983 ], [ -73.995061034999978, 40.728810771999925 ], [ -73.994252784999958, 40.728412456999962 ], [ -73.993146569999908, 40.727867202999938 ], [ -73.991548326999862, 40.727089470999971 ], [ -73.991793792999843, 40.726391458999977 ], [ -73.992061667999906, 40.725642442999956 ], [ -73.992209710999916, 40.725231289999954 ], [ -73.992326421999977, 40.724908231999969 ], [ -73.992579873999915, 40.724201554999951 ] ] ] } },
{ "type": "Feature", "properties": { "locationid": 116 }, "geometry": { "type": "Polygon", "coordinates": [ [ [ -73.939248856999868, 40.828296350999935 ], [ -73.939689528999935, 40.827656573999938 ], [ -73.940139537999897, 40.82703868999991 ], [ -73.940594727, 40.82641360399991 ], [ -73.941048408000015, 40.825792629999953 ], [ -73.941503126999962, 40.825171366999967 ], [ -73.941955696999969, 40.824554439999957 ], [ -73.942429539999964, 40.823909156999939 ], [ -73.942923669000052, 40.823260586999936 ], [ -73.943505944999899, 40.822627752999914 ], [ -73.944049863999936, 40.82205159199993 ], [ -73.944603645999891, 40.821461980999956 ], [ -73.945154569999943, 40.820876264999967 ], [ -73.946078287000049, 40.821263215999949 ], [ -73.947238446999975, 40.821753985999948 ], [ -73.948082897999825, 40.822108021999981 ], [ -73.948540297999827, 40.821487622999939 ], [ -73.94992194399984, 40.822072313999932 ], [ -73.950377105999962, 40.82144561799992 ], [ -73.950828800000025, 40.820827936999919 ], [ -73.952910290999895, 40.821696946999943 ], [ -73.953572628999808, 40.821975891999919 ], [ -73.953671034999843, 40.822017533999961 ], [ -73.953769274, 40.822058690999924 ], [ -73.955696607999897, 40.82287647699998 ], [ -73.955730749999915, 40.82289125699991 ], [ -73.955769372999882, 40.822904320999939 ], [ -73.956340103999821, 40.823092327999923 ], [ -73.956514684999846, 40.823120127999893 ], [ -73.956828245999915, 40.823165078999942 ], [ -73.957082641999904, 40.823201547999915 ], [ -73.957151873999862, 40.823213765999903 ], [ -73.957222030999958, 40.823225958999963 ], [ -73.959508979195874, 40.823595788951458 ], [ -73.959531014118411, 40.823619182180714 ], [ -73.959538002253041, 40.823629334087322 ], [ -73.95954284439091, 40.823639168452488 ], [ -73.959544725524751, 40.823644941829315 ], [ -73.959545221803239, 40.823647337599695 ], [ -73.959533511050878, 40.823685018397349 ], [ -73.959555754938691, 40.823693797768904 ], [ -73.959016129418913, 40.824504188499269 ], [ -73.958995828033764, 40.82449642742516 ], [ -73.957258969771473, 40.827117309873152 ], [ -73.956948664204631, 40.827000553935108 ], [ -73.956317845103058, 40.827944215388584 ], [ -73.956200545283792, 40.827901226597533 ], [ -73.956203737795661, 40.827896986099887 ], [ -73.956223943602453, 40.827870087391474 ], [ -73.955039129783998, 40.827413431911857 ], [ -73.954697366195063, 40.827918385514245 ], [ -73.954541880621221, 40.827861476365534 ], [ -73.954464699772132, 40.827974169698777 ], [ -73.954464580347064, 40.827974332149985 ], [ -73.954360680102013, 40.828117883015196 ], [ -73.954272209060449, 40.828236543142459 ], [ -73.954216536257704, 40.828307470855549 ], [ -73.954169506441886, 40.828360869240257 ], [ -73.954136491358369, 40.828393409562707 ], [ -73.95406111804229, 40.828462132451527 ], [ -73.954032717176432, 40.828490423490678 ], [ -73.95402106678668, 40.828502980304535 ], [ -73.95398614911781, 40.828543516251777 ], [ -73.953954064074367, 40.828585358164162 ], [ -73.953591286268022, 40.829097720648775 ], [ -73.952976193626128, 40.830090203271105 ], [ -73.952344979324664, 40.831019858645085 ], [ -73.952197590811934, 40.831220454891877 ], [ -73.952149904073735, 40.831274717250146 ], [ -73.951699024615522, 40.831915996775642 ], [ -73.951598403869397, 40.832047081645968 ], [ -73.95140314324226, 40.83232213003096 ], [ -73.951316411189936, 40.832450511970663 ], [ -73.95119348573833, 40.83264713466523 ], [ -73.951096208875541, 40.832805096701854 ], [ -73.951059496325414, 40.832897661906699 ], [ -73.951052245713086, 40.832922437633854 ], [ -73.950997275229767, 40.833110277667942 ], [ -73.950966135001323, 40.833216703289779 ], [ -73.950935762314771, 40.833293997985699 ], [ -73.95066373627958, 40.833635997666356 ], [ -73.950423062023233, 40.834047087488536 ], [ -73.950244240065942, 40.834267414675615 ], [ -73.950155210482933, 40.834396759407952 ], [ -73.949978553999983, 40.834433664 ], [ -73.949855904999907, 40.834459286999987 ], [ -73.949776161999921, 40.834455965 ], [ -73.949708077999873, 40.834449289999974 ], [ -73.949641197999966, 40.834434329999972 ], [ -73.949574317999861, 40.834419361999963 ], [ -73.949551753000037, 40.834410715999923 ], [ -73.949415705999925, 40.834358589999951 ], [ -73.949194488999922, 40.834210658999929 ], [ -73.948905432999908, 40.834065298999953 ], [ -73.94829108099988, 40.833861180999882 ], [ -73.945925581000068, 40.83280648999996 ], [ -73.945823951999884, 40.832765460999937 ], [ -73.945719336999943, 40.832721412999931 ], [ -73.942979662, 40.831567979999953 ], [ -73.941367995999926, 40.830890837999981 ], [ -73.94034643199987, 40.830457841999916 ], [ -73.94017089799992, 40.830384390999924 ], [ -73.939625698999876, 40.830155837 ], [ -73.938997433999916, 40.829888852999986 ], [ -73.938640266999968, 40.829738873999915 ], [ -73.938960348999927, 40.828986329999964 ], [ -73.939248856999868, 40.828296350999935 ] ] ] } },
{ "type": "Feature", "properties": { "locationid": 120 }, "geometry": { "type": "Polygon", "coordinates": [ [ [ -73.922954494999885, 40.858850761999918 ], [ -73.92282845999992, 40.856851408999958 ], [ -73.922779211999881, 40.856826197999943 ], [ -73.922633348999966, 40.856831752999931 ], [ -73.922044922079465, 40.85685415979205 ], [ -73.9220746492405, 40.856779491120484 ], [ -73.922157472011293, 40.856766247238184 ], [ -73.922168651236532, 40.856738446409423 ], [ -73.922146371799172, 40.856726340395639 ], [ -73.922109752804189, 40.856720271081606 ], [ -73.922167147144179, 40.856663482235597 ], [ -73.922219722247362, 40.856641754319476 ], [ -73.922246825913362, 40.856613964353926 ], [ -73.922292991135834, 40.856627294992428 ], [ -73.922332825118573, 40.856607976775038 ], [ -73.922344372196989, 40.856602300782782 ], [ -73.922354586159869, 40.856595304853229 ], [ -73.922363207975536, 40.856587166207234 ], [ -73.92237001880541, 40.856578092054008 ], [ -73.922374845777696, 40.856568311972936 ], [ -73.922377566177744, 40.856558073495343 ], [ -73.92237142612484, 40.856280341826867 ], [ -73.922344652438653, 40.856253122768727 ], [ -73.922374686735665, 40.856215053236575 ], [ -73.922375808826985, 40.855978349227705 ], [ -73.922344593870562, 40.855682335907424 ], [ -73.922296110072409, 40.855663835114555 ], [ -73.922278730644791, 40.855654988843789 ], [ -73.922400358752725, 40.855510055974356 ], [ -73.922669296953003, 40.855179774960725 ], [ -73.922819856737718, 40.854988676511219 ], [ -73.92290114139594, 40.854885505308744 ], [ -73.923132985164997, 40.854589470317784 ], [ -73.923415841836075, 40.854225806362273 ], [ -73.923605952206742, 40.853977198034727 ], [ -73.924009392205022, 40.853436953917907 ], [ -73.924440651399266, 40.852840472704457 ], [ -73.92467021184008, 40.852506639577967 ], [ -73.924973969140368, 40.852070909369601 ], [ -73.925021912297126, 40.852021710424111 ], [ -73.925033268597986, 40.851993784944668 ], [ -73.925072948668713, 40.851942220704466 ], [ -73.925109802710097, 40.851892817511036 ], [ -73.925146665288636, 40.851836955946773 ], [ -73.925155181014546, 40.851815475919047 ], [ -73.925172177290335, 40.851802592329342 ], [ -73.925217540310385, 40.851738137108477 ], [ -73.925277079382752, 40.851647911704951 ], [ -73.925296941527449, 40.851607087207427 ], [ -73.925347966068287, 40.851538348338835 ], [ -73.925424516048551, 40.851422334244418 ], [ -73.925489730322937, 40.851326734389225 ], [ -73.925532245473519, 40.851273030364254 ], [ -73.925543593032586, 40.851242951311292 ], [ -73.925639990346724, 40.851099016007453 ], [ -73.92566267418448, 40.851068937045014 ], [ -73.925736386812773, 40.850955071572933 ], [ -73.925755442749235, 40.850926317712087 ], [ -73.925853633090881, 40.850778147042455 ], [ -73.925879704196248, 40.850752743447998 ], [ -73.925894615733696, 40.850716021158775 ], [ -73.926028775086323, 40.850514127209443 ], [ -73.926238172493925, 40.850207175479845 ], [ -73.926256077789176, 40.850180928288871 ], [ -73.926494557594864, 40.849839263188805 ], [ -73.926714390925795, 40.849532892486501 ], [ -73.926923035198229, 40.849250532110716 ], [ -73.92711679645474, 40.848968160769893 ], [ -73.92725466369204, 40.848763440050874 ], [ -73.92740369127668, 40.848557312118103 ], [ -73.927522933325534, 40.848379413767013 ], [ -73.927653348582325, 40.848187403075357 ], [ -73.927973778304292, 40.84772713626888 ], [ -73.928137989765219, 40.847491633700535 ], [ -73.92821693262097, 40.847380137446592 ], [ -73.928391510365998, 40.847132229299781 ], [ -73.928422009476634, 40.847082681015294 ], [ -73.928455019289515, 40.84703147378579 ], [ -73.928489948277232, 40.84698195788156 ], [ -73.929285440195343, 40.845854221201307 ], [ -73.929325228420609, 40.845795012081453 ], [ -73.929380787970373, 40.845713088024326 ], [ -73.929428459193559, 40.845644161962198 ], [ -73.929617788411662, 40.84537197685642 ], [ -73.92967631216537, 40.845289599968176 ], [ -73.929718504775309, 40.845231778263745 ], [ -73.929765589651581, 40.845155498584774 ], [ -73.9298142904901, 40.84507738364222 ], [ -73.929869492198961, 40.844983883071166 ], [ -73.929923067131426, 40.844894073705127 ], [ -73.929989638169261, 40.844769196937307 ], [ -73.930046480720179, 40.84466092972761 ], [ -73.930098446156222, 40.844555117607229 ], [ -73.93015203635413, 40.844449305942902 ], [ -73.930223522132451, 40.844284441595782 ], [ -73.930273890953217, 40.844163491990635 ], [ -73.930319395295754, 40.844044140613882 ], [ -73.930399020756823, 40.843828808692969 ], [ -73.93045266598449, 40.843681159880731 ], [ -73.93049978822178, 40.843555650222982 ], [ -73.930545300499219, 40.843428546088731 ], [ -73.930569668922857, 40.843371947301129 ], [ -73.930579427808581, 40.843337499917652 ], [ -73.930628181535425, 40.843205840884877 ], [ -73.930675299073442, 40.843085258014746 ], [ -73.930698058285842, 40.843023119393543 ], [ -73.930727363000486, 40.842939705502936 ], [ -73.930772829219336, 40.842810251215681 ], [ -73.930785807632731, 40.842793033211564 ], [ -73.930802045618407, 40.842765964757241 ], [ -73.930810194158326, 40.842717972930529 ], [ -73.930894652014132, 40.842538340141928 ], [ -73.930974880396619, 40.84240043256802 ], [ -73.931222298868406, 40.841931197819683 ], [ -73.93152929047892, 40.841385366157439 ], [ -73.931834597729122, 40.840836948245673 ], [ -73.932161988379121, 40.840255026320861 ], [ -73.932795507311795, 40.839123676468212 ], [ -73.932959674758933, 40.838785698899997 ], [ -73.933099117851285, 40.83854338462384 ], [ -73.93316799815203, 40.83842158799564 ], [ -73.933266628581521, 40.838250172569616 ], [ -73.93335677225113, 40.838087766943893 ], [ -73.933417997075892, 40.837971773450491 ], [ -73.933466466039675, 40.837891216756695 ], [ -73.933531090874652, 40.837766192945189 ], [ -73.93363822412816, 40.837579303046823 ], [ -73.933775091372709, 40.837371160788756 ], [ -73.933909437797112, 40.837132723576751 ], [ -73.934014885593044, 40.8369342261227 ], [ -73.934102482670411, 40.836766027122714 ], [ -73.934198130618569, 40.836572646434909 ], [ -73.934284371112099, 40.83638369097379 ], [ -73.934312346102203, 40.836318349309003 ], [ -73.934361215910556, 40.836200619617827 ], [ -73.934600277999877, 40.83609686799997 ], [ -73.93467393099985, 40.836064902999951 ], [ -73.934745693999957, 40.836092093999952 ], [ -73.934798862999841, 40.836110115999944 ], [ -73.934857403000038, 40.835985025999939 ], [ -73.934962740999879, 40.835759933999938 ], [ -73.935063362999927, 40.835677658999963 ], [ -73.935307879999939, 40.835477723999929 ], [ -73.935726242999877, 40.835156347 ], [ -73.936495570999881, 40.834568794999974 ], [ -73.937006415999889, 40.834193109999944 ], [ -73.937059059000063, 40.834165988999928 ], [ -73.93729666499992, 40.833977743999988 ], [ -73.937297197999811, 40.833977320999942 ], [ -73.937957182999881, 40.833454417999903 ], [ -73.938385088999951, 40.833113502999929 ], [ -73.938574746999876, 40.832915084999954 ], [ -73.938628949999966, 40.832857941999919 ], [ -73.938683162999851, 40.832800788999933 ], [ -73.938773601999898, 40.832663211999929 ], [ -73.938908344999888, 40.832480356999973 ], [ -73.938948597999953, 40.832417335999942 ], [ -73.939028972999907, 40.83229149699995 ], [ -73.939134807999892, 40.832097594999958 ], [ -73.93922536499997, 40.831899659999976 ], [ -73.939271145999868, 40.831761791999938 ], [ -73.939271168999838, 40.831761719999946 ], [ -73.939271193999801, 40.831761656999959 ], [ -73.939333131999831, 40.831626299999911 ], [ -73.939410786999957, 40.831495075999953 ], [ -73.939410833999958, 40.831494994999943 ], [ -73.939503386999846, 40.83136946 ], [ -73.939609600999844, 40.831251118999944 ], [ -73.939609707999963, 40.831251001999917 ], [ -73.939609825999966, 40.831250894999897 ], [ -73.939728314000021, 40.831140897999965 ], [ -73.939804680999913, 40.831070112999946 ], [ -73.939804846999877, 40.831069959999908 ], [ -73.939804989999942, 40.831069789999987 ], [ -73.939870489999862, 40.830991976999961 ], [ -73.939870573999798, 40.830991885999985 ], [ -73.939870632999828, 40.830991795999907 ], [ -73.939923831999877, 40.830908275999938 ], [ -73.939923891999868, 40.83090817699987 ], [ -73.939923950999855, 40.830908059999985 ], [ -73.939963662999844, 40.830820605999925 ], [ -73.939963686999931, 40.830820533999919 ], [ -73.939989399000027, 40.830730965999905 ], [ -73.940079057999966, 40.830463956999942 ], [ -73.940170898999895, 40.830384390999988 ], [ -73.940346432999831, 40.830457841999937 ], [ -73.940370332000015, 40.831331253999949 ], [ -73.94036830799989, 40.831460491999962 ], [ -73.940346887999851, 40.831590404999929 ], [ -73.940305917999936, 40.831718450999887 ], [ -73.940246008000031, 40.831842120999937 ], [ -73.94016848499993, 40.831959055999931 ], [ -73.940075355999952, 40.832067227999907 ], [ -73.939676018999876, 40.832685370999911 ], [ -73.939626086999851, 40.83279875399991 ], [ -73.939626062999864, 40.832798807999922 ], [ -73.939626038999876, 40.832798852999915 ], [ -73.939559950000017, 40.832908696999915 ], [ -73.939559867999932, 40.832908840999963 ], [ -73.939559771999811, 40.832908966999902 ], [ -73.9394782749999, 40.833013327999936 ], [ -73.939478144999811, 40.83301348899996 ], [ -73.939478001999973, 40.833013642999973 ], [ -73.939382224999875, 40.833110836 ], [ -73.939382165999973, 40.833110898999976 ], [ -73.939382094999814, 40.83311096299991 ], [ -73.939273899999975, 40.833199342999968 ], [ -73.939273710999885, 40.83319949600002 ], [ -73.93927348499993, 40.833199648999923 ], [ -73.939154878999901, 40.833277992999953 ], [ -73.938491966999791, 40.833843799999968 ], [ -73.938403606999984, 40.833909462999948 ], [ -73.938320277999949, 40.833978817999963 ], [ -73.938242247999824, 40.83405164199997 ], [ -73.938169765999959, 40.834127701999968 ], [ -73.938103064999908, 40.834206753999929 ], [ -73.938042357999933, 40.83428854499995 ], [ -73.937987839999877, 40.834372813999984 ], [ -73.937939685999979, 40.834459289999899 ], [ -73.937898047999809, 40.834547695999973 ], [ -73.937863061999977, 40.83463775 ], [ -73.937751161999984, 40.834890576 ], [ -73.937382810999893, 40.835690728999964 ], [ -73.937023538999881, 40.836468946999915 ], [ -73.936690787000032, 40.837193248999981 ], [ -73.936383168999924, 40.837850124999918 ], [ -73.936230757999979, 40.838077855999913 ], [ -73.936102005000038, 40.838227168999929 ], [ -73.935959502999879, 40.838369897999939 ], [ -73.935804166999858, 40.83850497699995 ], [ -73.935637112999956, 40.83863142 ], [ -73.935459621999883, 40.838748403999965 ], [ -73.935330732999844, 40.838874795999899 ], [ -73.935330614999884, 40.83887491299992 ], [ -73.93533051899982, 40.83887504 ], [ -73.935217765999866, 40.839015821999965 ], [ -73.935217729999934, 40.839015866999972 ], [ -73.935217694999849, 40.839015920999948 ], [ -73.935124871999975, 40.839169330999979 ], [ -73.935124776999899, 40.839169484999921 ], [ -73.93512471799994, 40.839169636999955 ], [ -73.935055087999842, 40.839333235999931 ], [ -73.93501119299988, 40.83950397199996 ], [ -73.934994636999861, 40.839678054999915 ], [ -73.93499462399987, 40.839678135999947 ], [ -73.934994623999955, 40.839678216999914 ], [ -73.935005743000048, 40.839851801999899 ], [ -73.935005752999871, 40.839851910999947 ], [ -73.935005778, 40.839852009999944 ], [ -73.935043733000029, 40.840021512999989 ], [ -73.935043744000026, 40.840021566999965 ], [ -73.935043768999861, 40.840021620999934 ], [ -73.935106666000038, 40.840183726999967 ], [ -73.935191615999969, 40.840335399999965 ], [ -73.935191699999962, 40.84033554399992 ], [ -73.935191805999978, 40.840335687999954 ], [ -73.935295431999862, 40.840474818 ], [ -73.93543637099998, 40.840751330999886 ], [ -73.935595062999965, 40.84117339999996 ], [ -73.935628183999853, 40.841279099999973 ], [ -73.935628266999956, 40.841279361999966 ], [ -73.93562830199987, 40.841279613999944 ], [ -73.935642424999784, 40.841389129999925 ], [ -73.935642447999967, 40.841389282999977 ], [ -73.935642436999913, 40.84138944599993 ], [ -73.935636661, 40.84150013999998 ], [ -73.935636649999864, 40.841500194999895 ], [ -73.935611110999915, 40.84160880699995 ], [ -73.935611085999881, 40.841608895999912 ], [ -73.935611050999881, 40.84160899499993 ], [ -73.93556697199989, 40.841712527999981 ], [ -73.935140173999969, 40.842311673999909 ], [ -73.934671063999957, 40.842957242999915 ], [ -73.934211985000019, 40.843568902999969 ], [ -73.933715538, 40.844246374999983 ], [ -73.933232484000015, 40.844909921999935 ], [ -73.933150441, 40.845021942999985 ], [ -73.932770203999851, 40.845541105999949 ], [ -73.932325151999962, 40.846153900999944 ], [ -73.93224030199994, 40.846264602999966 ], [ -73.932186633999933, 40.846343067 ], [ -73.93210093699993, 40.846457729999912 ], [ -73.932072580999886, 40.846495678999943 ], [ -73.932040027999889, 40.846533506999918 ], [ -73.93201002999993, 40.846575965999925 ], [ -73.931980043999957, 40.846618414999938 ], [ -73.931915073999946, 40.846710523999917 ], [ -73.931850102999974, 40.846802632999974 ], [ -73.931393553999868, 40.847428230999896 ], [ -73.931161517000021, 40.847740600999934 ], [ -73.930884300999807, 40.848118937999921 ], [ -73.930621078999806, 40.848480976999944 ], [ -73.929707315999948, 40.848122611999919 ], [ -73.928982426999838, 40.849256121999957 ], [ -73.928866753999856, 40.849392312999974 ], [ -73.92873382199987, 40.849520488999921 ], [ -73.928585200000057, 40.849638802 ], [ -73.928422879999871, 40.849745679999963 ], [ -73.928249188999956, 40.849839853999974 ], [ -73.927476805999845, 40.850694369999964 ], [ -73.927079823, 40.851432342999942 ], [ -73.927033156999812, 40.852200774999929 ], [ -73.927695656999816, 40.85248778199994 ], [ -73.927239348999862, 40.85311537199992 ], [ -73.926799378999874, 40.853717144999941 ], [ -73.924691999999851, 40.856641996999954 ], [ -73.924670946999981, 40.856810888999945 ], [ -73.924669779999988, 40.85698261099995 ], [ -73.924689152999889, 40.857155121999966 ], [ -73.924729188999905, 40.857326286999928 ], [ -73.924789520999866, 40.857493996999935 ], [ -73.924869299999912, 40.857656190999919 ], [ -73.924967173999846, 40.857811003999942 ], [ -73.925081436999989, 40.857956787999981 ], [ -73.925189249999931, 40.858027536999977 ], [ -73.925317483999919, 40.858090806999989 ], [ -73.925465479, 40.85814241100001 ], [ -73.925630757999841, 40.85817795199992 ], [ -73.925808728999911, 40.85819342 ], [ -73.925992857999915, 40.858185865999928 ], [ -73.926175268999899, 40.858154095999957 ], [ -73.926347754999952, 40.858098970999968 ], [ -73.926502994999979, 40.858023418999956 ], [ -73.926635539999836, 40.857931923999971 ], [ -73.926742322999857, 40.85782976799991 ], [ -73.926822735999892, 40.857722237999965 ], [ -73.926878111, 40.85761400599997 ], [ -73.926911174999958, 40.857508759999909 ], [ -73.927122220999934, 40.858109610999882 ], [ -73.927099515999842, 40.85827552099996 ], [ -73.927052532999909, 40.858442090999944 ], [ -73.926980786999778, 40.858606241 ], [ -73.926884708999879, 40.858764828999902 ], [ -73.92676563099991, 40.858914783999879 ], [ -73.926625751999893, 40.859053325999923 ], [ -73.926468034999914, 40.859178123999904 ], [ -73.926295947999847, 40.859287413999915 ], [ -73.926113287999854, 40.859380111 ], [ -73.925920324999893, 40.859501408999968 ], [ -73.925738398999954, 40.859637679999928 ], [ -73.925570378999893, 40.859788079999944 ], [ -73.925418984999936, 40.859951330999955 ], [ -73.925286625999874, 40.860125797 ], [ -73.925175355999841, 40.860309478999966 ], [ -73.925086695999823, 40.860500126999973 ], [ -73.925021622000031, 40.860695310999937 ], [ -73.924980503999933, 40.860892518999954 ], [ -73.924963106999869, 40.861089282999984 ], [ -73.924967789999883, 40.861253467999944 ], [ -73.924968640999921, 40.86128327 ], [ -73.924998183999875, 40.861463737999941 ], [ -73.924741533999921, 40.861593637999952 ], [ -73.924677287, 40.861496644999981 ], [ -73.924614305999967, 40.861401560999923 ], [ -73.924117473999942, 40.860655124999909 ], [ -73.92295846599977, 40.858913781 ], [ -73.922954494999885, 40.858850761999918 ] ] ] } },
{ "type": "Feature", "properties": { "locationid": 125 }, "geometry": { "type": "Polygon", "coordinates": [ [ [ -74.002693150999917, 40.728314054999927 ], [ -74.002148914999964, 40.728035366999954 ], [ -74.002211009999968, 40.727961316999924 ], [ -74.002513244999932, 40.727600926999905 ], [ -74.003122063999953, 40.726877127999941 ], [ -74.003730175, 40.72625005899998 ], [ -74.004030678999968, 40.725512495999951 ], [ -74.004274570999868, 40.724912108999973 ], [ -74.004574744, 40.724173129999961 ], [ -74.004785748999964, 40.723624837999928 ], [ -74.00505887099996, 40.72297786399993 ], [ -74.005364359999945, 40.722183952 ], [ -74.005386167999959, 40.722112360999937 ], [ -74.005391866999972, 40.722037366999956 ], [ -74.005380486, 40.721962173999977 ], [ -74.005352499999944, 40.721890134999953 ], [ -74.005309860999901, 40.721824191999914 ], [ -74.005912898999924, 40.722252948999945 ], [ -74.006298416999954, 40.722549503999915 ], [ -74.007629041999976, 40.723497704 ], [ -74.007912059999967, 40.723699766999921 ], [ -74.008078352999959, 40.723826862999907 ], [ -74.008302161999879, 40.723977808999948 ], [ -74.008570908999971, 40.724169355 ], [ -74.008643805999967, 40.724221316999945 ], [ -74.009317603999932, 40.724701551999949 ], [ -74.01004078699998, 40.725206163999914 ], [ -74.010812382999902, 40.725789802999984 ], [ -74.010922772999919, 40.725794150999953 ], [ -74.01102457999994, 40.725793861999968 ], [ -74.011036819999958, 40.725725377 ], [ -74.011176661, 40.725169424999955 ], [ -74.011354282999946, 40.724277182999913 ], [ -74.01143933, 40.724284468999983 ], [ -74.011591225999922, 40.724297603999979 ], [ -74.011964320245497, 40.724329864619925 ], [ -74.011780724086876, 40.725239959041211 ], [ -74.011654151040403, 40.725867374573397 ], [ -74.011653265699422, 40.725871761851387 ], [ -74.011958330748399, 40.72597759972097 ], [ -74.012315884174612, 40.726033843285471 ], [ -74.014115954442659, 40.726215863805542 ], [ -74.01477821548454, 40.72628170647333 ], [ -74.015163241184169, 40.726319711936831 ], [ -74.015204265311311, 40.726361949379687 ], [ -74.015188649819791, 40.726451182505087 ], [ -74.015170840197783, 40.726579390155123 ], [ -74.015143255232971, 40.726710526279355 ], [ -74.01512356549452, 40.726793942564605 ], [ -74.014306715966313, 40.726708121196729 ], [ -74.01341677520719, 40.726621031213476 ], [ -74.012344547660376, 40.72651943048254 ], [ -74.011542018976002, 40.72644734692711 ], [ -74.011383236023661, 40.72822927218359 ], [ -74.011004728999936, 40.728193238999943 ], [ -74.01087083299997, 40.728180494 ], [ -74.010767914999988, 40.728173957999964 ], [ -74.010672649999961, 40.729112665999921 ], [ -74.010544411999874, 40.729100097999947 ], [ -74.009349619999981, 40.728987555999907 ], [ -74.008592720999928, 40.72891527799996 ], [ -74.007090207999894, 40.728772252999974 ], [ -74.005313691999959, 40.72860449399996 ], [ -74.003127674999931, 40.728393800999939 ], [ -74.002817265999923, 40.728363128999973 ], [ -74.002693150999917, 40.728314054999927 ] ] ] } },
{ "type": "Feature", "properties": { "locationid": 127 }, "geometry": { "type": "MultiPolygon", "coordinates": [ [ [ [ -73.911224294064994, 40.87302771883779 ], [ -73.911190732245657, 40.8729846759948 ], [ -73.911184000433877, 40.872988317953855 ], [ -73.911174396557342, 40.872984663422031 ], [ -73.91118017602021, 40.872974456515252 ], [ -73.91116864796129, 40.872972260128599 ], [ -73.911166747373386, 40.872956220865547 ], [ -73.911153324063932, 40.872943080425756 ], [ -73.911103447804365, 40.872884709050929 ], [ -73.911099626640436, 40.872867938745024 ], [ -73.911104453753353, 40.872851175101282 ], [ -73.911084307680667, 40.872826360167451 ], [ -73.911055527338263, 40.872800818394566 ], [ -73.911036359953627, 40.872771636885616 ], [ -73.911039274291483, 40.872748307554239 ], [ -73.911012403521255, 40.872722037680255 ], [ -73.910992279631586, 40.872689938350383 ], [ -73.910980789387736, 40.872660032017869 ], [ -73.910967370288873, 40.872643983864748 ], [ -73.910961640620329, 40.872617001897801 ], [ -73.910944356516694, 40.87260823515625 ], [ -73.910914626938435, 40.87257393921 ], [ -73.91083208878284, 40.872517730008319 ], [ -73.910763016592242, 40.872452058077712 ], [ -73.910696631817871, 40.872363273546881 ], [ -73.910668862504522, 40.872318082527656 ], [ -73.910648772776696, 40.87229624946584 ], [ -73.910644026208757, 40.872262052865025 ], [ -73.910600046929176, 40.872184928629579 ], [ -73.910564693381275, 40.872116535820481 ], [ -73.910540820622714, 40.872058327574962 ], [ -73.910537972123961, 40.872033597817271 ], [ -73.910553330162713, 40.872018337834369 ], [ -73.910544749547, 40.871986327947354 ], [ -73.91051802379026, 40.871906298801406 ], [ -73.910495141925608, 40.871825552448705 ], [ -73.910484681583611, 40.871761537525842 ], [ -73.910479201006069, 40.871729725536341 ], [ -73.910473276778987, 40.871695343065994 ], [ -73.910461854025954, 40.871641511276941 ], [ -73.910455228709992, 40.871575320019652 ], [ -73.910450537669945, 40.871499675940015 ], [ -73.910445772576224, 40.871488037442106 ], [ -73.910429492672861, 40.871482927922827 ], [ -73.910432390044434, 40.871463299503787 ], [ -73.910447718658389, 40.871461123383909 ], [ -73.91045350986802, 40.871433492630842 ], [ -73.910455459850027, 40.871403679088878 ], [ -73.910450684587971, 40.871390582631307 ], [ -73.910438247278691, 40.871377478551828 ], [ -73.910452644669761, 40.871362938015935 ], [ -73.910469905231878, 40.8713534969189 ], [ -73.910478562769143, 40.87132877558038 ], [ -73.910499658267, 40.871317158315911 ], [ -73.910517862332512, 40.871312083757722 ], [ -73.910527470177783, 40.87129536119798 ], [ -73.910550476467805, 40.871283014168299 ], [ -73.910566808580356, 40.871258300446669 ], [ -73.910558208716395, 40.871240832534326 ], [ -73.910565887821775, 40.871228475295865 ], [ -73.910587042614608, 40.871173219014942 ], [ -73.910598549495802, 40.871164493788569 ], [ -73.910611038400859, 40.87113904634792 ], [ -73.910628312914881, 40.871120149909814 ], [ -73.910660966303567, 40.87106126526178 ], [ -73.910662902166862, 40.871051081702717 ], [ -73.910672492681996, 40.871038004750396 ], [ -73.910693580253223, 40.871032195630598 ], [ -73.910706058691531, 40.871015482982905 ], [ -73.910715674894078, 40.87099148305046 ], [ -73.910729124395857, 40.870967495631561 ], [ -73.910736818750891, 40.870944224275291 ], [ -73.910727268615048, 40.870918039087314 ], [ -73.91071292770269, 40.870899838354312 ], [ -73.910690929136365, 40.870868547148412 ], [ -73.910691924413968, 40.870843090969188 ], [ -73.910703443909711, 40.870824919459615 ], [ -73.910704432115921, 40.870804560661952 ], [ -73.910728402543342, 40.870789297265304 ], [ -73.91073130565934, 40.870765301518425 ], [ -73.910738995106797, 40.870745668085092 ], [ -73.910749595132842, 40.870705676166928 ], [ -73.910757312209441, 40.870664953628292 ], [ -73.910737221975594, 40.870643847959087 ], [ -73.910761236914794, 40.870595861667482 ], [ -73.910764122231129, 40.870584949948011 ], [ -73.91076797207829, 40.870571139989998 ], [ -73.91076321449745, 40.87055440462413 ], [ -73.910771854800998, 40.870533322179739 ], [ -73.910774780770055, 40.87050132069529 ], [ -73.910759502163813, 40.870456212546998 ], [ -73.910766231123247, 40.870445313013292 ], [ -73.910782550413614, 40.870422047818515 ], [ -73.910769154717471, 40.870406035335847 ], [ -73.910773057922839, 40.870352945480057 ], [ -73.910777895944307, 40.870318766837329 ], [ -73.910774117354165, 40.87027948514929 ], [ -73.910757852977966, 40.870262021205882 ], [ -73.910778975104364, 40.870230762850511 ], [ -73.910781882091598, 40.870203850026051 ], [ -73.910788639328374, 40.870171851669092 ], [ -73.910789617318741, 40.870150033735648 ], [ -73.91081268992717, 40.870096959196729 ], [ -73.910809866429744, 40.870052589569781 ], [ -73.910809898617913, 40.870028591598768 ], [ -73.910817588612375, 40.870017684092893 ], [ -73.910812825523564, 40.869995861721478 ], [ -73.910820536541024, 40.869960224997769 ], [ -73.910823437642406, 40.869937679657149 ], [ -73.910816740028039, 40.869933315869098 ], [ -73.91083402520907, 40.869905693469718 ], [ -73.9108407482736, 40.869890416719173 ], [ -73.910840770694506, 40.869873694931336 ], [ -73.910857084594809, 40.869853338587951 ], [ -73.91085711578782, 40.869830070177791 ], [ -73.910848501178322, 40.869823516893483 ], [ -73.910847553761883, 40.869813331101497 ], [ -73.910860994213863, 40.869795881405807 ], [ -73.910866781512439, 40.869770438135646 ], [ -73.910883114648939, 40.869735538801116 ], [ -73.910868743283615, 40.869731160880697 ], [ -73.91087931262922, 40.869713717173575 ], [ -73.91088893770015, 40.869683900161263 ], [ -73.910889919769033, 40.869659173527268 ], [ -73.910859283317421, 40.869647515563614 ], [ -73.910882279992208, 40.869641706877978 ], [ -73.910902422902865, 40.869622812609293 ], [ -73.9109149158664, 40.869595185826022 ], [ -73.91092931612711, 40.869578466425011 ], [ -73.910920706720063, 40.869567554537689 ], [ -73.910921694412309, 40.869547186351902 ], [ -73.910930331392208, 40.869537017339681 ], [ -73.910923636337657, 40.869523189350282 ], [ -73.910945724088805, 40.869488294949996 ], [ -73.910951526258543, 40.869451208170226 ], [ -73.910929507066214, 40.869435919113414 ], [ -73.910960193097893, 40.869410486341955 ], [ -73.910990864515327, 40.869404691764728 ], [ -73.91101288698583, 40.869418523362832 ], [ -73.911043536008791, 40.869420725127604 ], [ -73.91106176168185, 40.869407655800849 ], [ -73.91113645047578, 40.869440437276396 ], [ -73.911192952735007, 40.869457211292023 ], [ -73.911259983645763, 40.869485628181266 ], [ -73.911307865905087, 40.869508213248174 ], [ -73.911350006675733, 40.869522059740348 ], [ -73.911385452027261, 40.869520637221768 ], [ -73.911442974878995, 40.869492316562258 ], [ -73.911466949848375, 40.86947415352531 ], [ -73.911477524148026, 40.869452342443068 ], [ -73.911474708499028, 40.869410882204697 ], [ -73.911466131958591, 40.869375233608238 ], [ -73.91142686201691, 40.869362110045465 ], [ -73.911419211688539, 40.869352649847379 ], [ -73.91140292777331, 40.869349728477346 ], [ -73.911396235612344, 40.869342447147012 ], [ -73.911360789706777, 40.869334423551273 ], [ -73.911357949148723, 40.869311873114199 ], [ -73.911125258926717, 40.869213505408055 ], [ -73.911119553115967, 40.869178588557801 ], [ -73.911099434358476, 40.869178573059749 ], [ -73.911064005137447, 40.86916691145678 ], [ -73.911033357407646, 40.869155253026982 ], [ -73.911057364882424, 40.869111625435792 ], [ -73.911077529017319, 40.869078187477434 ], [ -73.911081382614071, 40.869061459425708 ], [ -73.911077575702336, 40.869043276062136 ], [ -73.911094837825061, 40.869031655730801 ], [ -73.911093894841031, 40.869019290133878 ], [ -73.911120435641521, 40.869006199729526 ], [ -73.911135153316323, 40.868972775657873 ], [ -73.911121777344263, 40.868952397578447 ], [ -73.911140591770547, 40.86893395120449 ], [ -73.911130135452538, 40.86892030091888 ], [ -73.911143644435967, 40.868895303827983 ], [ -73.911149654520329, 40.868880531589468 ], [ -73.911166123077251, 40.868877131490777 ], [ -73.91120057610415, 40.868864659790084 ], [ -73.911251492899865, 40.868861286183524 ], [ -73.911282946622563, 40.868847676345716 ], [ -73.911303937277552, 40.868824955426447 ], [ -73.911328177588203, 40.868802439535806 ], [ -73.911334831345755, 40.868785349096562 ], [ -73.911337420997214, 40.868774273964746 ], [ -73.911329707486402, 40.868758636468897 ], [ -73.911334026443242, 40.868740396368025 ], [ -73.911325479081682, 40.868718236896676 ], [ -73.911331498918031, 40.868705211250401 ], [ -73.911325535544165, 40.86867589550765 ], [ -73.911335001602751, 40.868657659361681 ], [ -73.911350460776418, 40.868646595289867 ], [ -73.91134705123666, 40.868623792457988 ], [ -73.911359091502192, 40.868606215312759 ], [ -73.911364270553008, 40.868583409194478 ], [ -73.911390049729093, 40.868563240128758 ], [ -73.911409854904505, 40.868513089405972 ], [ -73.911419326804477, 40.868491593092337 ], [ -73.911441659070377, 40.868476625302641 ], [ -73.91148208144206, 40.86840825517568 ], [ -73.911492421386313, 40.868375035257863 ], [ -73.911492448257434, 40.868354846413176 ], [ -73.911505387551273, 40.868303385066561 ], [ -73.911514858710035, 40.868281239257144 ], [ -73.91152432337303, 40.868264966127839 ], [ -73.911535474847767, 40.868264316982355 ], [ -73.911540659412864, 40.868245428719327 ], [ -73.91158019244979, 40.868203767069318 ], [ -73.91160166210436, 40.868186197122419 ], [ -73.911624855621739, 40.868174480740123 ], [ -73.911653198174122, 40.868154305368805 ], [ -73.911667813540461, 40.868135424822285 ], [ -73.911711630379969, 40.868100285060592 ], [ -73.911728331687655, 40.868074488910331 ], [ -73.911731920642893, 40.868060623767008 ], [ -73.911730061897771, 40.868040163934367 ], [ -73.911733834819103, 40.86803017993708 ], [ -73.911725697595585, 40.86803017371237 ], [ -73.911725710851343, 40.868020188011627 ], [ -73.911725103806091, 40.868003537101558 ], [ -73.911736401425443, 40.867991172662684 ], [ -73.911735162311174, 40.867977385074695 ], [ -73.911755225019405, 40.867965983056969 ], [ -73.911752762705603, 40.867935057768399 ], [ -73.911769077638411, 40.867913187887602 ], [ -73.911780382823238, 40.867895601925618 ], [ -73.911796680408571, 40.867895614384445 ], [ -73.91180859603989, 40.867882304575829 ], [ -73.911794202624492, 40.867868021117232 ], [ -73.91179676558265, 40.867831400035172 ], [ -73.911805560346181, 40.867810479113864 ], [ -73.911823760491416, 40.867789088776384 ], [ -73.911845710920247, 40.867776255863376 ], [ -73.911871010894743, 40.867759489718892 ], [ -73.911889602270534, 40.867747753350329 ], [ -73.911892252609519, 40.867725917410155 ], [ -73.911911598658676, 40.86770020567252 ], [ -73.911847746468155, 40.867672520472524 ], [ -73.91199296785679, 40.867505834525559 ], [ -73.912097552671796, 40.867373191121168 ], [ -73.912229629534693, 40.867215462194096 ], [ -73.912452152989147, 40.866940558770608 ], [ -73.912617546760103, 40.866739559841832 ], [ -73.912731739195138, 40.866605212711335 ], [ -73.912552193527048, 40.866528624292243 ], [ -73.912547751302867, 40.866514943004397 ], [ -73.912828596936492, 40.866157111357218 ], [ -73.913120151007362, 40.865781242322562 ], [ -73.913519977081592, 40.865267471169602 ], [ -73.913844850567102, 40.864848338592182 ], [ -73.913918631332294, 40.864745584403586 ], [ -73.913935269520081, 40.864739284545102 ], [ -73.914038668330136, 40.864710500577196 ], [ -73.914168216929014, 40.864666401912856 ], [ -73.914252578195928, 40.864645725109575 ], [ -73.914312007125019, 40.86462502269584 ], [ -73.914389226967486, 40.864624179746457 ], [ -73.914923879278575, 40.864580378919172 ], [ -73.914928637191792, 40.864569566633747 ], [ -73.914540376260149, 40.864412351623407 ], [ -73.914473976062354, 40.86431128599493 ], [ -73.914411133926166, 40.864173627375585 ], [ -73.915044075995496, 40.864436721607753 ], [ -73.915074049413207, 40.864446504908649 ], [ -73.915085838542637, 40.864448143919979 ], [ -73.915168333716252, 40.864439254176375 ], [ -73.915255119287693, 40.864433626519279 ], [ -73.915431897182742, 40.864418303553769 ], [ -73.915428697311299, 40.864407729160725 ], [ -73.91543408398833, 40.864387400997849 ], [ -73.915458723973629, 40.864384168770755 ], [ -73.915453427264652, 40.864333737086405 ], [ -73.91563236347605, 40.864309473179475 ], [ -73.915638743004777, 40.864348514579326 ], [ -73.915664443921102, 40.864350153818094 ], [ -73.915711591056095, 40.864342867174187 ], [ -73.915758729050879, 40.864342091289615 ], [ -73.915816585666022, 40.864334812253695 ], [ -73.915860520630446, 40.864325902084261 ], [ -73.915899116457851, 40.864308038085106 ], [ -73.915922708196945, 40.86428040140224 ], [ -73.915935614390662, 40.864242184212031 ], [ -73.915931380498094, 40.864203965087 ], [ -73.915926058102272, 40.864173055876734 ], [ -73.915898242308401, 40.864146193043446 ], [ -73.915871480656463, 40.864129091035636 ], [ -73.915854349064873, 40.864122576971738 ], [ -73.915846867904449, 40.864110369635256 ], [ -73.915790097377254, 40.864103008127216 ], [ -73.915741899924285, 40.864096470197111 ], [ -73.915725960255671, 40.864095625296315 ], [ -73.915667282841596, 40.864086648919972 ], [ -73.915615690799029, 40.864075356830668 ], [ -73.915583776908107, 40.864070651048117 ], [ -73.9155387298444, 40.864066818623229 ], [ -73.915493408279019, 40.864066193949924 ], [ -73.915439826303796, 40.864078357077616 ], [ -73.915405542117568, 40.864081582733014 ], [ -73.915384440807642, 40.864080301958523 ], [ -73.915374542163505, 40.864079701332116 ], [ -73.915359819683943, 40.864077290228437 ], [ -73.915345791033644, 40.864073129614873 ], [ -73.915332814415819, 40.864067325727397 ], [ -73.915321221171325, 40.864060026760704 ], [ -73.915311307317907, 40.864051419084511 ], [ -73.91530571233524, 40.864042939557486 ], [ -73.915298282805125, 40.864035315192538 ], [ -73.915289239360987, 40.86402877240851 ], [ -73.915278850563837, 40.864023505504392 ], [ -73.91526742492745, 40.864019670889981 ], [ -73.915240671773844, 40.863996068174764 ], [ -73.915215846982491, 40.863975952691128 ], [ -73.91519574800094, 40.863945224735858 ], [ -73.915188031062243, 40.863897744018836 ], [ -73.915185059542196, 40.863879461042252 ], [ -73.915181929947551, 40.863860204137524 ], [ -73.915181194869888, 40.863843115066778 ], [ -73.915178800180442, 40.863787451908351 ], [ -73.91517693846923, 40.863744186521863 ], [ -73.915176565571244, 40.863735519439167 ], [ -73.915175397790563, 40.863708386201274 ], [ -73.915175564297073, 40.863680433750915 ], [ -73.915200710796, 40.863652186226112 ], [ -73.915218185727795, 40.863641081395777 ], [ -73.915254439196858, 40.863618043780257 ], [ -73.915296763934066, 40.863598644019255 ], [ -73.915308102462177, 40.863590473696021 ], [ -73.915344558138955, 40.863564205684504 ], [ -73.915361900151282, 40.863547232567171 ], [ -73.915374042882277, 40.863528730671092 ], [ -73.91541657363635, 40.863447906317603 ], [ -73.915427025481918, 40.863429170989036 ], [ -73.91546863429258, 40.863362497623129 ], [ -73.915476824442379, 40.863346107296735 ], [ -73.915485164640401, 40.863300718323195 ], [ -73.915473068543079, 40.863280330608646 ], [ -73.915459874782243, 40.863257073924906 ], [ -73.915450615366979, 40.863232984517275 ], [ -73.9154549655414, 40.863208457292416 ], [ -73.915422957008857, 40.863194180630813 ], [ -73.915410833356589, 40.863195486464981 ], [ -73.915345066893565, 40.863164542777419 ], [ -73.915410961274404, 40.863094919069844 ], [ -73.915386730511486, 40.863084384200768 ], [ -73.91544970533424, 40.863006510494827 ], [ -73.915499659396431, 40.862938127791011 ], [ -73.915520153282316, 40.862910074965562 ], [ -73.915565780449271, 40.86293107187452 ], [ -73.915575952667353, 40.862916104256641 ], [ -73.915562996949362, 40.862909251121053 ], [ -73.915579915200468, 40.862895998348073 ], [ -73.915588923724627, 40.862901139188203 ], [ -73.915599645057853, 40.862892159246975 ], [ -73.915594015428567, 40.862889156799618 ], [ -73.915603610167366, 40.862879753373107 ], [ -73.915618272523986, 40.862878908221234 ], [ -73.91567199779999, 40.862902427878055 ], [ -73.915682049060337, 40.862893905782897 ], [ -73.915693233619479, 40.862879818893539 ], [ -73.915719074579286, 40.862852864033002 ], [ -73.915780147967212, 40.862789157360147 ], [ -73.915818689298092, 40.862751251544623 ], [ -73.915838838491737, 40.862731434183353 ], [ -73.915857688420658, 40.862714940200178 ], [ -73.915864505725281, 40.862708975484132 ], [ -73.915869623399232, 40.862704495961403 ], [ -73.91593363168721, 40.862648487694287 ], [ -73.915951854695649, 40.862631455824669 ], [ -73.915952600302063, 40.862630756958602 ], [ -73.916105179277494, 40.862488144808758 ], [ -73.91616935439103, 40.862441260343886 ], [ -73.916204849468897, 40.862421286040515 ], [ -73.916225221412645, 40.862405417795841 ], [ -73.916276350127418, 40.862365591432216 ], [ -73.916391750032133, 40.862275702276285 ], [ -73.916400191830434, 40.862269126575711 ], [ -73.916426054822551, 40.862248980549197 ], [ -73.916491966794467, 40.862197638699996 ], [ -73.916525120438251, 40.862180503963067 ], [ -73.916534385226385, 40.862175715649975 ], [ -73.916568927460972, 40.862157863900734 ], [ -73.916596390292838, 40.862146379604965 ], [ -73.916601917785982, 40.862141955293055 ], [ -73.916617204585663, 40.862129720063166 ], [ -73.916638230249816, 40.862112890466811 ], [ -73.916646963348413, 40.862105900506137 ], [ -73.916661739790158, 40.862093634747382 ], [ -73.916724837141473, 40.862041257615545 ], [ -73.916732067852323, 40.862034730435731 ], [ -73.916746890452842, 40.862021348659972 ], [ -73.916754314454124, 40.862014645383709 ], [ -73.916761534113718, 40.86200812807796 ], [ -73.916781130042338, 40.861990437862374 ], [ -73.916785849483361, 40.861986175958826 ], [ -73.916795348224824, 40.861977601267228 ], [ -73.916851007806613, 40.86196360881371 ], [ -73.916878893674678, 40.861953580029045 ], [ -73.916920398658746, 40.861931727543222 ], [ -73.916958155037406, 40.861933255563542 ], [ -73.916984373538895, 40.861925040834464 ], [ -73.917009670758773, 40.861912786955585 ], [ -73.917015461634549, 40.861909981589598 ], [ -73.917051298018535, 40.861892622976534 ], [ -73.917069094195739, 40.861878268982011 ], [ -73.917091359619647, 40.86186030823945 ], [ -73.917152787594574, 40.861810761148917 ], [ -73.917230569199162, 40.861736543731247 ], [ -73.917270343926219, 40.861694699672171 ], [ -73.917294677416763, 40.8616794182307 ], [ -73.917342779173623, 40.861617328070494 ], [ -73.917378419202308, 40.861570977988194 ], [ -73.917408107089514, 40.861532737619243 ], [ -73.917409944693375, 40.861486372706246 ], [ -73.917460198209568, 40.861429469883085 ], [ -73.917480613937158, 40.861398634589428 ], [ -73.91750401182631, 40.86136332486965 ], [ -73.917515604425432, 40.861349924267046 ], [ -73.917532927289102, 40.861335736044353 ], [ -73.917547496180788, 40.861323131290533 ], [ -73.917564133421877, 40.861306835801606 ], [ -73.917571766005437, 40.861292116971697 ], [ -73.917592565643233, 40.861276364714428 ], [ -73.91761405307706, 40.861261125565477 ], [ -73.917656363317505, 40.861221191772451 ], [ -73.917688256244404, 40.861192821694047 ], [ -73.917729176548193, 40.861144999220258 ], [ -73.917785341439924, 40.86109350426301 ], [ -73.917808234422694, 40.861063552851995 ], [ -73.917827023801436, 40.861042782805235 ], [ -73.917822219455644, 40.86102443659891 ], [ -73.917835537649978, 40.860996935927396 ], [ -73.917824681390613, 40.860980422135412 ], [ -73.917821364203164, 40.860948901791176 ], [ -73.917841037800059, 40.860931446315455 ], [ -73.917861157467939, 40.860900655804862 ], [ -73.917865363689117, 40.860884467849637 ], [ -73.917877070549565, 40.860883836076702 ], [ -73.917882113322833, 40.860873673855586 ], [ -73.917904724544314, 40.860849872000529 ], [ -73.917902116735277, 40.860839613202046 ], [ -73.917921905838639, 40.860825426172191 ], [ -73.917922346463129, 40.860813999225435 ], [ -73.917883873876065, 40.860802221270653 ], [ -73.917928285663265, 40.86074989768187 ], [ -73.91795061771704, 40.860731984729398 ], [ -73.918052210565946, 40.860621098438969 ], [ -73.918262649683342, 40.860404824311217 ], [ -73.918434392517796, 40.860221533395347 ], [ -73.918360745279784, 40.860195809044114 ], [ -73.918376480273295, 40.860170138029858 ], [ -73.918387387200582, 40.860135297397903 ], [ -73.918399035431818, 40.860096197508426 ], [ -73.918393112176403, 40.860080469421945 ], [ -73.918410717147736, 40.860048677421489 ], [ -73.918428283843824, 40.860056892617038 ], [ -73.91843100240942, 40.860045612185111 ], [ -73.918435081115561, 40.860017915606306 ], [ -73.918451337776148, 40.859991245841321 ], [ -73.918467550968785, 40.859992283211966 ], [ -73.918491902904321, 40.859970760616797 ], [ -73.918500029648811, 40.859950244762651 ], [ -73.918528450776861, 40.859918459210625 ], [ -73.918559539552589, 40.859907198302551 ], [ -73.918587938256096, 40.859893873611959 ], [ -73.918610949284783, 40.85986311030166 ], [ -73.918604223590336, 40.859835407601551 ], [ -73.918609660589752, 40.859811808084267 ], [ -73.918620514321816, 40.859782064284815 ], [ -73.918642152414549, 40.85976771710839 ], [ -73.918666502849973, 40.859739008230555 ], [ -73.918678660574685, 40.85974824666031 ], [ -73.918694889945996, 40.859734921573754 ], [ -73.918693545548578, 40.859728770345967 ], [ -73.918703025563559, 40.859716458205376 ], [ -73.918686814163308, 40.859705163924147 ], [ -73.918738393930866, 40.859648307531529 ], [ -73.918720799323211, 40.85964222493358 ], [ -73.918801400466904, 40.85955809573268 ], [ -73.91877796600042, 40.859546751316536 ], [ -73.918885779649599, 40.859439163497242 ], [ -73.918903382016623, 40.859418041641767 ], [ -73.919003505763669, 40.859313465901046 ], [ -73.919136111319034, 40.859172992340035 ], [ -73.919232179913706, 40.859076617503263 ], [ -73.919337720853591, 40.858963833604342 ], [ -73.919401311577147, 40.858899249081404 ], [ -73.919438535414486, 40.858855421344025 ], [ -73.91948096295053, 40.858813937358455 ], [ -73.919502136609324, 40.858791133790525 ], [ -73.919523791467071, 40.85878347750473 ], [ -73.919546422812232, 40.858791579133388 ], [ -73.9195470792652, 40.858798666997565 ], [ -73.91981340987077, 40.858912646598831 ], [ -73.92009437526832, 40.859028159007856 ], [ -73.920290134248845, 40.859106177484719 ], [ -73.920280800785179, 40.859115275254439 ], [ -73.920360700299867, 40.8591487114507 ], [ -73.920411986490322, 40.859147738015302 ], [ -73.920434671505802, 40.859120946591723 ], [ -73.920444665887743, 40.859124492077171 ], [ -73.920461343074692, 40.859103261125227 ], [ -73.920325517947163, 40.859043492109905 ], [ -73.920269589237364, 40.859018671592075 ], [ -73.920242284281485, 40.859011061403478 ], [ -73.920208334390935, 40.858995864678455 ], [ -73.920198346333549, 40.858987258634528 ], [ -73.920096479935481, 40.85894521618598 ], [ -73.920069172934305, 40.858938614947547 ], [ -73.919956656589207, 40.858886443576495 ], [ -73.919935349754724, 40.858880863670052 ], [ -73.919908715894991, 40.858867193546807 ], [ -73.919846796892116, 40.858843882069564 ], [ -73.919772234094964, 40.858801858298598 ], [ -73.919774246108673, 40.858794772291184 ], [ -73.919841491271271, 40.858827191727073 ], [ -73.91991539174748, 40.858858598542227 ], [ -73.919962003751408, 40.858878360268449 ], [ -73.920073172336203, 40.858926343959602 ], [ -73.920478682731684, 40.859104092098882 ], [ -73.920430894987433, 40.859155000793045 ], [ -73.920440554349625, 40.859161012827592 ], [ -73.920433507429067, 40.859172355154996 ], [ -73.92050906689407, 40.859205103755158 ], [ -73.920508180377269, 40.859212450713862 ], [ -73.920619767695626, 40.85925924508328 ], [ -73.920653162097707, 40.859263265996475 ], [ -73.920670706800266, 40.859289977915239 ], [ -73.920697922574632, 40.859324035337082 ], [ -73.920693488905485, 40.859351398048346 ], [ -73.92074793277061, 40.859398152496844 ], [ -73.920815471212663, 40.859522999324263 ], [ -73.920824810398699, 40.859537623978404 ], [ -73.920966389882864, 40.859759363327676 ], [ -73.92107166676891, 40.859936300551212 ], [ -73.921202452010149, 40.860098568838794 ], [ -73.921270912963081, 40.860188042816731 ], [ -73.921321870734445, 40.860214110516864 ], [ -73.921340322129751, 40.860216789899745 ], [ -73.921345605713327, 40.860212785676445 ], [ -73.921364061838133, 40.860211465442184 ], [ -73.921393976268575, 40.860190801735463 ], [ -73.921430917298792, 40.860174806652481 ], [ -73.921459063749836, 40.860162813899088 ], [ -73.921516235222811, 40.860130812815967 ], [ -73.921516243884, 40.860123473462295 ], [ -73.921542650424314, 40.860098800677861 ], [ -73.921556717409828, 40.860099476650049 ], [ -73.921590148482238, 40.86007280002692 ], [ -73.921633354626834, 40.859964040976635 ], [ -73.921660684495947, 40.859890650861367 ], [ -73.921687999508919, 40.859839945215725 ], [ -73.921706543275661, 40.859765208603292 ], [ -73.921718039270644, 40.859711825914069 ], [ -73.921701360233158, 40.859693795630605 ], [ -73.921710175142948, 40.859672442400786 ], [ -73.921736540902771, 40.859672460288536 ], [ -73.921738326224784, 40.859647103173423 ], [ -73.921722520110166, 40.859633737834059 ], [ -73.921704067314749, 40.859631060186295 ], [ -73.921686484501848, 40.859635721983501 ], [ -73.92169705737561, 40.85961169543944 ], [ -73.921681238469532, 40.859609019072799 ], [ -73.921664557897941, 40.859592321597333 ], [ -73.921670727794776, 40.859580979772957 ], [ -73.921668970173556, 40.859572306404608 ], [ -73.92164788416521, 40.859570949890795 ], [ -73.921648784824143, 40.859550933989148 ], [ -73.921690099203161, 40.859547620619828 ], [ -73.921730521813146, 40.859555662025258 ], [ -73.921719964433748, 40.859567667283621 ], [ -73.921754251405972, 40.859569023356215 ], [ -73.92174017250268, 40.859579694083457 ], [ -73.921758628543103, 40.859579039690786 ], [ -73.921769208142464, 40.859559019797445 ], [ -73.921803484983897, 40.859559043033748 ], [ -73.921803498323627, 40.859547697532093 ], [ -73.921816693414684, 40.859542365833647 ], [ -73.921815794261761, 40.859560393069295 ], [ -73.921833378049087, 40.859555065348147 ], [ -73.921836028527849, 40.859540380214554 ], [ -73.921839572916895, 40.859521697241938 ], [ -73.921826400016116, 40.859508343081636 ], [ -73.921800927099909, 40.859494971705054 ], [ -73.921784213729026, 40.859496968979549 ], [ -73.921784234136666, 40.859479616434314 ], [ -73.921789515428529, 40.859475612188618 ], [ -73.921791281112533, 40.859466933001642 ], [ -73.921783379167351, 40.85946025586469 ], [ -73.921778139993563, 40.859436892705432 ], [ -73.921755315232645, 40.859410853164121 ], [ -73.921744759096157, 40.85941151174206 ], [ -73.921728078556569, 40.859394815447864 ], [ -73.921738627027679, 40.859391481185099 ], [ -73.921742165151869, 40.859378138851568 ], [ -73.92178084462995, 40.859376165858521 ], [ -73.921801058148304, 40.859383517748356 ], [ -73.921814221232353, 40.859394873855571 ], [ -73.921845891251991, 40.859382881718936 ], [ -73.921827438575107, 40.859371523204089 ], [ -73.921793183140863, 40.859352814615072 ], [ -73.921806387584098, 40.85932879922494 ], [ -73.921836283446794, 40.859323479344162 ], [ -73.921841589007684, 40.859300125005696 ], [ -73.921856544005863, 40.859290787171325 ], [ -73.921855689800893, 40.859270760194775 ], [ -73.921863636175885, 40.859240734187871 ], [ -73.921871594647712, 40.859200029084555 ], [ -73.921866337836519, 40.85918134014981 ], [ -73.921848783264736, 40.859162642885458 ], [ -73.921810131375864, 40.859141256311396 ], [ -73.921828600529707, 40.859128590499857 ], [ -73.921818073265342, 40.859115238130052 ], [ -73.921795231340781, 40.859103875462409 ], [ -73.921753920598618, 40.859093834254111 ], [ -73.921713485695207, 40.859096472454439 ], [ -73.921700312119611, 40.859083784685623 ], [ -73.921683623463963, 40.859074434775344 ], [ -73.921671333046461, 40.859067078862523 ], [ -73.921656377976277, 40.859075749092874 ], [ -73.92164144199684, 40.859068400259204 ], [ -73.921622991023284, 40.859055700018402 ], [ -73.921576403582449, 40.859055001953642 ], [ -73.921563234767575, 40.859038306848682 ], [ -73.92153688128289, 40.859028284441173 ], [ -73.921516678050722, 40.859011584044225 ], [ -73.921496475459648, 40.859005564926328 ], [ -73.921482418168765, 40.858996873803385 ], [ -73.921456938418956, 40.858980171480113 ], [ -73.921436746875642, 40.858964812603126 ], [ -73.921414784383629, 40.858952109434924 ], [ -73.921406888312362, 40.858939425226907 ], [ -73.921395454515277, 40.858940083845035 ], [ -73.921384918848432, 40.85893207207085 ], [ -73.921362079298305, 40.858919377006146 ], [ -73.921340986789772, 40.858912689841759 ], [ -73.921322538918332, 40.858907337627102 ], [ -73.921306726743936, 40.858899312865837 ], [ -73.921296194372673, 40.858879953898132 ], [ -73.921313787825326, 40.858875291664496 ], [ -73.921345420162083, 40.858885328108677 ], [ -73.92137001739772, 40.858896690386878 ], [ -73.921388471581466, 40.85889670296222 ], [ -73.921370038701113, 40.858878671432926 ], [ -73.921333131534553, 40.858866633349294 ], [ -73.921309401786615, 40.858863943160983 ], [ -73.92127775129002, 40.858869261708399 ], [ -73.921255801367906, 40.858846553527052 ], [ -73.921239139265396, 40.858814512042827 ], [ -73.92123916377011, 40.858793819754794 ], [ -73.921249719271287, 40.858784488376195 ], [ -73.921255022409554, 40.858763131608043 ], [ -73.921263841548466, 40.858737104680387 ], [ -73.921256834756704, 40.858715082986954 ], [ -73.921239282322134, 40.858693711790842 ], [ -73.921210277610285, 40.858689017753214 ], [ -73.921188327327272, 40.858666311233307 ], [ -73.921172530023583, 40.858645615841844 ], [ -73.92113298285777, 40.858638906647428 ], [ -73.92110400043417, 40.85861619463401 ], [ -73.921109300432889, 40.858597512881182 ], [ -73.921120732322819, 40.8585881827834 ], [ -73.921103174292483, 40.85857215153365 ], [ -73.921089114283191, 40.858566801779105 ], [ -73.921085616933198, 40.858556119779202 ], [ -73.921071552431016, 40.858553444528212 ], [ -73.921102367690793, 40.858512753934292 ], [ -73.921113836430365, 40.858472717183048 ], [ -73.921121779442117, 40.858445356850808 ], [ -73.921091896551957, 40.858441329092756 ], [ -73.921082240177824, 40.858432651483866 ], [ -73.921068192304588, 40.85841728803171 ], [ -73.921065583552021, 40.858397268556821 ], [ -73.921058576339988, 40.858374571228332 ], [ -73.921073554994649, 40.858345216322419 ], [ -73.921078851247529, 40.858329866102849 ], [ -73.921058644468289, 40.858317173447602 ], [ -73.921078872628243, 40.858311848319765 ], [ -73.921087676465447, 40.858299841248048 ], [ -73.921063950883905, 40.858293819141331 ], [ -73.920997128828859, 40.858303777223554 ], [ -73.920987480155375, 40.85828975896986 ], [ -73.920941657355712, 40.858284414914046 ], [ -73.92092950082889, 40.858255014122946 ], [ -73.920914598577937, 40.858218966637764 ], [ -73.920938690169407, 40.858120674461553 ], [ -73.920812051745187, 40.858082255605602 ], [ -73.920664149589953, 40.858036084760116 ], [ -73.920660009385102, 40.858027248913224 ], [ -73.920624274948821, 40.858016814772327 ], [ -73.920609316608761, 40.858018696153088 ], [ -73.920484385475206, 40.858232548062489 ], [ -73.920351428754429, 40.85819522061918 ], [ -73.920364772497535, 40.858164937099183 ], [ -73.920472783087817, 40.858195304332575 ], [ -73.920482785430195, 40.858171961497845 ], [ -73.920425470444528, 40.858147311304478 ], [ -73.920431294055092, 40.858137220870944 ], [ -73.920493598057988, 40.858165341058729 ], [ -73.920507763713857, 40.858142001090528 ], [ -73.920507772012343, 40.858135058094149 ], [ -73.920473697195689, 40.858125570886806 ], [ -73.920478705235382, 40.858112949281981 ], [ -73.920518587708131, 40.858126232545843 ], [ -73.920556906660266, 40.858058100919941 ], [ -73.920524489829305, 40.858049874644088 ], [ -73.920531155611343, 40.858039785288007 ], [ -73.920559407394052, 40.858049267966663 ], [ -73.920582723201534, 40.858011419234444 ], [ -73.920543667821548, 40.858000666666101 ], [ -73.920566161828816, 40.857964393262485 ], [ -73.920531259292289, 40.857953013829004 ], [ -73.920536261493282, 40.857945443546811 ], [ -73.920567833822616, 40.857955559738372 ], [ -73.920598655295677, 40.85789878704378 ], [ -73.92058121435349, 40.857883629259504 ], [ -73.920569573614685, 40.857888664366698 ], [ -73.920564587474516, 40.857882978879161 ], [ -73.920582887106207, 40.857874156801749 ], [ -73.920611953681828, 40.857895636538494 ], [ -73.920611943138269, 40.857904469531377 ], [ -73.920773151525324, 40.85794118585796 ], [ -73.920775688132551, 40.857903321139922 ], [ -73.920724177034032, 40.857884988528923 ], [ -73.920750842443127, 40.857831995110502 ], [ -73.920758351106514, 40.857810540535255 ], [ -73.920714310240541, 40.857794734275522 ], [ -73.920718486639132, 40.857783381747183 ], [ -73.920706015991541, 40.857778321847299 ], [ -73.920680205653213, 40.857819951064158 ], [ -73.92067272424282, 40.857817424695014 ], [ -73.920695207683238, 40.857780835141376 ], [ -73.920631191598105, 40.857795938073288 ], [ -73.920628714536676, 40.857784580970844 ], [ -73.920693562999531, 40.857767893842166 ], [ -73.920694405182772, 40.857757169747742 ], [ -73.920678625025204, 40.857752747676507 ], [ -73.920674472712804, 40.857743901937461 ], [ -73.920682806082766, 40.857727500938694 ], [ -73.920706108160928, 40.857701014101963 ], [ -73.920715241262556, 40.857709855054246 ], [ -73.920726042225525, 40.857712383199129 ], [ -73.920741024746292, 40.85769977831913 ], [ -73.920740180318333, 40.857712392912681 ], [ -73.920711865014795, 40.857755920967833 ], [ -73.920707702164833, 40.857766643785368 ], [ -73.920717669090806, 40.857772332689663 ], [ -73.920720996753303, 40.857766652921562 ], [ -73.920745917365522, 40.857774872820755 ], [ -73.92075009406679, 40.857762890236295 ], [ -73.92085894403364, 40.857795779415241 ], [ -73.92085476658923, 40.857808401104393 ], [ -73.920824850648231, 40.857801438078418 ], [ -73.920819024875257, 40.857813419701216 ], [ -73.920858066456049, 40.857826071546278 ], [ -73.920908747355625, 40.857843772803321 ], [ -73.920917923402556, 40.857817277915039 ], [ -73.920959470320284, 40.85782740083625 ], [ -73.92095530904551, 40.857834971712947 ], [ -73.921008487463155, 40.857847632689051 ], [ -73.92101432159707, 40.857838803180627 ], [ -73.921001880468026, 40.857817966157697 ], [ -73.920982782383362, 40.857801546351425 ], [ -73.920987793816536, 40.857776308380224 ], [ -73.920960359847911, 40.857787014262158 ], [ -73.920950356848351, 40.857810357139407 ], [ -73.920824079859543, 40.857752207481646 ], [ -73.920839914218263, 40.857721294888464 ], [ -73.920962860208363, 40.857778813197442 ], [ -73.92097118010598, 40.857773136842013 ], [ -73.9209853172339, 40.857764312351897 ], [ -73.920989485203037, 40.857749799648644 ], [ -73.920976206454611, 40.857735905051626 ], [ -73.920962904458506, 40.857741577492106 ], [ -73.920928836754328, 40.857726408368357 ], [ -73.920931343555651, 40.857722627410595 ], [ -73.92092137657248, 40.857715678581954 ], [ -73.920917206749849, 40.857721347894774 ], [ -73.920910568106976, 40.857719452843781 ], [ -73.920914724835782, 40.857714404363598 ], [ -73.920904755729538, 40.857709985133681 ], [ -73.920902258990111, 40.857714395817887 ], [ -73.920892287460305, 40.857713128033403 ], [ -73.920893953437883, 40.85770745583195 ], [ -73.920874843402814, 40.857701129947479 ], [ -73.920871513682485, 40.857707440443825 ], [ -73.920864031450193, 40.857706165652992 ], [ -73.920869870222432, 40.857694185209269 ], [ -73.920897280993799, 40.857702406783851 ], [ -73.920903943773624, 40.85769420857406 ], [ -73.920911426016929, 40.857695473478479 ], [ -73.920907254596045, 40.857703043844182 ], [ -73.920917223249447, 40.857707471784664 ], [ -73.920923886601727, 40.857699903796764 ], [ -73.920932196653169, 40.857703060940267 ], [ -73.920925533300064, 40.857710630101302 ], [ -73.920935503280489, 40.857715057538591 ], [ -73.920958808125505, 40.857685411498622 ], [ -73.920889854514186, 40.857663906180342 ], [ -73.920914008311499, 40.85761911327544 ], [ -73.920891575344186, 40.857613415840873 ], [ -73.920884910309127, 40.857623515605503 ], [ -73.92081427830648, 40.857607060420563 ], [ -73.920787619144917, 40.857654370632297 ], [ -73.92077266841045, 40.85764993976202 ], [ -73.920797653836274, 40.857603887677193 ], [ -73.920776052351712, 40.857597560568323 ], [ -73.920788559136398, 40.857571698701442 ], [ -73.920783569148796, 40.857569803602395 ], [ -73.920719495455828, 40.857632865781916 ], [ -73.920697069275278, 40.857621486761808 ], [ -73.920755321305165, 40.857557159145827 ], [ -73.920771957976442, 40.857548966620875 ], [ -73.920788570409641, 40.857562233308172 ], [ -73.920793563020325, 40.857553403232728 ], [ -73.920900756625244, 40.857582499179294 ], [ -73.92089408405235, 40.857597641557717 ], [ -73.920919004843384, 40.857605861420041 ], [ -73.920929838088782, 40.85759199222079 ], [ -73.920982176603687, 40.857612216980655 ], [ -73.921002157065487, 40.857585098758825 ], [ -73.920945656918008, 40.857564232725139 ], [ -73.920951489096282, 40.857556663495856 ], [ -73.921010112023367, 40.857578468607919 ], [ -73.921015051602424, 40.857573581482221 ], [ -73.92101050029305, 40.857571273915973 ], [ -73.921016571723143, 40.857561776989037 ], [ -73.921024539237976, 40.85756407868508 ], [ -73.921031986921605, 40.857555044393614 ], [ -73.920900113781514, 40.857494287338696 ], [ -73.920909430728841, 40.857478777383577 ], [ -73.920937291653544, 40.857487262269174 ], [ -73.920944747836856, 40.857470337474403 ], [ -73.920996762308448, 40.857484474879797 ], [ -73.921035836130528, 40.857439359462546 ], [ -73.921013549848595, 40.857429466028343 ], [ -73.921048915136836, 40.85738152111157 ], [ -73.921069335408546, 40.857394233182049 ], [ -73.921093507913511, 40.857382956301308 ], [ -73.921164059455947, 40.857436620697818 ], [ -73.921132442749979, 40.8574549413824 ], [ -73.921072913285911, 40.857516980282597 ], [ -73.921121196903187, 40.857536770833164 ], [ -73.921184391376329, 40.857524107211859 ], [ -73.921223236586428, 40.857522330353788 ], [ -73.921304752093761, 40.857420651433195 ], [ -73.921363780268123, 40.857399965363918 ], [ -73.921401697827363, 40.857389597553905 ], [ -73.921459635066412, 40.857367252881829 ], [ -73.921519672686401, 40.857348906380068 ], [ -73.921555504634952, 40.85732175059627 ], [ -73.921583970599983, 40.857289791927705 ], [ -73.921592425989829, 40.857263415602624 ], [ -73.921586144479662, 40.857232233739772 ], [ -73.921579852045937, 40.857211443841862 ], [ -73.921558496226254, 40.857152702522896 ], [ -73.921558571557512, 40.857088830629145 ], [ -73.921591607045656, 40.857065154233403 ], [ -73.92161794209801, 40.85705477965238 ], [ -73.921646384093449, 40.857043606572496 ], [ -73.921663239816482, 40.857035623806432 ], [ -73.921703268054898, 40.857021261061455 ], [ -73.921744340541409, 40.857013294715735 ], [ -73.921801215044908, 40.85699894336225 ], [ -73.921837021601732, 40.856992571921509 ], [ -73.921863345978409, 40.856991790499301 ], [ -73.921886518965707, 40.856984611232527 ], [ -73.921900218063129, 40.8569750277872 ], [ -73.921918142311668, 40.856954253125004 ], [ -73.921941328967222, 40.856934283619381 ], [ -73.921969784926233, 40.856911118312922 ], [ -73.922044922079465, 40.85685415979205 ], [ -73.922633348999966, 40.856831752999931 ], [ -73.922779211999881, 40.856826197999943 ], [ -73.92282845999992, 40.856851408999958 ], [ -73.922954494999885, 40.858850761999918 ], [ -73.92295846599977, 40.858913781 ], [ -73.924117473999942, 40.860655124999909 ], [ -73.924614305999967, 40.861401560999923 ], [ -73.924677287, 40.861496644999981 ], [ -73.924741533999921, 40.861593637999952 ], [ -73.925373181999916, 40.86258081499993 ], [ -73.926010928999943, 40.86357366499994 ], [ -73.926619489999936, 40.864524293999928 ], [ -73.927269150999848, 40.86553456 ], [ -73.928057703999983, 40.866199363999989 ], [ -73.928722031999925, 40.866742662999933 ], [ -73.927002504999862, 40.867951259999941 ], [ -73.926233133999972, 40.868506137999951 ], [ -73.923821434, 40.86901838199995 ], [ -73.922343606999902, 40.869459040999942 ], [ -73.922144241999931, 40.86915018199997 ], [ -73.921872857999858, 40.869271474999955 ], [ -73.921872691999866, 40.869271547999908 ], [ -73.921872524999912, 40.869271627999915 ], [ -73.921610721, 40.869405649999933 ], [ -73.92161064999992, 40.869405685999972 ], [ -73.921359754999926, 40.869551853999937 ], [ -73.921121561999882, 40.869709123999904 ], [ -73.921121312999972, 40.86970928599991 ], [ -73.921121075999977, 40.869709465999946 ], [ -73.920896629999973, 40.869877018999937 ], [ -73.919254817999771, 40.871007841999962 ], [ -73.91969887499998, 40.872064775999981 ], [ -73.919458951999829, 40.872249280999952 ], [ -73.918459308999928, 40.873022052999971 ], [ -73.917176695999885, 40.872498972999963 ], [ -73.916277854999905, 40.872115644999987 ], [ -73.915056925999835, 40.871602895999935 ], [ -73.91415003100002, 40.871219850999907 ], [ -73.914009854999904, 40.871160593999988 ], [ -73.913664885999879, 40.871500584999907 ], [ -73.913342588999853, 40.871756027999965 ], [ -73.91267976599984, 40.872291760999893 ], [ -73.912061722, 40.872806091999955 ], [ -73.911761199999916, 40.873063789999954 ], [ -73.911542811165333, 40.873253706161769 ], [ -73.911425807185637, 40.87318173085135 ], [ -73.91135863952978, 40.873127721845535 ], [ -73.911304900906813, 40.873091949607819 ], [ -73.911274189001347, 40.87306348765572 ], [ -73.911224294064994, 40.87302771883779 ] ] ], [ [ [ -73.921518940590943, 40.856601170623179 ], [ -73.921590787052239, 40.856496661134216 ], [ -73.921596965128899, 40.856499110335811 ], [ -73.921671816915605, 40.85639401600266 ], [ -73.921689703740242, 40.856400643473648 ], [ -73.921759656297667, 40.856304681808581 ], [ -73.921823250445996, 40.856329125863539 ], [ -73.922029567317907, 40.856040055047778 ], [ -73.922041717005342, 40.85604505428099 ], [ -73.922129095312883, 40.855922629274446 ], [ -73.922127017599038, 40.855919408911092 ], [ -73.922125635799546, 40.855915977100423 ], [ -73.922124985557829, 40.85591241896833 ], [ -73.922125083751808, 40.855908829512174 ], [ -73.922125925205535, 40.85590529500265 ], [ -73.922127492157728, 40.855901909576019 ], [ -73.922129742146822, 40.855898757970387 ], [ -73.922132619478958, 40.855895920224377 ], [ -73.922136048390072, 40.855893469326816 ], [ -73.922139944083469, 40.855891467204181 ], [ -73.922144205668701, 40.855889964882905 ], [ -73.922148725428798, 40.855889001825929 ], [ -73.922153388386377, 40.855888600403539 ], [ -73.922158075163793, 40.855888772094318 ], [ -73.922185057513687, 40.855847415549817 ], [ -73.922218950846897, 40.855795465796618 ], [ -73.922235571066707, 40.855771185948484 ], [ -73.922259317105429, 40.85572561566741 ], [ -73.922272199138476, 40.855700892373328 ], [ -73.922281137740598, 40.855686931638921 ], [ -73.922288322832358, 40.855675713420077 ], [ -73.922288370576581, 40.855675638904408 ], [ -73.922296110072409, 40.855663835114555 ], [ -73.922344593870562, 40.855682335907424 ], [ -73.922342178985559, 40.855685461012705 ], [ -73.922336362624307, 40.855692987439305 ], [ -73.922329712763869, 40.85570159265734 ], [ -73.922328880810127, 40.855702671785181 ], [ -73.922327853300814, 40.855704001731354 ], [ -73.922195721921085, 40.855874990550483 ], [ -73.922178742293838, 40.855896965196358 ], [ -73.922181175947628, 40.855899953108917 ], [ -73.922182956441503, 40.855903194713889 ], [ -73.922184041287849, 40.855906608733591 ], [ -73.922184403008345, 40.855910108540066 ], [ -73.922184032217757, 40.855913606679891 ], [ -73.922182937403079, 40.855917015376399 ], [ -73.92218114624346, 40.855920249043919 ], [ -73.922178703624724, 40.855923225458746 ], [ -73.922175673396552, 40.855925870953406 ], [ -73.922172128889585, 40.855928118065783 ], [ -73.922168159747855, 40.855929910400683 ], [ -73.922163867295183, 40.855931204135459 ], [ -73.922159357916726, 40.855931966339739 ], [ -73.922154744380919, 40.855932177321691 ], [ -73.922150142970352, 40.85593183112892 ], [ -73.922063351325193, 40.856053911784493 ], [ -73.92207704565449, 40.85605913536596 ], [ -73.921952014689879, 40.85623699044725 ], [ -73.921873221531115, 40.856349662056111 ], [ -73.921887601137144, 40.856355133723405 ], [ -73.921817500956607, 40.856454224365628 ], [ -73.921835493305991, 40.856462141312463 ], [ -73.921765084543921, 40.856565868590252 ], [ -73.921770197446293, 40.856567894901318 ], [ -73.921698419046962, 40.856672301854985 ], [ -73.921518940590943, 40.856601170623179 ] ] ] ] } },
{ "type": "Feature", "properties": { "locationid": 128 }, "geometry": { "type": "MultiPolygon", "coordinates": [ [ [ [ -73.923597420203876, 40.878898712992687 ], [ -73.923617191914104, 40.878852758536006 ], [ -73.923624231507915, 40.878854901286402 ], [ -73.92363695289211, 40.878815355932133 ], [ -73.923679193116811, 40.878826074498654 ], [ -73.92366647926977, 40.878863496512977 ], [ -73.923677738906434, 40.878865626136516 ], [ -73.923662193218419, 40.878911583398839 ], [ -73.923652334869544, 40.878911576877627 ], [ -73.923629739751988, 40.87896394312159 ], [ -73.923591725765547, 40.878952159166339 ], [ -73.923611502519051, 40.878900860405977 ], [ -73.923597420203876, 40.878898712992687 ] ] ], [ [ [ -73.926405569211198, 40.877621476537456 ], [ -73.926350802682492, 40.877592320462625 ], [ -73.9262952034438, 40.877565377642242 ], [ -73.926308257341844, 40.877550545981535 ], [ -73.92629847830014, 40.877533241262199 ], [ -73.926292658980657, 40.877514937239724 ], [ -73.926290964035502, 40.877496151818804 ], [ -73.926293441418792, 40.877477416524357 ], [ -73.926300021030812, 40.877459261462938 ], [ -73.926310516701037, 40.877442200322839 ], [ -73.926324631457661, 40.877426715840492 ], [ -73.92634196592843, 40.87741324614084 ], [ -73.926353401033495, 40.87740645871849 ], [ -73.926366929388081, 40.877400016219518 ], [ -73.926378674184434, 40.877395581680901 ], [ -73.926391003276393, 40.87738349591497 ], [ -73.926408029706309, 40.87737059295214 ], [ -73.926421105444078, 40.877335968821434 ], [ -73.926417533397384, 40.87729419342125 ], [ -73.926416117243519, 40.877266160443867 ], [ -73.926407461780613, 40.877237432824387 ], [ -73.926399771232539, 40.87722108876175 ], [ -73.926399189314196, 40.877220013565022 ], [ -73.926379527717387, 40.877190997122582 ], [ -73.926353862465277, 40.877164821268991 ], [ -73.926328643384608, 40.877145860608735 ], [ -73.926300270447854, 40.877129670204752 ], [ -73.926269267592389, 40.877116549029545 ], [ -73.926245384469794, 40.877107196388714 ], [ -73.926151994052944, 40.87708622922078 ], [ -73.926056889184608, 40.877070309564623 ], [ -73.925960542748072, 40.877059516576452 ], [ -73.925863433799478, 40.877053903921251 ], [ -73.925751706807262, 40.877069382332628 ], [ -73.925641590483139, 40.877090487868699 ], [ -73.925590687165482, 40.87710228685286 ], [ -73.925494034267487, 40.87712842249001 ], [ -73.925399634309869, 40.877158935721624 ], [ -73.925307831073269, 40.877193715427367 ], [ -73.925246341491075, 40.877228149550916 ], [ -73.925190606692766, 40.877267827799564 ], [ -73.925141398434462, 40.87731220075888 ], [ -73.925107487921935, 40.877350298819429 ], [ -73.925078402033677, 40.877390629517805 ], [ -73.92504660587467, 40.87740930387465 ], [ -73.925011657643921, 40.877424387849103 ], [ -73.924974255975044, 40.877435579903562 ], [ -73.924935148548229, 40.877442656302556 ], [ -73.924895117143777, 40.877445475584565 ], [ -73.924827554662485, 40.877444775287223 ], [ -73.924760212876194, 40.877440574952445 ], [ -73.924693406142723, 40.877432894187756 ], [ -73.924665626485861, 40.87742864594204 ], [ -73.924631174563729, 40.877422495132734 ], [ -73.924551873507866, 40.877404270395722 ], [ -73.924470659562559, 40.877391810720418 ], [ -73.924388258465967, 40.87738522744813 ], [ -73.92428280917072, 40.877366529313662 ], [ -73.924178859933292, 40.877343494966702 ], [ -73.924076720015947, 40.877316192937414 ], [ -73.92397669329614, 40.877284704453089 ], [ -73.923975278670653, 40.877284223233715 ], [ -73.923910067728073, 40.877260960104195 ], [ -73.923871709699597, 40.877242249493861 ], [ -73.923813613087901, 40.877229786278996 ], [ -73.923753691713145, 40.877224195168985 ], [ -73.923693347937132, 40.877225607014644 ], [ -73.923633994007631, 40.877233988774059 ], [ -73.923577019007155, 40.877249144285734 ], [ -73.923533661313769, 40.877264724938144 ], [ -73.923488425919047, 40.877276845938582 ], [ -73.923429395628602, 40.877287010206146 ], [ -73.923369128871045, 40.877291291674311 ], [ -73.923314901242094, 40.877292090934802 ], [ -73.923260880830853, 40.877288408319302 ], [ -73.923207708693425, 40.877280287529089 ], [ -73.923155693215207, 40.87726773224351 ], [ -73.923105800954843, 40.877250930719129 ], [ -73.923058631520647, 40.877230084878263 ], [ -73.923035062294375, 40.877207314554418 ], [ -73.923008762112886, 40.877184685132967 ], [ -73.922944125372311, 40.877136916787123 ], [ -73.922943548882571, 40.8771325397041 ], [ -73.922922274787169, 40.877094030121 ], [ -73.922882540922757, 40.877065133216846 ], [ -73.922865835782446, 40.877055495863331 ], [ -73.922824358055195, 40.877037530472542 ], [ -73.92279786519552, 40.877028327483245 ], [ -73.92277768846607, 40.877025253009258 ], [ -73.922769042483154, 40.877032685901753 ], [ -73.922762137099738, 40.877023495340545 ], [ -73.922777136030206, 40.877010817208074 ], [ -73.922784064275177, 40.877000322860859 ], [ -73.922766772891592, 40.876995502551054 ], [ -73.922749494514861, 40.876989367026688 ], [ -73.922729349267712, 40.876969660408442 ], [ -73.922697677791746, 40.876944704783789 ], [ -73.922657063494285, 40.876928711653107 ], [ -73.922631137663004, 40.876922570985272 ], [ -73.922607488752377, 40.876935675171943 ], [ -73.922607506056593, 40.876920808883504 ], [ -73.922597711451758, 40.876917298409808 ], [ -73.922583871708937, 40.876922539288422 ], [ -73.922574663381141, 40.876914221639403 ], [ -73.922571208345559, 40.876906349104502 ], [ -73.922576415351742, 40.876897158951643 ], [ -73.922570070033373, 40.876895848184922 ], [ -73.922577588314169, 40.876879230285631 ], [ -73.92258912035129, 40.876868298285984 ], [ -73.92256839578593, 40.876857351683327 ], [ -73.922536101739027, 40.876868262710708 ], [ -73.92249578378302, 40.876841986507827 ], [ -73.922483703391293, 40.876824048941231 ], [ -73.922437061885347, 40.876789015073179 ], [ -73.922433626878473, 40.876773263786852 ], [ -73.922415769436853, 40.876765822988474 ], [ -73.92240887383943, 40.876748312229076 ], [ -73.922399079762016, 40.876743057157192 ], [ -73.922400623303005, 40.876732341264557 ], [ -73.92240533581122, 40.876699431748065 ], [ -73.922418866337125, 40.87663307471054 ], [ -73.922422992115202, 40.876554456894596 ], [ -73.922406933302625, 40.876478894021886 ], [ -73.922411085525809, 40.876388020091866 ], [ -73.922437504337381, 40.876226210729051 ], [ -73.922441715822131, 40.87607407695338 ], [ -73.922426987382593, 40.876017912260721 ], [ -73.922414963896983, 40.875941326184787 ], [ -73.922413695147668, 40.875879038367245 ], [ -73.922418451905926, 40.875839735369489 ], [ -73.922414439571668, 40.875811142403428 ], [ -73.922422528129914, 40.875802980102243 ], [ -73.92242659071222, 40.875778480956733 ], [ -73.922422594835368, 40.875745808152857 ], [ -73.922423960625409, 40.875724360463927 ], [ -73.922422654405764, 40.875694751448407 ], [ -73.922430778673089, 40.875645751480469 ], [ -73.922446962224029, 40.875613085202524 ], [ -73.922473884520173, 40.875589626821089 ], [ -73.922475271290637, 40.875560010903371 ], [ -73.922490780705644, 40.875526837409573 ], [ -73.922527159894514, 40.875470708211083 ], [ -73.922548721426168, 40.875434990583116 ], [ -73.922554139309099, 40.875407422151703 ], [ -73.92257168317542, 40.875358428492433 ], [ -73.922583817359595, 40.875328819782396 ], [ -73.92259326010884, 40.87530942932667 ], [ -73.922609467921205, 40.875256348549456 ], [ -73.92264179478191, 40.875216550231279 ], [ -73.922651247531746, 40.875187965625294 ], [ -73.92264992358426, 40.875163462859 ], [ -73.922655340210383, 40.875136919827519 ], [ -73.922656720158983, 40.875103224721279 ], [ -73.922653430195936, 40.875045536722673 ], [ -73.922653475331913, 40.875006735632617 ], [ -73.922656219644992, 40.874951600368625 ], [ -73.922662977661957, 40.874925058234659 ], [ -73.922656280209537, 40.874899534165323 ], [ -73.922656330090106, 40.87485665272515 ], [ -73.922653708119157, 40.874806619622191 ], [ -73.922651046342153, 40.874779045767646 ], [ -73.922647062294516, 40.874736161622806 ], [ -73.922652460197028, 40.874716767946289 ], [ -73.922635050798647, 40.87465039011861 ], [ -73.922639113102974, 40.874624864045863 ], [ -73.922652584913848, 40.874609555965883 ], [ -73.922639134485976, 40.874606485471247 ], [ -73.922641859214821, 40.874579940633133 ], [ -73.922622413296651, 40.874530410040499 ], [ -73.9226076645474, 40.874492615722268 ], [ -73.922584877751689, 40.874418066536947 ], [ -73.9225674567449, 40.874362918912631 ], [ -73.922535261843819, 40.874289389479841 ], [ -73.922536635363542, 40.874261818328598 ], [ -73.922535318944171, 40.874240377543323 ], [ -73.922508442843139, 40.874214838239979 ], [ -73.922482913166647, 40.87419541609173 ], [ -73.922454676131338, 40.874187230049898 ], [ -73.922443960778054, 40.87414944645964 ], [ -73.922413055097223, 40.874120835910368 ], [ -73.922396953457365, 40.874083048861323 ], [ -73.922376830314548, 40.87404525123128 ], [ -73.922341230701988, 40.874002859089835 ], [ -73.922327812745564, 40.873973241912701 ], [ -73.922279503133566, 40.87387416555277 ], [ -73.922260692498455, 40.873859861177472 ], [ -73.922262046574531, 40.873848633036168 ], [ -73.922243247583637, 40.873825135684491 ], [ -73.922218409385906, 40.873781725346774 ], [ -73.922203629840041, 40.873769459248308 ], [ -73.922186194844755, 40.87372554881248 ], [ -73.922160670570918, 40.873690817858005 ], [ -73.922113642517331, 40.873653001023214 ], [ -73.92208944494341, 40.873639711857166 ], [ -73.922065270907424, 40.873608043774475 ], [ -73.922035707590965, 40.873587609308387 ], [ -73.921992679177507, 40.873568175225742 ], [ -73.921985968090695, 40.873555924436651 ], [ -73.921965792244478, 40.873552838929641 ], [ -73.921942963177457, 40.873526277322981 ], [ -73.92191875466726, 40.873522181765345 ], [ -73.92189592800635, 40.873484390594108 ], [ -73.921869044747837, 40.873475178241655 ], [ -73.92183005389812, 40.873452694230743 ], [ -73.921781683077256, 40.873416921132709 ], [ -73.92172791772019, 40.873378092257184 ], [ -73.921670142884395, 40.873330056596039 ], [ -73.921618380743396, 40.873302970870469 ], [ -73.9215901530671, 40.873287634077734 ], [ -73.921498419100956, 40.873247793849472 ], [ -73.921411233011213, 40.873202449734244 ], [ -73.92132916660043, 40.873151899122384 ], [ -73.921252758089764, 40.873096473550824 ], [ -73.921169296781002, 40.873069392288066 ], [ -73.921081981564242, 40.873053475400887 ], [ -73.921047020783178, 40.873044257331749 ], [ -73.921002651968919, 40.873036060397098 ], [ -73.920978441277384, 40.873033999037411 ], [ -73.920925985845713, 40.873031918824864 ], [ -73.920895052177841, 40.873027818443653 ], [ -73.920849320603168, 40.873027787086237 ], [ -73.920812998282713, 40.87302571905915 ], [ -73.92079015106097, 40.873015491522686 ], [ -73.920774006813105, 40.873014463241603 ], [ -73.920756526728752, 40.873009344976182 ], [ -73.92071319024366, 40.873010512997674 ], [ -73.920697263145911, 40.873006351005436 ], [ -73.920691293154391, 40.872998781906745 ], [ -73.920666367389359, 40.873000277672588 ], [ -73.920644428711967, 40.8729934464194 ], [ -73.920609537139612, 40.872985858597346 ], [ -73.920574630235564, 40.872990373776162 ], [ -73.920560663580403, 40.872994144650185 ], [ -73.920529738426865, 40.873013052432441 ], [ -73.920493810022194, 40.873028920575486 ], [ -73.920460886865243, 40.873041766656769 ], [ -73.920427978109885, 40.873052341798932 ], [ -73.920389056967068, 40.873071234648258 ], [ -73.920358132530325, 40.873078786514817 ], [ -73.920329209680688, 40.873089364882098 ], [ -73.920302261172893, 40.873105996702982 ], [ -73.920292305727031, 40.873098416622661 ], [ -73.920276340521752, 40.873105978798691 ], [ -73.920257366135914, 40.873121103218921 ], [ -73.920222929517308, 40.873149462307794 ], [ -73.920193003828956, 40.873165335009084 ], [ -73.920167068281032, 40.873167595715458 ], [ -73.920149103577529, 40.873181207415065 ], [ -73.920132137607325, 40.873191795178457 ], [ -73.920123149747567, 40.873207682350603 ], [ -73.920101188287461, 40.873220534910736 ], [ -73.920082227812841, 40.873233389377305 ], [ -73.920060270757332, 40.873252293861938 ], [ -73.920046272176492, 40.873281811066803 ], [ -73.920014312022687, 40.873321905441919 ], [ -73.919985353858891, 40.873352159756124 ], [ -73.919975855065204, 40.87337902433255 ], [ -73.919965857410801, 40.873396423690323 ], [ -73.919951892992742, 40.873407769371553 ], [ -73.919948841901373, 40.873448640142321 ], [ -73.919959790416883, 40.873469845068868 ], [ -73.919952795570325, 40.87348573411191 ], [ -73.919953761245324, 40.873511470641887 ], [ -73.919957723515395, 40.87353115832618 ], [ -73.919943749920861, 40.873539469491483 ], [ -73.919940743725789, 40.873553857280683 ], [ -73.919935733765499, 40.873576554151398 ], [ -73.919919763820928, 40.8735886553049 ], [ -73.919917765248456, 40.873593201324795 ], [ -73.919902804752482, 40.873593946805059 ], [ -73.919895799094022, 40.873609078968663 ], [ -73.919863890687012, 40.873606031018426 ], [ -73.919819021543447, 40.873608269785947 ], [ -73.919783129445335, 40.873603697435627 ], [ -73.919783081037323, 40.873643823136192 ], [ -73.919822958202232, 40.873649901269928 ], [ -73.919862846561898, 40.873646147316229 ], [ -73.919890771114311, 40.873646166704333 ], [ -73.919916686922576, 40.873651479752787 ], [ -73.919933620508473, 40.873666629031462 ], [ -73.919949564920472, 40.873676482560512 ], [ -73.919945551630633, 40.87369843297077 ], [ -73.91994054414333, 40.873719617949476 ], [ -73.919946513193494, 40.873727951659518 ], [ -73.919951490216789, 40.873742336275008 ], [ -73.919954465425135, 40.873753693704799 ], [ -73.91995942777578, 40.873771103436681 ], [ -73.919966372128528, 40.873796088248916 ], [ -73.919974330253012, 40.873818047464006 ], [ -73.919967330960134, 40.873827885077581 ], [ -73.919978286396756, 40.873843029197992 ], [ -73.919991749679497, 40.873844173667415 ], [ -73.920124284469281, 40.873922229586363 ], [ -73.920139265943988, 40.873904076629934 ], [ -73.920165169418425, 40.873918475715598 ], [ -73.92015018861089, 40.87393662750307 ], [ -73.920191052557612, 40.87396012286748 ], [ -73.920209022001586, 40.873942729004199 ], [ -73.920236913831502, 40.87396166747348 ], [ -73.920217949099637, 40.873977547754578 ], [ -73.9202877068482, 40.87401544421882 ], [ -73.920348498976622, 40.874050308153429 ], [ -73.920403302613011, 40.8740836550271 ], [ -73.920439173292223, 40.874106379939448 ], [ -73.920472044704795, 40.874136687033364 ], [ -73.920498448624187, 40.874159793050431 ], [ -73.920543333503204, 40.874144678227388 ], [ -73.92057619910041, 40.874180279175164 ], [ -73.920606086241321, 40.874206791627834 ], [ -73.920626991656832, 40.874234811128829 ], [ -73.920769667141613, 40.87417738586548 ], [ -73.920787614616245, 40.874178911084435 ], [ -73.920802556303471, 40.874194058866678 ], [ -73.920807513069292, 40.874215260100023 ], [ -73.920660844292158, 40.874278743471564 ], [ -73.920669803013283, 40.87429691178118 ], [ -73.920685726941898, 40.874323415115747 ], [ -73.920696659188266, 40.874348401449424 ], [ -73.920711074123673, 40.874387393739724 ], [ -73.920700105989738, 40.874391933609445 ], [ -73.920716045719757, 40.874406325052604 ], [ -73.920724984445869, 40.874430554820854 ], [ -73.920742908534791, 40.874451755581937 ], [ -73.920757851175139, 40.874466146501895 ], [ -73.920754834295622, 40.874489612027169 ], [ -73.920766777705509, 40.874510816885802 ], [ -73.920780705006052, 40.874531258531121 ], [ -73.920781692416696, 40.874539588776742 ], [ -73.920792656945054, 40.874547169505334 ], [ -73.92078865109977, 40.874563060144766 ], [ -73.920803594676343, 40.874576694526233 ], [ -73.920799579597912, 40.874591073434146 ], [ -73.920809544319212, 40.874600922738374 ], [ -73.920816504827357, 40.874613794604407 ], [ -73.920816495818926, 40.874621359089417 ], [ -73.920829454154116, 40.874628941014791 ], [ -73.920842402400865, 40.874643331057683 ], [ -73.920839402665663, 40.874652414430457 ], [ -73.920843374282128, 40.874664528381615 ], [ -73.920852355844914, 40.874663778679071 ], [ -73.920868795598153, 40.874676279948737 ], [ -73.920882732213073, 40.874688392522401 ], [ -73.920886711026938, 40.874704296847284 ], [ -73.92089167392983, 40.87472095067335 ], [ -73.920905615487698, 40.874739123551493 ], [ -73.920919563589464, 40.874751244337006 ], [ -73.920922540791281, 40.87476184470566 ], [ -73.920914535177388, 40.874780010750264 ], [ -73.920915510028806, 40.874798175242773 ], [ -73.920923491572253, 40.874799693610264 ], [ -73.920927462296589, 40.874813320455779 ], [ -73.920938418130305, 40.874827708452059 ], [ -73.920947369121805, 40.874842851606815 ], [ -73.92097230770959, 40.874841355789137 ], [ -73.920987239926234, 40.874864076741112 ], [ -73.920987219241383, 40.874881483515779 ], [ -73.921000158088518, 40.874895124706939 ], [ -73.921016105658609, 40.874902700616182 ], [ -73.921032022909174, 40.874934507666126 ], [ -73.921054936923582, 40.874960259196605 ], [ -73.921081335307832, 40.87497806180447 ], [ -73.92111420160488, 40.875013662593489 ], [ -73.921140093849786, 40.875048492861012 ], [ -73.921156003305427, 40.875077274761551 ], [ -73.921166956968847, 40.875094688530091 ], [ -73.921174926885371, 40.875106049337347 ], [ -73.921174913422959, 40.87511740519372 ], [ -73.921181865089764, 40.875137840850741 ], [ -73.921169888457499, 40.875143892973803 ], [ -73.921169877696329, 40.875152969684891 ], [ -73.921172848680044, 40.875168119122549 ], [ -73.921168853426082, 40.875175680213765 ], [ -73.921169841793102, 40.875183252917786 ], [ -73.921157876652472, 40.87518853980351 ], [ -73.921159860153864, 40.875196114862661 ], [ -73.921143895437979, 40.875203667272785 ], [ -73.921145884981556, 40.875206704814737 ], [ -73.921133910389358, 40.875209721255452 ], [ -73.921131904423902, 40.875221831110167 ], [ -73.921126906187013, 40.875234695955164 ], [ -73.921110944620096, 40.875238467206408 ], [ -73.921103940844276, 40.875252842907472 ], [ -73.9211129036416, 40.875267230193408 ], [ -73.921106914085016, 40.875276311528424 ], [ -73.921104910377508, 40.875285396760617 ], [ -73.921079964223296, 40.875292943523775 ], [ -73.921061995765513, 40.875308834002531 ], [ -73.921057001096486, 40.875319420202132 ], [ -73.921036022097937, 40.875343628802753 ], [ -73.921024035317757, 40.875367844223504 ], [ -73.921011057688759, 40.875376920770819 ], [ -73.920990108576689, 40.8753852354942 ], [ -73.920978121094493, 40.875400364810297 ], [ -73.920969130440056, 40.875418521973593 ], [ -73.920955153647, 40.875429110728305 ], [ -73.92093020805649, 40.875437423205881 ], [ -73.920929200576325, 40.875446499233504 ], [ -73.920918230466285, 40.875453308385083 ], [ -73.920913221831654, 40.875464660315203 ], [ -73.920903255154215, 40.87546616638263 ], [ -73.920894284512983, 40.875457831170024 ], [ -73.920875591996733, 40.875463950023224 ], [ -73.920841588031934, 40.875457335018787 ], [ -73.920795792221554, 40.875450352408045 ], [ -73.920762219257114, 40.875439514762405 ], [ -73.920732731212198, 40.875416315560592 ], [ -73.920679830778738, 40.875397738296755 ], [ -73.920576064618857, 40.875365222461255 ], [ -73.920536404200959, 40.875336604217402 ], [ -73.92047030646286, 40.875292524993043 ], [ -73.920393004434715, 40.875253849489816 ], [ -73.920342134537819, 40.875233724890769 ], [ -73.920302461325093, 40.875215930537522 ], [ -73.920250568055977, 40.875208168371081 ], [ -73.920233985736658, 40.87520282399106 ], [ -73.920184823089414, 40.875189096689077 ], [ -73.920097070403287, 40.87514703448921 ], [ -73.919818952015788, 40.875034348711885 ], [ -73.919724637245707, 40.874996135194131 ], [ -73.919247422194374, 40.874831044944607 ], [ -73.918974395395963, 40.874708615886107 ], [ -73.918967276269541, 40.874709376634037 ], [ -73.918942865066469, 40.874697005690564 ], [ -73.918903199149511, 40.874673798868415 ], [ -73.918857942434997, 40.874643248760826 ], [ -73.918858978020197, 40.874630895688803 ], [ -73.918848819939825, 40.874613887328806 ], [ -73.918856990025063, 40.874587625836185 ], [ -73.918871261638643, 40.874568329706676 ], [ -73.918894694058423, 40.874556756448428 ], [ -73.918941541746008, 40.874526659217921 ], [ -73.918991464249032, 40.874486523480712 ], [ -73.91901591932367, 40.874463361689266 ], [ -73.919038339505221, 40.874434795854867 ], [ -73.919086259630177, 40.874362988152697 ], [ -73.919117371125893, 40.874309313881596 ], [ -73.91916221498532, 40.874249859633856 ], [ -73.919211181683906, 40.874155648781901 ], [ -73.919226521473163, 40.874096947804425 ], [ -73.91923368469071, 40.87406837125048 ], [ -73.919247493393712, 40.874010821922283 ], [ -73.919259786413875, 40.873939754451406 ], [ -73.919261955699412, 40.873833922263834 ], [ -73.919259044685091, 40.873720358525169 ], [ -73.919260090346853, 40.873689455653654 ], [ -73.919270303513443, 40.873660881229256 ], [ -73.919281021758437, 40.873636557545922 ], [ -73.919263754529183, 40.873612591379661 ], [ -73.919218964746079, 40.873617972027333 ], [ -73.918938965665674, 40.873302966470277 ], [ -73.918621046684137, 40.873197294299835 ], [ -73.918553650264613, 40.873180588115446 ], [ -73.918536665603241, 40.873196857670585 ], [ -73.918539984471181, 40.873229042656142 ], [ -73.918545527105138, 40.873256142715654 ], [ -73.918562205172606, 40.873295964610797 ], [ -73.918576693015524, 40.873312057695287 ], [ -73.918601226752372, 40.873321394297641 ], [ -73.918623508779717, 40.873347659666152 ], [ -73.918640214821679, 40.873374776470712 ], [ -73.918628437054196, 40.873420918526094 ], [ -73.918627284572807, 40.873451407369323 ], [ -73.918602689462375, 40.873492884923841 ], [ -73.918551335353996, 40.873520791328573 ], [ -73.91850556824869, 40.873539389397642 ], [ -73.918473196784703, 40.873557151592742 ], [ -73.91845086074116, 40.873574920368171 ], [ -73.918435994038859, 40.873567021044614 ], [ -73.918414036594001, 40.873585051918695 ], [ -73.918428521571087, 40.873595227945323 ], [ -73.918399475320854, 40.873628237548807 ], [ -73.918380488035183, 40.873642613995997 ], [ -73.91835591726749, 40.873664622849972 ], [ -73.918333574917853, 40.873687470889678 ], [ -73.918302329456893, 40.873695066371184 ], [ -73.91828781665393, 40.873708608859062 ], [ -73.918266599562827, 40.873722145424345 ], [ -73.918244271745422, 40.873733133679309 ], [ -73.918210794693067, 40.873742430424379 ], [ -73.918182889789321, 40.873755107030206 ], [ -73.91817615884986, 40.873777119613436 ], [ -73.918159398152525, 40.873805058574177 ], [ -73.918135940893762, 40.873827058789104 ], [ -73.918106915921001, 40.87384312976652 ], [ -73.918079015505981, 40.873851575226603 ], [ -73.918058934275649, 40.873849867984049 ], [ -73.918051657974203, 40.873862545466594 ], [ -73.918037156726569, 40.873897258290661 ], [ -73.91794108366345, 40.873983147810328 ], [ -73.917929029179788, 40.873978893205098 ], [ -73.91775468095318, 40.874248534566206 ], [ -73.917769903256371, 40.874254303842541 ], [ -73.917577298847306, 40.874548678547306 ], [ -73.917499210005346, 40.874520078540158 ], [ -73.917690660585862, 40.874225222183306 ], [ -73.917709311094839, 40.874232494079294 ], [ -73.917890320983787, 40.873962477751689 ], [ -73.917885066306283, 40.873960250147533 ], [ -73.91787144917501, 40.873904995288683 ], [ -73.917846852001986, 40.873931012835314 ], [ -73.917814481985161, 40.873946236037561 ], [ -73.917807777528353, 40.873957244044426 ], [ -73.917793274417548, 40.873953001417895 ], [ -73.917777649152114, 40.87396314669121 ], [ -73.917780974401538, 40.873980088296484 ], [ -73.917768124567374, 40.873991514582464 ], [ -73.917740215670477, 40.874006731058621 ], [ -73.917707852706144, 40.874016027949054 ], [ -73.917643471411196, 40.87402630142595 ], [ -73.9175903009546, 40.87403575514314 ], [ -73.917551159551621, 40.874067775302599 ], [ -73.917494860665414, 40.874084349307601 ], [ -73.917429145390727, 40.874117540003184 ], [ -73.917396254190479, 40.874160243657712 ], [ -73.917266408985469, 40.874209993198761 ], [ -73.917188191139999, 40.87424198521316 ], [ -73.917116245850139, 40.874257358727398 ], [ -73.917037226926197, 40.874303002166776 ], [ -73.916980906902808, 40.874326697802083 ], [ -73.916852676545261, 40.874337285731706 ], [ -73.916713499019494, 40.874354987850303 ], [ -73.916655601465195, 40.874386994334266 ], [ -73.916580482056148, 40.874435602246891 ], [ -73.916448287152747, 40.874495443085472 ], [ -73.916343486675615, 40.874523849889684 ], [ -73.916212163228622, 40.874503583365339 ], [ -73.916098527202777, 40.874500158891827 ], [ -73.916016751241429, 40.874514850460997 ], [ -73.915890331250267, 40.874519637324362 ], [ -73.91576604987803, 40.874527677562781 ], [ -73.915684630844751, 40.874527618105127 ], [ -73.915577510373552, 40.874519408904767 ], [ -73.915401837362012, 40.87450301630728 ], [ -73.915224021460503, 40.874486621868179 ], [ -73.915069801415456, 40.874449102140652 ], [ -73.914981986069662, 40.874424642139928 ], [ -73.914632832785188, 40.874326621096841 ], [ -73.914221679058343, 40.874199603645607 ], [ -73.914197849046033, 40.874189355312502 ], [ -73.913902445169356, 40.874096565043828 ], [ -73.913584339029725, 40.874029105900853 ], [ -73.913496232014566, 40.873992867527129 ], [ -73.913343509897771, 40.873950150890416 ], [ -73.913292098308972, 40.873941980883529 ], [ -73.913247124097396, 40.873927309609414 ], [ -73.913191977979864, 40.87389272024496 ], [ -73.913140070756967, 40.873868679858134 ], [ -73.913092952568803, 40.873854006909994 ], [ -73.913037261194717, 40.873842579937879 ], [ -73.912977603734873, 40.873844626488889 ], [ -73.912887288860105, 40.873835961915042 ], [ -73.912728774618841, 40.873806568373752 ], [ -73.912608842316757, 40.873767443623649 ], [ -73.912501764114339, 40.873728329667998 ], [ -73.912290174907781, 40.873635444491342 ], [ -73.912081464416985, 40.873528840998191 ], [ -73.911542811165333, 40.873253706161769 ], [ -73.911761199999916, 40.873063789999954 ], [ -73.912061722, 40.872806091999955 ], [ -73.912679766999858, 40.872291760999921 ], [ -73.913342588999853, 40.871756027999965 ], [ -73.913664886999925, 40.871500584999907 ], [ -73.914009854999904, 40.871160593999988 ], [ -73.91415003100002, 40.871219850999907 ], [ -73.915056925999835, 40.871602895999935 ], [ -73.916277854999905, 40.872115644999987 ], [ -73.917176695999885, 40.872498972999963 ], [ -73.918459308999928, 40.873022052999971 ], [ -73.919458951999829, 40.872249280999952 ], [ -73.91969887499998, 40.872064775999981 ], [ -73.919254817999771, 40.871007841999962 ], [ -73.920896629999973, 40.869877018999937 ], [ -73.921121075999977, 40.869709465999946 ], [ -73.921121312999972, 40.86970928599991 ], [ -73.921121561999882, 40.869709123999904 ], [ -73.921359754999926, 40.869551853999937 ], [ -73.92161064999992, 40.869405685999972 ], [ -73.921610721, 40.869405649999933 ], [ -73.921872524999912, 40.869271627999915 ], [ -73.921872691999866, 40.869271547999908 ], [ -73.921872857999858, 40.869271474999955 ], [ -73.922144241999931, 40.86915018199997 ], [ -73.922343606999902, 40.869459040999942 ], [ -73.923821433999947, 40.869018380999961 ], [ -73.926233133999972, 40.868506137999951 ], [ -73.927002504999862, 40.867951259999941 ], [ -73.928722031999925, 40.866742662999933 ], [ -73.929341040999986, 40.867257239999972 ], [ -73.929979748999969, 40.867796149 ], [ -73.930919424999928, 40.868571000999971 ], [ -73.931178775000049, 40.868768866999943 ], [ -73.931276715999829, 40.868843593999941 ], [ -73.931414373999957, 40.868961927999948 ], [ -73.931565369999944, 40.869582157999943 ], [ -73.932198551075601, 40.869844870871731 ], [ -73.932206005318662, 40.870096445104572 ], [ -73.932123285271572, 40.870378943105251 ], [ -73.932047404813957, 40.870582903966636 ], [ -73.932031569266599, 40.870757202534733 ], [ -73.931913771368045, 40.871129493722719 ], [ -73.931784401248194, 40.871334422923809 ], [ -73.931601495873011, 40.871583875470037 ], [ -73.931468211393707, 40.871797716206572 ], [ -73.93137655898947, 40.872108627360646 ], [ -73.931221075590756, 40.87233532285596 ], [ -73.931062541995956, 40.872666806528692 ], [ -73.930845114344649, 40.872887170307855 ], [ -73.930683818181564, 40.873156876900495 ], [ -73.929976867431478, 40.874338962330455 ], [ -73.929862150625439, 40.874418441525172 ], [ -73.929319188193901, 40.875294438561021 ], [ -73.929179682559649, 40.875555548966361 ], [ -73.929013458097302, 40.875738660592752 ], [ -73.928590026328337, 40.876096010295079 ], [ -73.928329769684197, 40.876353469587329 ], [ -73.928146236035744, 40.876522528944022 ], [ -73.928036385766859, 40.876582443008552 ], [ -73.927965946434639, 40.876617685376551 ], [ -73.927530821274672, 40.876710534812986 ], [ -73.926899405024287, 40.877216633932051 ], [ -73.926608244343015, 40.87750763121187 ], [ -73.926530962783545, 40.877583691782498 ], [ -73.926481857184328, 40.877618203018002 ], [ -73.926415914547803, 40.877610047700898 ], [ -73.926405569211198, 40.877621476537456 ] ] ] ] } },
{ "type": "Feature", "properties": { "locationid": 137 }, "geometry": { "type": "Polygon", "coordinates": [ [ [ -73.972196416478042, 40.740402578750256 ], [ -73.97221685422322, 40.740307625061568 ], [ -73.972267536421271, 40.740313743277213 ], [ -73.972270013341401, 40.740308574345725 ], [ -73.972253323191637, 40.740300105554894 ], [ -73.972248378036326, 40.740291171858658 ], [ -73.972299795908526, 40.740034962743003 ], [ -73.97231030439093, 40.740018512674887 ], [ -73.972331417217333, 40.740010908199729 ], [ -73.972438889814171, 40.740021749973216 ], [ -73.972537451822575, 40.739661413946102 ], [ -73.972657438030438, 40.739222754276994 ], [ -73.972655289688959, 40.73917826848011 ], [ -73.972650603796694, 40.739058265715556 ], [ -73.972644310624233, 40.739017462335404 ], [ -73.972645127219536, 40.738958668311021 ], [ -73.972646748307156, 40.738845871512389 ], [ -73.972632564551333, 40.738789470052836 ], [ -73.972631009986443, 40.738740265008104 ], [ -73.972627874575082, 40.738709061972266 ], [ -73.97262630543392, 40.738665864084517 ], [ -73.972627921897839, 40.738593869671114 ], [ -73.972620847663379, 40.738520665996148 ], [ -73.9726192965622, 40.738463068045924 ], [ -73.972627539525348, 40.738400385484809 ], [ -73.972638848001552, 40.738395309777218 ], [ -73.972638332651641, 40.738379685976369 ], [ -73.972628073287353, 40.738367967245466 ], [ -73.972624526084857, 40.738243363959576 ], [ -73.972632746441306, 40.738232424262151 ], [ -73.97263327107359, 40.738223833298477 ], [ -73.972622547180663, 40.738217068211746 ], [ -73.972619468659772, 40.738044278747537 ], [ -73.972614740173015, 40.738029869348118 ], [ -73.972606099974797, 40.737938672288806 ], [ -73.972618729474277, 40.737914676800642 ], [ -73.972612426564595, 40.737897872069141 ], [ -73.97260457307685, 40.737822273075757 ], [ -73.972614042256112, 40.737798276835967 ], [ -73.97260621196618, 40.737666277570398 ], [ -73.972605832087581, 40.737494749705668 ], [ -73.972577394540636, 40.737494338361344 ], [ -73.972579596048419, 40.737354786873198 ], [ -73.972569984410541, 40.737263787755005 ], [ -73.972594124594934, 40.737261748674925 ], [ -73.972595213950555, 40.737231149899593 ], [ -73.972600037173933, 40.737221768395344 ], [ -73.972594581039345, 40.737188681802849 ], [ -73.972605636051057, 40.73716588375283 ], [ -73.972594594858379, 40.737155083880779 ], [ -73.972597756337819, 40.73712268502414 ], [ -73.972597766703373, 40.737097480509647 ], [ -73.972583606063054, 40.73701588054923 ], [ -73.972584456924338, 40.736875483391849 ], [ -73.972590382246636, 40.736769655344808 ], [ -73.972582924560797, 40.73674468509612 ], [ -73.972579797985006, 40.736690689579312 ], [ -73.972575258710151, 40.736646508931472 ], [ -73.972556226109432, 40.73646148552757 ], [ -73.972563336843194, 40.736445881632086 ], [ -73.972489941747412, 40.735803280107639 ], [ -73.972510167860094, 40.735787129859652 ], [ -73.97286939178467, 40.735770861285594 ], [ -73.974413858165107, 40.736414393859022 ], [ -73.974459750704526, 40.736294019718386 ], [ -73.974416773548, 40.736277726106835 ], [ -73.974411543466019, 40.736285279046825 ], [ -73.974399523433007, 40.736284084089682 ], [ -73.974026921043048, 40.736125767245539 ], [ -73.974046792544556, 40.736099929934646 ], [ -73.974429323668659, 40.736260633491561 ], [ -73.97442775474407, 40.736266199543948 ], [ -73.974466470472819, 40.736278456829936 ], [ -73.974503760132322, 40.73606458844403 ], [ -73.974474717552951, 40.736062380712951 ], [ -73.974440829240322, 40.736050479657088 ], [ -73.974433728799326, 40.73605371686957 ], [ -73.974140620183661, 40.735955657167381 ], [ -73.974151276347769, 40.735933792668057 ], [ -73.974447223367591, 40.736033472954041 ], [ -73.974448286128123, 40.736037792859094 ], [ -73.974478281830642, 40.736044185451057 ], [ -73.974504882859634, 40.736042280536722 ], [ -73.974514597726028, 40.735894598411264 ], [ -73.97450793938151, 40.735796945772393 ], [ -73.974487379851425, 40.73587698753316 ], [ -73.974449629908619, 40.735870396714766 ], [ -73.974461258318939, 40.735832425069532 ], [ -73.97424881734733, 40.735798230845347 ], [ -73.974245331183155, 40.735781154932717 ], [ -73.974257719659761, 40.73576732638405 ], [ -73.974469391487006, 40.735799160978935 ], [ -73.974468626026919, 40.735789156799932 ], [ -73.974476760098639, 40.735789158603005 ], [ -73.97447066995052, 40.735728515191859 ], [ -73.974464612073092, 40.735668172664582 ], [ -73.974391472949875, 40.735668741593514 ], [ -73.974391081432245, 40.735673153985651 ], [ -73.974262989139334, 40.735672539756969 ], [ -73.974263969040138, 40.735676943576209 ], [ -73.974191552212488, 40.735681115865916 ], [ -73.974188813232928, 40.735660898495212 ], [ -73.974156731293689, 40.735658792193583 ], [ -73.974145397120552, 40.735672558313354 ], [ -73.974092171632734, 40.735641604718595 ], [ -73.974089364272302, 40.735645530739419 ], [ -73.97341851539187, 40.735367886022061 ], [ -73.973438687349613, 40.735341388996041 ], [ -73.973056987120529, 40.735177453415574 ], [ -73.972806617104553, 40.735523918521174 ], [ -73.972936739736909, 40.735599249299632 ], [ -73.972930319264407, 40.735607614396756 ], [ -73.972763083803486, 40.735505087473577 ], [ -73.972996952024744, 40.735186506891168 ], [ -73.9729639526808, 40.735169066679909 ], [ -73.972931856097844, 40.735205312369047 ], [ -73.972885128569274, 40.735180203901884 ], [ -73.972864031161677, 40.735212267015214 ], [ -73.972837459434515, 40.735199716704479 ], [ -73.972945207586775, 40.735065170071145 ], [ -73.972967197857884, 40.735078430766876 ], [ -73.972945190318072, 40.735107700513133 ], [ -73.972995602365629, 40.735127938485718 ], [ -73.972970836355898, 40.735157216971309 ], [ -73.973002911992666, 40.735172560035252 ], [ -73.97303684713691, 40.735127948150136 ], [ -73.973298950461228, 40.735242355077126 ], [ -73.973321874581586, 40.735201918664913 ], [ -73.973316383451461, 40.735196342782018 ], [ -73.97329897672428, 40.735176815883662 ], [ -73.973278816340851, 40.735147527414291 ], [ -73.97327241144049, 40.73511893385146 ], [ -73.973277008514813, 40.735079195798413 ], [ -73.973296273629586, 40.735040856642634 ], [ -73.973329290435927, 40.735010877391744 ], [ -73.973368709426637, 40.734989274762711 ], [ -73.973418212483452, 40.73497115816113 ], [ -73.973459459150376, 40.734968376851228 ], [ -73.973522708342884, 40.734975360846967 ], [ -73.973544728919705, 40.734944326550739 ], [ -73.974437009792965, 40.735316356064658 ], [ -73.974671930999918, 40.73539830299994 ], [ -73.974749005999968, 40.735425189 ], [ -73.974826185999902, 40.735381673999939 ], [ -73.974893050999896, 40.73537519599995 ], [ -73.974959929999926, 40.735368717999982 ], [ -73.975110552999965, 40.735390254999928 ], [ -73.975222755999965, 40.735397907999918 ], [ -73.975890936999932, 40.735673198999983 ], [ -73.9763637329999, 40.735867977999952 ], [ -73.977124411999966, 40.736196797999924 ], [ -73.977927983999976, 40.736544145999922 ], [ -73.97833820599989, 40.736721470999946 ], [ -73.978498455999954, 40.736790956999926 ], [ -73.97805226499996, 40.737553953999935 ], [ -73.978915744999867, 40.737917658999926 ], [ -73.979490626999862, 40.738159791999912 ], [ -73.98041832999985, 40.738550530999902 ], [ -73.982664974999892, 40.739497332999917 ], [ -73.982211344999925, 40.740114534999933 ], [ -73.98176150799992, 40.740733112999941 ], [ -73.981311804999876, 40.741350923999946 ], [ -73.980859653999929, 40.74196976799994 ], [ -73.980409980999866, 40.7425871599999 ], [ -73.979958997999958, 40.743205200999952 ], [ -73.979507908999949, 40.743825200999929 ], [ -73.979058494999904, 40.744443551999929 ], [ -73.978607132999841, 40.745057830999926 ], [ -73.978123781999827, 40.745727172999914 ], [ -73.977359889999946, 40.745404215999983 ], [ -73.975881176999948, 40.744779223999949 ], [ -73.975224199999857, 40.744504681999921 ], [ -73.973508350000031, 40.743782033999928 ], [ -73.972230284999839, 40.743249026999919 ], [ -73.972108975999944, 40.743205490999969 ], [ -73.972061652999983, 40.743188029999963 ], [ -73.971988802999888, 40.74316289599998 ], [ -73.971916591999928, 40.743137393999881 ], [ -73.971679212004062, 40.743054464029932 ], [ -73.971888889130383, 40.742724820355548 ], [ -73.97176261327057, 40.742672671534692 ], [ -73.971740597158359, 40.742663579509035 ], [ -73.971775012480094, 40.742615912647189 ], [ -73.971959558562546, 40.742337921543658 ], [ -73.972049263167207, 40.741887753776332 ], [ -73.972069496828027, 40.741788905934754 ], [ -73.972101639806723, 40.741623202060964 ], [ -73.972152635721756, 40.741388587601286 ], [ -73.972198048137784, 40.741144668691796 ], [ -73.972286182484822, 40.740738274078993 ], [ -73.972289920992225, 40.740721039031811 ], [ -73.972212825993694, 40.740711663608295 ], [ -73.972195672753074, 40.740709579461409 ], [ -73.972182685700901, 40.740706279909681 ], [ -73.972168483878733, 40.74069312030052 ], [ -73.972164773686515, 40.740675722129168 ], [ -73.972165497608216, 40.740672165049908 ], [ -73.972215254258842, 40.74042656351947 ], [ -73.972225156143296, 40.740416696931241 ], [ -73.972235043171708, 40.740413403402052 ], [ -73.972235662109995, 40.740405415225219 ], [ -73.972196416478042, 40.740402578750256 ] ] ] } },
{ "type": "Feature", "properties": { "locationid": 140 }, "geometry": { "type": "Polygon", "coordinates": [ [ [ -73.958543296895073, 40.758495622967935 ], [ -73.958777908113348, 40.758270920924389 ], [ -73.958934485999848, 40.758335154999969 ], [ -73.959036810999947, 40.758383782999921 ], [ -73.959721803999912, 40.758663063999983 ], [ -73.961965736999971, 40.759619460999915 ], [ -73.961776683999972, 40.759879715999972 ], [ -73.961767664999954, 40.75989304099997 ], [ -73.961727014, 40.759949806999948 ], [ -73.961697333999837, 40.759987137999985 ], [ -73.96167816899991, 40.76001396599991 ], [ -73.961643632999952, 40.760059591999948 ], [ -73.961620707999813, 40.760094433999932 ], [ -73.961522085999945, 40.760230359999937 ], [ -73.961067544999921, 40.760858092999882 ], [ -73.960606492999929, 40.761487397999908 ], [ -73.960150690999896, 40.76211487499998 ], [ -73.959694585999827, 40.762740538999985 ], [ -73.959239087999933, 40.763366157999975 ], [ -73.958780811999986, 40.763990016999898 ], [ -73.958321339999884, 40.764616629999892 ], [ -73.957868740999956, 40.765242324999939 ], [ -73.957412024999854, 40.765868753999904 ], [ -73.956956070999809, 40.766493435999919 ], [ -73.956495641999936, 40.767118914999919 ], [ -73.955999086999867, 40.767803892999986 ], [ -73.9555017079999, 40.768484742999966 ], [ -73.95503700499988, 40.769120065999907 ], [ -73.954575408999915, 40.769754856999981 ], [ -73.954112452999894, 40.770389078999933 ], [ -73.953648599999823, 40.771024107999949 ], [ -73.95318747599984, 40.771656893999975 ], [ -73.952685149999937, 40.772339404999968 ], [ -73.950435605999985, 40.771391102999928 ], [ -73.948073878999963, 40.770394394999919 ], [ -73.947793855000015, 40.770249151999963 ], [ -73.947716250999946, 40.770216067999961 ], [ -73.947665383999819, 40.770193252999981 ], [ -73.947614529999839, 40.770170428999975 ], [ -73.947522578999966, 40.77012969499993 ], [ -73.947489754781699, 40.770115154009567 ], [ -73.948140401814484, 40.769416756358119 ], [ -73.948664164778791, 40.768857624399502 ], [ -73.949085367686322, 40.768278270795676 ], [ -73.94937332131488, 40.76788219105439 ], [ -73.949579120714105, 40.76762893017959 ], [ -73.950069793030565, 40.767025088383299 ], [ -73.950663451542454, 40.766380711349449 ], [ -73.951224976665628, 40.76577119897356 ], [ -73.951764809004146, 40.765163711843194 ], [ -73.952309631811332, 40.764554288606064 ], [ -73.953365599635717, 40.763368170911725 ], [ -73.954418260785999, 40.762184104951125 ], [ -73.955572646053071, 40.761168326230397 ], [ -73.955872223390784, 40.760904712115618 ], [ -73.95633318967775, 40.760486585563875 ], [ -73.956978417276261, 40.75989675444599 ], [ -73.957317375879398, 40.759592212256564 ], [ -73.957598694452741, 40.759342318257822 ], [ -73.957637727420959, 40.759306739898371 ], [ -73.958004966168204, 40.758971999629296 ], [ -73.958256608419276, 40.758749261193138 ], [ -73.958361253325506, 40.758660241954871 ], [ -73.95838528673994, 40.758639797400647 ], [ -73.958426201896046, 40.758603873006891 ], [ -73.958455017719388, 40.758580902098771 ], [ -73.958491195208239, 40.758545903915248 ], [ -73.958543296895073, 40.758495622967935 ] ] ] } },
{ "type": "Feature", "properties": { "locationid": 141 }, "geometry": { "type": "Polygon", "coordinates": [ [ [ -73.961776683999972, 40.759879715999972 ], [ -73.961965736999957, 40.75961946 ], [ -73.963080735999867, 40.760083162999919 ], [ -73.963556188999931, 40.760280818999938 ], [ -73.964313535999878, 40.760599230999972 ], [ -73.966583383999904, 40.761550934999931 ], [ -73.966127472999887, 40.762179299999971 ], [ -73.96566959999997, 40.762804555999978 ], [ -73.965213280999862, 40.763431358999952 ], [ -73.964755448999881, 40.764057069999957 ], [ -73.964297903999906, 40.764681986999953 ], [ -73.963842910999929, 40.765309686000016 ], [ -73.963401540999882, 40.76591119099993 ], [ -73.96292865800001, 40.766558627999913 ], [ -73.962469989999903, 40.767184932999946 ], [ -73.962014130999947, 40.767812307999925 ], [ -73.961558242999828, 40.768437612 ], [ -73.961101706999898, 40.769059318999943 ], [ -73.960601805999787, 40.76974918699996 ], [ -73.960109551999935, 40.770432210999935 ], [ -73.959644408, 40.771064265999961 ], [ -73.959181799999897, 40.771696823999989 ], [ -73.958717073999907, 40.772331674999961 ], [ -73.958255348999984, 40.772965336999938 ], [ -73.957793804999838, 40.773599896999968 ], [ -73.957294099999856, 40.774283554999954 ], [ -73.955054815999986, 40.773336850999989 ], [ -73.952685149999937, 40.772339404999968 ], [ -73.95318747599984, 40.771656893999975 ], [ -73.953648599999823, 40.771024107999949 ], [ -73.954112452999894, 40.770389078999933 ], [ -73.954575408999915, 40.769754856999981 ], [ -73.95503700499988, 40.769120065999907 ], [ -73.9555017079999, 40.768484742999966 ], [ -73.955999086999867, 40.767803892999986 ], [ -73.956495641999936, 40.767118914999919 ], [ -73.956956070999809, 40.766493435999919 ], [ -73.957412024999854, 40.765868753999904 ], [ -73.957868740999956, 40.765242324999939 ], [ -73.958321339999884, 40.764616629999892 ], [ -73.958780811999986, 40.763990016999898 ], [ -73.959239087999933, 40.763366157999975 ], [ -73.959694585999827, 40.762740538999985 ], [ -73.960150690999896, 40.76211487499998 ], [ -73.960606492999929, 40.761487397999908 ], [ -73.961067544999921, 40.760858092999882 ], [ -73.961522085999945, 40.760230359999937 ], [ -73.961620707999813, 40.760094433999932 ], [ -73.961643632999952, 40.760059591999948 ], [ -73.96167816899991, 40.760013966999942 ], [ -73.961697333999822, 40.759987136999925 ], [ -73.961727014, 40.759949806999948 ], [ -73.961767664999954, 40.75989304099997 ], [ -73.961776683999972, 40.759879715999972 ] ] ] } },
{ "type": "Feature", "properties": { "locationid": 142 }, "geometry": { "type": "Polygon", "coordinates": [ [ [ -73.981478987999893, 40.767725058999936 ], [ -73.981553014999932, 40.767680216999921 ], [ -73.981634120999914, 40.767644723999936 ], [ -73.981734781000029, 40.767619327999931 ], [ -73.981734898999846, 40.767619299999978 ], [ -73.981735028999864, 40.767619291 ], [ -73.981843535999985, 40.767609717999989 ], [ -73.981843807999809, 40.767609690999969 ], [ -73.981844081000034, 40.767609708999927 ], [ -73.981953884999811, 40.767617578999946 ], [ -73.981954182, 40.767617596999905 ], [ -73.981954453999819, 40.767617660999903 ], [ -73.98205860599991, 40.767642448999943 ], [ -73.982058818999903, 40.767642502999976 ], [ -73.982058996999854, 40.767642574999876 ], [ -73.982151571999935, 40.76768179799992 ], [ -73.982365451, 40.76739215299996 ], [ -73.98521720299992, 40.768594629999953 ], [ -73.98806289599996, 40.769790799999953 ], [ -73.987615120999948, 40.770415442999919 ], [ -73.987145521999963, 40.771054037999917 ], [ -73.986695593999883, 40.771668182999939 ], [ -73.986654790999893, 40.771724453999951 ], [ -73.986490754999878, 40.771950673999953 ], [ -73.986454518999977, 40.772000645999924 ], [ -73.986237988999918, 40.772299256999929 ], [ -73.986184478999917, 40.772372030999882 ], [ -73.986133381999892, 40.772441522999941 ], [ -73.986020634999889, 40.772594858999916 ], [ -73.985964631999835, 40.772671022999937 ], [ -73.985821847999844, 40.772865207999935 ], [ -73.985778225999908, 40.772924532999951 ], [ -73.985757095999901, 40.772953270999942 ], [ -73.985622571999826, 40.77313621999992 ], [ -73.985567900999968, 40.773210570999964 ], [ -73.985516052999856, 40.773281082999908 ], [ -73.985469702999879, 40.773344116999944 ], [ -73.985332545999896, 40.773530645999969 ], [ -73.984879466000024, 40.774155670999953 ], [ -73.984412025999944, 40.774808077999893 ], [ -73.983971509999918, 40.775429272999951 ], [ -73.983496147999915, 40.776045860999965 ], [ -73.983046668, 40.776682676999926 ], [ -73.982582862000015, 40.777302837999919 ], [ -73.982155470999885, 40.777972294999941 ], [ -73.982117789999919, 40.77801318099997 ], [ -73.981621265999934, 40.778608082999902 ], [ -73.981135036999817, 40.779291386999937 ], [ -73.980673654, 40.77992518199995 ], [ -73.977830543999886, 40.778729730999942 ], [ -73.974997440000053, 40.777532545999932 ], [ -73.975460671999897, 40.776898502999913 ], [ -73.975955173999878, 40.77621975499995 ], [ -73.976457637999843, 40.775532351999871 ], [ -73.976911682999955, 40.774909123999933 ], [ -73.977370849999843, 40.774281006999971 ], [ -73.977826393999862, 40.773656191999955 ], [ -73.978282200999971, 40.773031878999902 ], [ -73.978722468, 40.772418897999984 ], [ -73.979192144999843, 40.771781265 ], [ -73.979652333999937, 40.771155326999946 ], [ -73.980111815999919, 40.770528368999926 ], [ -73.980563707, 40.769905324999918 ], [ -73.981022900999903, 40.76927283399997 ], [ -73.981648045999947, 40.768436321999971 ], [ -73.981545972999939, 40.768383374999921 ], [ -73.981545914999955, 40.768383338999932 ], [ -73.981453498999926, 40.768320602999971 ], [ -73.981453343999888, 40.768320494999941 ], [ -73.981453203000015, 40.768320369999941 ], [ -73.981372633999911, 40.768249315999967 ], [ -73.981325888999834, 40.768188379999927 ], [ -73.981294675999976, 40.76811880199994 ], [ -73.981282532999771, 40.768044273999934 ], [ -73.981290857, 40.767969552 ], [ -73.98129086899992, 40.767969452999971 ], [ -73.981290903999806, 40.767969363 ], [ -73.981318532999907, 40.767899001999915 ], [ -73.981362136999948, 40.767836738999947 ], [ -73.981414694999813, 40.767777872999915 ], [ -73.981478987999893, 40.767725058999936 ] ] ] } },
{ "type": "Feature", "properties": { "locationid": 143 }, "geometry": { "type": "Polygon", "coordinates": [ [ [ -73.981627873999983, 40.780328934999979 ], [ -73.981519112999763, 40.780281757999944 ], [ -73.981409486999837, 40.780235418999943 ], [ -73.980673654, 40.77992518199995 ], [ -73.981135036999817, 40.779291386999937 ], [ -73.98162126499993, 40.778608082999945 ], [ -73.982117789999919, 40.77801318099997 ], [ -73.982155470999885, 40.777972294999941 ], [ -73.982582860999827, 40.77730283799994 ], [ -73.983046668, 40.776682676999926 ], [ -73.983496147999915, 40.776045860999965 ], [ -73.983971509999819, 40.775429273999954 ], [ -73.984412025999944, 40.774808077999893 ], [ -73.984879466000024, 40.774155670999953 ], [ -73.985332545999896, 40.773530645999969 ], [ -73.985469702999879, 40.773344116999944 ], [ -73.985516052999856, 40.773281082999908 ], [ -73.985567900999968, 40.773210570999964 ], [ -73.985622571999826, 40.77313621999992 ], [ -73.985757095999901, 40.772953270999942 ], [ -73.985778225999908, 40.772924532999951 ], [ -73.985821847999844, 40.772865207999935 ], [ -73.985964631999835, 40.772671022999937 ], [ -73.986020634999889, 40.772594858999916 ], [ -73.986133381999892, 40.772441522999941 ], [ -73.986184478999917, 40.772372030999882 ], [ -73.986237988999918, 40.772299256999929 ], [ -73.986454518999977, 40.772000645999924 ], [ -73.986490754999878, 40.771950673999953 ], [ -73.986654790999893, 40.771724453999951 ], [ -73.986695593999883, 40.771668182999939 ], [ -73.987145521999963, 40.771054037999917 ], [ -73.987615120999948, 40.770415442999919 ], [ -73.98806289599996, 40.769790799999953 ], [ -73.990596446999874, 40.770854809999982 ], [ -73.990913076, 40.770987758999929 ], [ -73.993656061999872, 40.772145961999883 ], [ -73.993781897999924, 40.772199090999919 ], [ -73.99387445099994, 40.77223816799998 ], [ -73.993502621999895, 40.772751632999928 ], [ -73.993590863999898, 40.772790079999986 ], [ -73.993725346999881, 40.772864197999958 ], [ -73.993787369999893, 40.772903845999977 ], [ -73.993831082015475, 40.772931787425378 ], [ -73.9938875450122, 40.772955744081933 ], [ -73.993891252218319, 40.772955194438374 ], [ -73.993962585757146, 40.772944653454466 ], [ -73.994012624902552, 40.772882846316001 ], [ -73.994122058041171, 40.772924058513006 ], [ -73.99413665279414, 40.772901870087054 ], [ -73.994301342195527, 40.772970028831956 ], [ -73.994281535067159, 40.772993801534717 ], [ -73.994376552875423, 40.773039551050701 ], [ -73.994318634843538, 40.773121440135135 ], [ -73.994294029911785, 40.773156243995885 ], [ -73.995023276430302, 40.773481196788183 ], [ -73.995071088484806, 40.773414138832941 ], [ -73.995089391946394, 40.773388475019544 ], [ -73.995013963858185, 40.773358034713517 ], [ -73.995050284849555, 40.773297153094965 ], [ -73.996240651949222, 40.773789791198901 ], [ -73.996195837235462, 40.773852356092135 ], [ -73.996108468904083, 40.773816316007597 ], [ -73.996107781714812, 40.773817377800547 ], [ -73.996063168540843, 40.77388688680503 ], [ -73.996126977868585, 40.773913354810439 ], [ -73.99612850491377, 40.773913984951555 ], [ -73.99612636120095, 40.773916713827148 ], [ -73.996098807184779, 40.773951805149551 ], [ -73.996118351513772, 40.773960323980681 ], [ -73.996179459986763, 40.773986954175804 ], [ -73.99609524511304, 40.774086186218831 ], [ -73.996051252753304, 40.774068895803318 ], [ -73.995572265161144, 40.773870731394361 ], [ -73.993935876811264, 40.773179512586132 ], [ -73.99386194292893, 40.773269531698929 ], [ -73.993822393527239, 40.773381758623017 ], [ -73.993767019318383, 40.773483981224921 ], [ -73.99369846374411, 40.773562141052636 ], [ -73.993621995954257, 40.773632286315035 ], [ -73.993527083912014, 40.773714451955144 ], [ -73.99344271598801, 40.773770566055823 ], [ -73.993411074465428, 40.773802630980299 ], [ -73.993358326468666, 40.773926888327978 ], [ -73.992622663865461, 40.77497405603696 ], [ -73.992577842766039, 40.774956016359397 ], [ -73.992527743951499, 40.775002110439878 ], [ -73.992469745815399, 40.775024159551812 ], [ -73.992403837191773, 40.775018140390799 ], [ -73.992267089035337, 40.775116033858531 ], [ -73.99205908493721, 40.775497598192253 ], [ -73.992125372394824, 40.775509075053392 ], [ -73.992226867796873, 40.775482211026173 ], [ -73.992329346608798, 40.775468900958586 ], [ -73.992361756801074, 40.775501899766631 ], [ -73.992386042960234, 40.775557180424713 ], [ -73.992087684712629, 40.775983970821436 ], [ -73.992018779910666, 40.776073340735437 ], [ -73.991429531902114, 40.776879560545325 ], [ -73.990927174149732, 40.777566878763004 ], [ -73.990730413394786, 40.777560550242633 ], [ -73.990396160036454, 40.777585065679133 ], [ -73.990101265976548, 40.777996457516615 ], [ -73.9896488729282, 40.778627560009056 ], [ -73.989200958864302, 40.779252398651558 ], [ -73.98920068089916, 40.779252786781903 ], [ -73.989175778437968, 40.779287524015764 ], [ -73.989085194785801, 40.779407597662058 ], [ -73.988868617399916, 40.779692922911458 ], [ -73.988871874499551, 40.779713738253058 ], [ -73.989219022880562, 40.779697895209381 ], [ -73.989277859044208, 40.77972343927118 ], [ -73.989409054180086, 40.779737706471984 ], [ -73.989498614927086, 40.779725044389757 ], [ -73.989596493388277, 40.779698146683423 ], [ -73.989679812902438, 40.779677568658066 ], [ -73.989752702937778, 40.779671244211585 ], [ -73.989842247806337, 40.77968075267075 ], [ -73.989944302271397, 40.779696593271218 ], [ -73.990040102120517, 40.779707677698276 ], [ -73.990137977524881, 40.77969976970482 ], [ -73.990223368456526, 40.77968236121125 ], [ -73.990335840332108, 40.779661794395118 ], [ -73.990430598697074, 40.779664973055546 ], [ -73.990507646155109, 40.779668139123892 ], [ -73.990622199396654, 40.779676064914405 ], [ -73.990745069505365, 40.779671328184087 ], [ -73.990872114282126, 40.779646007643969 ], [ -73.990961672224302, 40.779639683751789 ], [ -73.991057472829581, 40.779652352625789 ], [ -73.99115742949688, 40.779669775606493 ], [ -73.991242817404384, 40.779671367084553 ], [ -73.991255318289731, 40.779650782516555 ], [ -73.991294887119949, 40.779630209208911 ], [ -73.991321967649782, 40.779631796041471 ], [ -73.991359455569238, 40.77958588333739 ], [ -73.99155105922739, 40.779574821437443 ], [ -73.991419825859538, 40.779755280287119 ], [ -73.988886144117018, 40.7798788985328 ], [ -73.988939656706265, 40.779956178440443 ], [ -73.98892610353073, 40.780059292013682 ], [ -73.988911680264522, 40.780096037146663 ], [ -73.98891166067348, 40.780122366770279 ], [ -73.988919261468482, 40.780226094343696 ], [ -73.988381050202634, 40.780981074045798 ], [ -73.98823241384693, 40.781233144215619 ], [ -73.988210420831649, 40.781225482542105 ], [ -73.988144181354144, 40.781365671327279 ], [ -73.988137881744848, 40.781379281274084 ], [ -73.988127461843305, 40.781401796723664 ], [ -73.987993631999885, 40.781342816999917 ], [ -73.987462198999765, 40.781108609999947 ], [ -73.987460893999966, 40.781108033999935 ], [ -73.987414326999939, 40.781087510999953 ], [ -73.987363639999984, 40.781062804999884 ], [ -73.987307727999863, 40.781041302999981 ], [ -73.987071374999857, 40.780906382 ], [ -73.986543789999942, 40.780657980999948 ], [ -73.985679360999967, 40.78031263299998 ], [ -73.98536952700006, 40.781078372999957 ], [ -73.985071842999886, 40.781779680999982 ], [ -73.983514222999986, 40.78112538999995 ], [ -73.982326163999929, 40.780623772999945 ], [ -73.981627873999983, 40.780328934999979 ] ] ] } },
{ "type": "Feature", "properties": { "locationid": 144 }, "geometry": { "type": "Polygon", "coordinates": [ [ [ -73.995809123000015, 40.716644658999925 ], [ -73.996058726999976, 40.71623163999994 ], [ -73.996983752999924, 40.716540542999915 ], [ -73.997762859999952, 40.716813928 ], [ -73.998589255999775, 40.717099511999926 ], [ -73.999312416999885, 40.71755024199993 ], [ -73.999956209, 40.718017094999922 ], [ -74.000531954999985, 40.718430238999922 ], [ -74.001272733999926, 40.718961426 ], [ -74.00140055699994, 40.719052619999914 ], [ -74.00188406299992, 40.719397570999952 ], [ -74.001523638, 40.719820797999986 ], [ -74.00142450999995, 40.719937197999982 ], [ -74.000660725, 40.720839793999964 ], [ -73.999853303999814, 40.721791787999962 ], [ -73.999521631999983, 40.722183346999913 ], [ -73.9988117219999, 40.723021408999941 ], [ -73.997785088999905, 40.724234893999949 ], [ -73.996842958999949, 40.725347837999941 ], [ -73.996771757999895, 40.725431943999958 ], [ -73.99584577599984, 40.725208352999928 ], [ -73.995329078999944, 40.72508374 ], [ -73.994908273999911, 40.724951229 ], [ -73.994179304999975, 40.724692406999942 ], [ -73.993457690999946, 40.724432895999975 ], [ -73.993398913, 40.724412504999918 ], [ -73.992671823999913, 40.724160253999869 ], [ -73.992603222999875, 40.724136449999975 ], [ -73.992632549999868, 40.724056865999948 ], [ -73.993088593999943, 40.722819097999967 ], [ -73.993259154000015, 40.722353309999981 ], [ -73.993522980999956, 40.721631692999978 ], [ -73.993795273999879, 40.720936442999935 ], [ -73.994034993999861, 40.720323010999927 ], [ -73.994377458999978, 40.719519088999974 ], [ -73.994421177999854, 40.719391298999923 ], [ -73.994807789999982, 40.718457425999915 ], [ -73.995428759, 40.717279242999972 ], [ -73.995809123000015, 40.716644658999925 ] ] ] } },
{ "type": "Feature", "properties": { "locationid": 148 }, "geometry": { "type": "Polygon", "coordinates": [ [ [ -73.984477316999985, 40.720234238999922 ], [ -73.985073423, 40.719083293999923 ], [ -73.985910923999896, 40.71933897299995 ], [ -73.98675136699994, 40.719592846 ], [ -73.987360152999955, 40.718369796999973 ], [ -73.987393931999918, 40.718303522999932 ], [ -73.987434057999963, 40.718213079999948 ], [ -73.987512080999892, 40.718072185999908 ], [ -73.987879357999972, 40.717408972999941 ], [ -73.987916459999951, 40.717335573999947 ], [ -73.987951815000031, 40.71726562799995 ], [ -73.988366262999875, 40.716445701999959 ], [ -73.989154637999789, 40.71670864699994 ], [ -73.989754181999885, 40.715552348 ], [ -73.990202359999898, 40.714664429999914 ], [ -73.990221556999884, 40.714578755999902 ], [ -73.990227509999883, 40.714491668999969 ], [ -73.990220126999887, 40.71440493999993 ], [ -73.990755153999842, 40.714554072999888 ], [ -73.99122551100001, 40.714486643999955 ], [ -73.992134864999954, 40.714419801999931 ], [ -73.992562421999892, 40.714388077 ], [ -73.992821734999922, 40.714365229999913 ], [ -73.993015883999959, 40.714355624999911 ], [ -73.993950334999909, 40.714290831999975 ], [ -73.994140390999917, 40.714268931999882 ], [ -73.994318556999872, 40.714250885000013 ], [ -73.99434786700003, 40.714247915999891 ], [ -73.994500334999927, 40.714231164 ], [ -73.994656849999927, 40.714219446999927 ], [ -73.99472479499984, 40.714215712999909 ], [ -73.994840488999913, 40.714209351999962 ], [ -73.996478309999915, 40.714107263999928 ], [ -73.997444485999878, 40.714066872999886 ], [ -73.997504452999877, 40.714069132 ], [ -73.997092233999979, 40.714618397999956 ], [ -73.996806070999924, 40.715036955999935 ], [ -73.996531281999893, 40.715491390999922 ], [ -73.996224931999919, 40.715995790999962 ], [ -73.996149291999885, 40.716084840999983 ], [ -73.996058726999976, 40.71623163999994 ], [ -73.995809123000015, 40.716644658999925 ], [ -73.995428759, 40.717279242999972 ], [ -73.994807789999982, 40.718457425999915 ], [ -73.994421177999854, 40.719391298999923 ], [ -73.994377458999978, 40.719519088999974 ], [ -73.994034993999861, 40.720323010999927 ], [ -73.993795273999879, 40.720936442999935 ], [ -73.993522979999838, 40.721631692999935 ], [ -73.993259154000015, 40.722353309999981 ], [ -73.993088593999943, 40.722819097999967 ], [ -73.992632549999982, 40.724056864999937 ], [ -73.992603221999943, 40.724136449999897 ], [ -73.992503857999836, 40.724105925 ], [ -73.991354727999976, 40.723754618999884 ], [ -73.991273070999938, 40.723729812999949 ], [ -73.991024103999877, 40.723649431999938 ], [ -73.99027361600001, 40.723426017999898 ], [ -73.989392180999957, 40.723174057999927 ], [ -73.988756831999879, 40.722970365999906 ], [ -73.988638627999961, 40.722933719999965 ], [ -73.988543613999866, 40.722903617999954 ], [ -73.98786491500006, 40.722697088999936 ], [ -73.98713584799998, 40.722469810999939 ], [ -73.986285740000028, 40.722241919999888 ], [ -73.985516861999841, 40.721985224999926 ], [ -73.984677802999954, 40.721730604999955 ], [ -73.983823872999807, 40.721472871999907 ], [ -73.983864227999916, 40.721396377999937 ], [ -73.984477316999985, 40.720234238999922 ] ] ] } },
{ "type": "Feature", "properties": { "locationid": 151 }, "geometry": { "type": "Polygon", "coordinates": [ [ [ -73.963710964999933, 40.79301293399994 ], [ -73.964175985999887, 40.792362044999905 ], [ -73.965259972999988, 40.792801370999946 ], [ -73.967013969999982, 40.79355999099996 ], [ -73.969870632999957, 40.794735204999938 ], [ -73.969415438999988, 40.795360779 ], [ -73.970732695999914, 40.795919169999927 ], [ -73.970827341999907, 40.795958599999935 ], [ -73.970930731999928, 40.796001047999916 ], [ -73.972256617999875, 40.796560864999925 ], [ -73.973651453999935, 40.797148318999881 ], [ -73.974131480999944, 40.797343788999989 ], [ -73.975070699999861, 40.797713349999924 ], [ -73.975210146999814, 40.797773547999981 ], [ -73.975398139999882, 40.797847743999945 ], [ -73.975494193999921, 40.797888551999975 ], [ -73.975633508999934, 40.797946205999928 ], [ -73.975829557999973, 40.798021996999971 ], [ -73.976355980999941, 40.798254020999984 ], [ -73.976399519152793, 40.798273210346295 ], [ -73.976285278842582, 40.798435235410189 ], [ -73.975830557852262, 40.799092280913243 ], [ -73.975781693211758, 40.799156256780279 ], [ -73.975791401301848, 40.799209627886334 ], [ -73.975762194864814, 40.799260173549293 ], [ -73.975543858220021, 40.799528250637366 ], [ -73.975267832344542, 40.799932849531729 ], [ -73.975086680679013, 40.80018953363313 ], [ -73.974964368081743, 40.800369634193927 ], [ -73.974839244359814, 40.800558243262707 ], [ -73.974665567227191, 40.800813514734273 ], [ -73.9744872252097, 40.801057428896947 ], [ -73.974143618234635, 40.80151689534123 ], [ -73.973940983666949, 40.801809025864067 ], [ -73.973899890524564, 40.801889863531194 ], [ -73.973774772460104, 40.802045845948598 ], [ -73.973720604557684, 40.802167815280278 ], [ -73.973613224638783, 40.802296860389767 ], [ -73.973542277215799, 40.802356411250372 ], [ -73.973366710678064, 40.802630113346481 ], [ -73.973205180457384, 40.802830058276328 ], [ -73.973128591209786, 40.802974715508618 ], [ -73.973070705379371, 40.803055548447475 ], [ -73.97303522902078, 40.803073973742002 ], [ -73.97292317001974, 40.803249822843917 ], [ -73.97286807262148, 40.803320734176076 ], [ -73.972871790907263, 40.803356187573954 ], [ -73.972799078000023, 40.803329158999937 ], [ -73.972657447999893, 40.803276513999954 ], [ -73.972577797999961, 40.803247183999964 ], [ -73.972500221999951, 40.803216613 ], [ -73.971503810000016, 40.802837736 ], [ -73.970325897999871, 40.802384560999975 ], [ -73.970274004999865, 40.802359035999935 ], [ -73.97021594799989, 40.802335850999967 ], [ -73.970047421999951, 40.802265009999935 ], [ -73.968583607999832, 40.801635469999944 ], [ -73.967984159999958, 40.801398265999893 ], [ -73.967873796999982, 40.801351697999969 ], [ -73.967759003999916, 40.801303515999976 ], [ -73.965711442999918, 40.800438069999906 ], [ -73.962869800999911, 40.799239676999981 ], [ -73.961477799999926, 40.798654155999984 ], [ -73.960044565, 40.798041234999943 ], [ -73.960522716999932, 40.797368468999927 ], [ -73.960979717999876, 40.796738643999959 ], [ -73.961440606999957, 40.796110827000014 ], [ -73.961899854999942, 40.795479269999944 ], [ -73.962359801999938, 40.794852060999915 ], [ -73.962805905999858, 40.794235812999965 ], [ -73.963710964999933, 40.79301293399994 ] ] ] } },
{ "type": "Feature", "properties": { "locationid": 152 }, "geometry": { "type": "Polygon", "coordinates": [ [ [ -73.953572628999808, 40.821975891999919 ], [ -73.952910290999895, 40.821696946999943 ], [ -73.950828800000025, 40.820827936999919 ], [ -73.950377105999962, 40.82144561799992 ], [ -73.94992194399984, 40.822072313999932 ], [ -73.948540297999827, 40.821487622999939 ], [ -73.948082897999825, 40.822108021999981 ], [ -73.947238446999975, 40.821753985999948 ], [ -73.946078287000049, 40.821263215999949 ], [ -73.946402897999874, 40.820572041999981 ], [ -73.946718319999846, 40.819894267999977 ], [ -73.947036231999832, 40.819208371999927 ], [ -73.947349539999834, 40.818534998 ], [ -73.947666412999865, 40.817855508999941 ], [ -73.94800732899995, 40.817116508999966 ], [ -73.948356014999888, 40.816374306 ], [ -73.948676817999981, 40.815692285999958 ], [ -73.948834912999871, 40.815363981 ], [ -73.949009277999863, 40.815039942999952 ], [ -73.949199600999847, 40.814720853999901 ], [ -73.949405505, 40.814407409000012 ], [ -73.949626396000014, 40.814100435999968 ], [ -73.949626537999976, 40.81410023899997 ], [ -73.949626680999913, 40.814100049999936 ], [ -73.949862189999948, 40.813799979999978 ], [ -73.950350192999949, 40.813159388999949 ], [ -73.950927248999932, 40.812575428999942 ], [ -73.950982033999935, 40.812521629999928 ], [ -73.95150537299989, 40.812007684999948 ], [ -73.952101251999906, 40.811442853999971 ], [ -73.953543829999845, 40.812050820999964 ], [ -73.954080583999868, 40.812280112999943 ], [ -73.955203378999855, 40.81355412899994 ], [ -73.955706901000028, 40.81414396000001 ], [ -73.956269579999869, 40.813375022999899 ], [ -73.957077384999948, 40.814298093999959 ], [ -73.957106900999889, 40.814331820999918 ], [ -73.957169299999791, 40.814403124 ], [ -73.957828218999921, 40.815156048999917 ], [ -73.958199532, 40.81558041799989 ], [ -73.958294473999942, 40.815690789999962 ], [ -73.958394966999975, 40.815796886999962 ], [ -73.95949328899988, 40.817007473999936 ], [ -73.960687178999834, 40.817510516999981 ], [ -73.961020156999794, 40.817648685999906 ], [ -73.96138875999992, 40.817818075999959 ], [ -73.961575440999923, 40.817909970999935 ], [ -73.961636135999896, 40.817939851 ], [ -73.961688059999972, 40.817966693999949 ], [ -73.961818601999838, 40.818023153999917 ], [ -73.961899849999895, 40.818047286999935 ], [ -73.962031057979686, 40.81808633074089 ], [ -73.961318331805799, 40.818894523557404 ], [ -73.960948898439682, 40.819311288872704 ], [ -73.960447284920264, 40.819877156791023 ], [ -73.959998922293408, 40.820382944802418 ], [ -73.959814626745043, 40.820297875203941 ], [ -73.959390687979223, 40.82085517835587 ], [ -73.959325662652134, 40.820946276253409 ], [ -73.959283006472887, 40.820994974413743 ], [ -73.959130615806345, 40.821168953774794 ], [ -73.959207677092579, 40.821207909349468 ], [ -73.95926255403748, 40.821235655358656 ], [ -73.959302635986717, 40.821189897523041 ], [ -73.95942624349648, 40.82125238173807 ], [ -73.959146857151964, 40.821571328551038 ], [ -73.959032941557737, 40.821513746228483 ], [ -73.95923467194001, 40.821277825270464 ], [ -73.959177127942553, 40.82124942998518 ], [ -73.959089602400894, 40.821206247055954 ], [ -73.958818922339972, 40.821518524846745 ], [ -73.958941729417049, 40.821569364009598 ], [ -73.958745236604884, 40.821805511973622 ], [ -73.958963600946177, 40.822373794142116 ], [ -73.959000182898819, 40.822409728374382 ], [ -73.959113040241064, 40.822454964645608 ], [ -73.959229762134655, 40.822286910132306 ], [ -73.959909994443976, 40.822571119822015 ], [ -73.959603324602696, 40.822994686783396 ], [ -73.958926147183078, 40.822711755441404 ], [ -73.959049533317142, 40.822541335368264 ], [ -73.958917217604338, 40.822486051371477 ], [ -73.958867454333031, 40.822450239228033 ], [ -73.958838498632446, 40.822405042077868 ], [ -73.958651260118998, 40.821918436573412 ], [ -73.958645851476632, 40.821904369631838 ], [ -73.958527315242421, 40.821843756652207 ], [ -73.958200193540193, 40.82228313691818 ], [ -73.958168053635774, 40.82245810099127 ], [ -73.958130633055362, 40.822531091460988 ], [ -73.958074679438482, 40.822611358464968 ], [ -73.957939049091166, 40.822774353547359 ], [ -73.958228381830253, 40.822887867100867 ], [ -73.958206395390988, 40.82292213191225 ], [ -73.958143127691969, 40.823020722271472 ], [ -73.95916458632307, 40.823451795483358 ], [ -73.959181960376384, 40.8234591229456 ], [ -73.959438467444286, 40.82356239229297 ], [ -73.959464541891649, 40.823571135671713 ], [ -73.959482697669401, 40.823578652665688 ], [ -73.959497474109483, 40.823586816285918 ], [ -73.959503611644934, 40.823591185797795 ], [ -73.959508979695897, 40.823595788951465 ], [ -73.957222030999958, 40.823225958999963 ], [ -73.957151874999923, 40.823213765999903 ], [ -73.957082643, 40.823201547999915 ], [ -73.956514684999846, 40.823120127999893 ], [ -73.956340103999821, 40.823092327999923 ], [ -73.955769372999882, 40.822904320999939 ], [ -73.955730749999915, 40.82289125699991 ], [ -73.955696607999897, 40.82287647699998 ], [ -73.953769274, 40.822058690999924 ], [ -73.953671034999843, 40.822017533999961 ], [ -73.953572628999808, 40.821975891999919 ] ] ] } },
{ "type": "Feature", "properties": { "locationid": 153 }, "geometry": { "type": "Polygon", "coordinates": [ [ [ -73.906665309999951, 40.87571560899994 ], [ -73.90692502800006, 40.875034670999973 ], [ -73.90716476399983, 40.874374218999975 ], [ -73.907464898000015, 40.873547353999946 ], [ -73.907742707999802, 40.872845951999928 ], [ -73.90846367899988, 40.872620791999985 ], [ -73.90872046399987, 40.872228666000019 ], [ -73.908932352207827, 40.872157347985294 ], [ -73.90897851360198, 40.872224353918639 ], [ -73.909015448051633, 40.872289587027481 ], [ -73.909059803641767, 40.872341328394917 ], [ -73.909089378754913, 40.872375075309755 ], [ -73.909099721053622, 40.872394191880247 ], [ -73.909099693223141, 40.872414425326774 ], [ -73.909139616470682, 40.872462794989971 ], [ -73.909175132786984, 40.872480814196052 ], [ -73.909191376195437, 40.872513425476569 ], [ -73.909210558841366, 40.872565146821763 ], [ -73.909246046949065, 40.872604525423277 ], [ -73.909265260191646, 40.872633761232692 ], [ -73.909271140167164, 40.872662995990012 ], [ -73.909355409805485, 40.872770977039558 ], [ -73.909439661991485, 40.872882334762103 ], [ -73.909511363139686, 40.872977383550477 ], [ -73.909543883189471, 40.873017876124415 ], [ -73.909579363870776, 40.873062866007359 ], [ -73.909589731018016, 40.873064000280586 ], [ -73.90960006660967, 40.87308761824525 ], [ -73.909637063160844, 40.873107881189405 ], [ -73.909653328232523, 40.873124751217759 ], [ -73.909674034854973, 40.87314725286425 ], [ -73.909709528980699, 40.873182129473882 ], [ -73.909716900532075, 40.873204611208564 ], [ -73.909747974698462, 40.873218124915404 ], [ -73.909786442516122, 40.873247384898661 ], [ -73.909845595786464, 40.873313761263404 ], [ -73.909907699446961, 40.873383498929151 ], [ -73.909961683045552, 40.873431320340977 ], [ -73.910016409761212, 40.873481944103865 ], [ -73.910075569094616, 40.873535955980358 ], [ -73.91009482143302, 40.873537087750194 ], [ -73.91010961470225, 40.873553965863003 ], [ -73.910103674777574, 40.873560705951689 ], [ -73.910168762145247, 40.873616964007951 ], [ -73.910179134011784, 40.873614720958663 ], [ -73.910183554087112, 40.87362708835758 ], [ -73.910189463825404, 40.873642834047224 ], [ -73.9102737818055, 40.873708094187982 ], [ -73.910355139717893, 40.873777855154366 ], [ -73.910445394768473, 40.87383862805887 ], [ -73.910506065926782, 40.873880268126655 ], [ -73.910654393079071, 40.873975943030565 ], [ -73.910809131681745, 40.874085022055567 ], [ -73.910851710900673, 40.874109737244133 ], [ -73.910921180047993, 40.874146396020024 ], [ -73.910989538207474, 40.87417963995653 ], [ -73.911069096796197, 40.874221412125898 ], [ -73.911112794811032, 40.874242725000194 ], [ -73.911157619966815, 40.874265739648557 ], [ -73.911194598216213, 40.874281940786759 ], [ -73.911252880200522, 40.874310071889987 ], [ -73.911262946990504, 40.874323704075422 ], [ -73.911271924790526, 40.874316047945243 ], [ -73.911278643178534, 40.874331369249369 ], [ -73.911310589247748, 40.874344815823449 ], [ -73.911484282977867, 40.874417921050004 ], [ -73.911510066613729, 40.874423045981807 ], [ -73.911550430667731, 40.874428183084987 ], [ -73.911571732585628, 40.874431612885942 ], [ -73.91159751286466, 40.87443928590146 ], [ -73.91159974693575, 40.874445248990362 ], [ -73.911623291856458, 40.874447815101789 ], [ -73.911627765205168, 40.874456337333243 ], [ -73.911638975035729, 40.874457192036303 ], [ -73.911650176031415, 40.874473374319997 ], [ -73.911668109500283, 40.874475944882761 ], [ -73.911671462783346, 40.874487861528323 ], [ -73.911688269754492, 40.874490431158684 ], [ -73.911692754671549, 40.874489579272741 ], [ -73.911702841784148, 40.87449639536279 ], [ -73.911734237007352, 40.874501524916241 ], [ -73.911739830123409, 40.874505788188856 ], [ -73.911770092020419, 40.874516022935161 ], [ -73.911791391835962, 40.874521144121275 ], [ -73.911809339951944, 40.874522014168271 ], [ -73.911839042564011, 40.874532671021718 ], [ -73.911859210790027, 40.874541205994454 ], [ -73.911882746722426, 40.874550578969043 ], [ -73.911896194793115, 40.874553993885847 ], [ -73.911915257441905, 40.874555719200529 ], [ -73.911920862016345, 40.874560828884505 ], [ -73.911929833243619, 40.87455827860898 ], [ -73.911933181130053, 40.874565944216535 ], [ -73.911944403769894, 40.874565952498344 ], [ -73.91194663053723, 40.874577021125816 ], [ -73.91195447088613, 40.874578728965297 ], [ -73.911957844632809, 40.874574472453595 ], [ -73.91196570064146, 40.874572777353116 ], [ -73.911969071752225, 40.87456256846292 ], [ -73.91203072161403, 40.874583037817935 ], [ -73.91208452800096, 40.874595847197213 ], [ -73.912152908130366, 40.874613775077421 ], [ -73.912176446213707, 40.874621456116536 ], [ -73.912214544799568, 40.874635099982783 ], [ -73.912215662969118, 40.874641908887547 ], [ -73.912228143969443, 40.874650562973578 ], [ -73.912228133203669, 40.874658541106179 ], [ -73.912237913593472, 40.874654558963641 ], [ -73.912252943883487, 40.874655138045718 ], [ -73.912276991621169, 40.874654021787137 ], [ -73.91227397278395, 40.874667706781025 ], [ -73.912284493803327, 40.874668291753956 ], [ -73.91229500780878, 40.874675710853623 ], [ -73.912306278717267, 40.874674574878291 ], [ -73.912311552586374, 40.874669446851556 ], [ -73.912323558024326, 40.874678586160059 ], [ -73.912333334909889, 40.874676883421209 ], [ -73.912342343049488, 40.874683733076893 ], [ -73.912337077147171, 40.874691716904167 ], [ -73.912343088657622, 40.874694008113934 ], [ -73.912349101048562, 40.874686593188891 ], [ -73.912355865219098, 40.874694017966149 ], [ -73.912349841907599, 40.874700281362642 ], [ -73.912358854889803, 40.874702575212126 ], [ -73.912364874873901, 40.874698582032124 ], [ -73.912368626057528, 40.874706004164985 ], [ -73.912377647181856, 40.874702012872952 ], [ -73.91238741516419, 40.874707162804604 ], [ -73.912394924909933, 40.874707168154998 ], [ -73.912404694935844, 40.874711740861251 ], [ -73.912422717798691, 40.874718598772382 ], [ -73.912430991009828, 40.874715183168718 ], [ -73.912440001916508, 40.874718611830119 ], [ -73.91245203282763, 40.874718043919643 ], [ -73.912457292997118, 40.874723757170784 ], [ -73.91247757264037, 40.874728338697409 ], [ -73.912488092209017, 40.874730624171342 ], [ -73.912490338076609, 40.874736902810945 ], [ -73.912502363137065, 40.874740333699044 ], [ -73.912506878710815, 40.874734060622423 ], [ -73.912519654965777, 40.874735213885614 ], [ -73.912525658189196, 40.874743773771698 ], [ -73.912529410846005, 40.87474948519845 ], [ -73.912551200576004, 40.874751780277684 ], [ -73.912555702244035, 40.874756924869409 ], [ -73.912591768083971, 40.874764363134773 ], [ -73.912618808510715, 40.87477979090896 ], [ -73.912642849732549, 40.874783798871007 ], [ -73.91267517023708, 40.874788955883496 ], [ -73.912696215060393, 40.87478954831905 ], [ -73.91270634490408, 40.874800109031902 ], [ -73.912722878893817, 40.874802400107185 ], [ -73.912728596717443, 40.874802404769191 ], [ -73.912743164996357, 40.874802415026018 ], [ -73.91275367183313, 40.874814976325567 ], [ -73.912768707801902, 40.874810998147382 ], [ -73.91278749082916, 40.874816712059449 ], [ -73.912800257227971, 40.874825286184503 ], [ -73.912806265154558, 40.874829846761493 ], [ -73.91282129694946, 40.87482985793968 ], [ -73.912848343825814, 40.87483957727126 ], [ -73.912856602057914, 40.87484757013025 ], [ -73.912869379174964, 40.874847012921677 ], [ -73.91287914404397, 40.874855007183449 ], [ -73.912884411779686, 40.874845880089431 ], [ -73.912894929236103, 40.874849887362373 ], [ -73.912904693776881, 40.874857881036426 ], [ -73.912921231210802, 40.874857893776493 ], [ -73.912936264187636, 40.874856193908776 ], [ -73.912943782596116, 40.874849347319703 ], [ -73.913500663567163, 40.875017905076987 ], [ -73.913489523970767, 40.875036077858326 ], [ -73.913499788458083, 40.875034131379842 ], [ -73.913509195030286, 40.875034786810488 ], [ -73.913509016920145, 40.875044376164553 ], [ -73.913534400864478, 40.875047196584568 ], [ -73.913548225777774, 40.875053168496152 ], [ -73.913568987245739, 40.875052129242562 ], [ -73.913582360875509, 40.875058794422671 ], [ -73.913587891937084, 40.875065803976064 ], [ -73.913601736819203, 40.875064760967376 ], [ -73.913622497919548, 40.87506547903331 ], [ -73.913631731475704, 40.875061983121668 ], [ -73.913645109613071, 40.875064793199101 ], [ -73.913652959997208, 40.875058144215018 ], [ -73.913770975053552, 40.875096107699349 ], [ -73.913863935243015, 40.875124092238195 ], [ -73.913874031093684, 40.875124100005635 ], [ -73.913882672008512, 40.875129572112591 ], [ -73.914075085698272, 40.875182799047025 ], [ -73.914068831751791, 40.875208340746511 ], [ -73.915351864791475, 40.875594734825185 ], [ -73.915383494096247, 40.875593208881526 ], [ -73.915402871210517, 40.875599410294939 ], [ -73.91542631477185, 40.875607945317441 ], [ -73.91545588514181, 40.875621131955228 ], [ -73.915469399210949, 40.875632146190028 ], [ -73.915487681771822, 40.8756367874605 ], [ -73.915510751961179, 40.875643414795697 ], [ -73.915529907939344, 40.87564574247056 ], [ -73.915552539919318, 40.875654021779674 ], [ -73.915576482644937, 40.875658336101495 ], [ -73.915585620765697, 40.875662969433108 ], [ -73.915617824169203, 40.875677866462944 ], [ -73.915672679094911, 40.875685508351026 ], [ -73.915708810794257, 40.875693136137841 ], [ -73.915720981938151, 40.875709670974885 ], [ -73.915743184429104, 40.875713322870183 ], [ -73.915786093200836, 40.875717182480372 ], [ -73.91574356, 40.875761 ], [ -73.915710276999789, 40.875795454999967 ], [ -73.914874491999868, 40.876642145999952 ], [ -73.91205829999997, 40.878119319999939 ], [ -73.911489131999843, 40.879018858999935 ], [ -73.910331935999977, 40.879038046999938 ], [ -73.909498320999873, 40.878776731999935 ], [ -73.909062359999979, 40.878486782999929 ], [ -73.908355697999909, 40.877918313999984 ], [ -73.907652816999928, 40.877428022999915 ], [ -73.907037488999975, 40.876895160999965 ], [ -73.906818730999902, 40.876619587999969 ], [ -73.906665309999951, 40.87571560899994 ] ] ] } },
{ "type": "Feature", "properties": { "locationid": 158 }, "geometry": { "type": "Polygon", "coordinates": [ [ [ -74.007791160999886, 40.741970844999862 ], [ -74.006970777999911, 40.741627126999965 ], [ -74.005365917999924, 40.740945295 ], [ -74.00515808199998, 40.740858080999942 ], [ -74.005291787999923, 40.740023222999959 ], [ -74.005390359999907, 40.739411972999989 ], [ -74.005494940999881, 40.738753922999933 ], [ -74.005591495999951, 40.738138339999956 ], [ -74.005687044999902, 40.737551878999959 ], [ -74.005796202999989, 40.736921697999939 ], [ -74.005853870999871, 40.736533225999928 ], [ -74.005960180000017, 40.735845006999952 ], [ -74.006068698999968, 40.735133213999958 ], [ -74.006181796999982, 40.734439131999913 ], [ -74.006294241999896, 40.733742041999967 ], [ -74.006407075999945, 40.733053939999891 ], [ -74.006501352999948, 40.732425874999933 ], [ -74.006624071999951, 40.731669378999982 ], [ -74.00673713399992, 40.730947065999928 ], [ -74.006856820999943, 40.730228235999945 ], [ -74.006972987999916, 40.729494989999921 ], [ -74.007090207999894, 40.728772252999974 ], [ -74.008592720999957, 40.728915276999906 ], [ -74.009349619999981, 40.728987555999907 ], [ -74.010544412999877, 40.729100097999947 ], [ -74.010672649999961, 40.729112666999931 ], [ -74.010767914999988, 40.728173957999964 ], [ -74.01087083299997, 40.728180494 ], [ -74.011004729999939, 40.728193238999928 ], [ -74.011383236023661, 40.72822927218359 ], [ -74.014390699162007, 40.728463047760059 ], [ -74.014344614741589, 40.728622183781496 ], [ -74.014219285430244, 40.72952342775563 ], [ -74.014077413911295, 40.730640409187863 ], [ -74.014086935599224, 40.730663173040313 ], [ -74.014037969248051, 40.730694218843965 ], [ -74.01401552295421, 40.730682839656104 ], [ -74.011161956964642, 40.730450676349101 ], [ -74.011086429404116, 40.731289029582278 ], [ -74.010993508791529, 40.732320417940649 ], [ -74.01094127374121, 40.733020313341314 ], [ -74.014002202146017, 40.733068001795473 ], [ -74.013999572409546, 40.733332277517761 ], [ -74.010903898832751, 40.733297617139627 ], [ -74.010894824357962, 40.733348170962145 ], [ -74.010867365577184, 40.733348834398221 ], [ -74.010840450269953, 40.733353022433995 ], [ -74.010814854576608, 40.73336061430156 ], [ -74.010791316584786, 40.733371391078954 ], [ -74.010770515046886, 40.733385042002944 ], [ -74.010753049805913, 40.733401173429442 ], [ -74.010739424500059, 40.733419320186051 ], [ -74.01073003203787, 40.733438958984543 ], [ -74.010725143268829, 40.733459523511144 ], [ -74.010724899171976, 40.733480420756848 ], [ -74.010729306790608, 40.73350104811761 ], [ -74.010738239028612, 40.733520810771317 ], [ -74.010751438314188, 40.733539138830658 ], [ -74.010768524028578, 40.733555503776635 ], [ -74.010789003479601, 40.733569433699373 ], [ -74.010812286110863, 40.733580526906522 ], [ -74.01083770052972, 40.733588463507218 ], [ -74.010864513869706, 40.733593014635971 ], [ -74.010832845632152, 40.734007094513672 ], [ -74.012017920104782, 40.73406374445635 ], [ -74.012001242224073, 40.734338401668751 ], [ -74.010813594791031, 40.734283443647577 ], [ -74.010787983317158, 40.734548293844377 ], [ -74.010709229103739, 40.735362872140186 ], [ -74.010642920178753, 40.73604869770498 ], [ -74.010677246593474, 40.736056279956834 ], [ -74.010669867512149, 40.736101931929163 ], [ -74.010687526037742, 40.736113867722786 ], [ -74.010704043453373, 40.736129184430951 ], [ -74.010717029758254, 40.736146356508883 ], [ -74.010726132319576, 40.736164917666386 ], [ -74.010731103963153, 40.736184363893706 ], [ -74.010731809685154, 40.736204167147754 ], [ -74.010728230318506, 40.736223789689717 ], [ -74.010720463054071, 40.736242698688038 ], [ -74.010708718801297, 40.736260380685671 ], [ -74.010693779065122, 40.736275949359332 ], [ -74.010675760351134, 40.736289501811925 ], [ -74.010655125841922, 40.736300689667843 ], [ -74.010654210338956, 40.736347745245915 ], [ -74.010619100774363, 40.736345390721816 ], [ -74.010568105734308, 40.736972220142519 ], [ -74.010515815767533, 40.737596064953699 ], [ -74.010476598144194, 40.738063940595076 ], [ -74.011087066359366, 40.738092750081385 ], [ -74.011067919343162, 40.738304096174076 ], [ -74.011088745867525, 40.73831752469389 ], [ -74.01110665713955, 40.738333198302684 ], [ -74.011121239611924, 40.738350755119974 ], [ -74.01113215659413, 40.738369789784464 ], [ -74.011139156025578, 40.738389862813086 ], [ -74.011118002541281, 40.73839269609244 ], [ -74.011096539381342, 40.738393322256115 ], [ -74.011075162724921, 40.738391729745899 ], [ -74.011054267154421, 40.738387947957307 ], [ -74.011051261966372, 40.738396425750679 ], [ -74.010454328646091, 40.738364506228173 ], [ -74.010428678846282, 40.738703364658747 ], [ -74.0103930313456, 40.739174296059254 ], [ -74.010498589882872, 40.739173432770443 ], [ -74.010554739968057, 40.73918623904904 ], [ -74.010746761353076, 40.739175936679636 ], [ -74.011387984065479, 40.739216056088608 ], [ -74.011484567346344, 40.739260462594117 ], [ -74.011580455023164, 40.739264536112096 ], [ -74.011588187249174, 40.73927159590032 ], [ -74.011587158166279, 40.739478870334786 ], [ -74.011633518951925, 40.73950648606624 ], [ -74.011627923117729, 40.739562474106194 ], [ -74.011555181562926, 40.739556726227335 ], [ -74.011527450204099, 40.73987377144995 ], [ -74.011592861331408, 40.739873764884145 ], [ -74.011612580173363, 40.739707600549409 ], [ -74.012348192416866, 40.739737565353678 ], [ -74.012369174000398, 40.739751646372156 ], [ -74.012374115777334, 40.73977886786772 ], [ -74.012349434283792, 40.739793890761852 ], [ -74.012286496270121, 40.739792961021266 ], [ -74.012288978471716, 40.739899042124563 ], [ -74.012313663487689, 40.739902793753409 ], [ -74.012343289170076, 40.73992062979233 ], [ -74.012356871341183, 40.739936584717491 ], [ -74.012349475522313, 40.740016379815962 ], [ -74.012323561181347, 40.740031403003748 ], [ -74.012270499101419, 40.740034226965093 ], [ -74.012263107471682, 40.740142189767738 ], [ -74.01230877290088, 40.740147812775973 ], [ -74.01232852356425, 40.740162831577486 ], [ -74.012329758601325, 40.740183488448132 ], [ -74.012310012127642, 40.740194756204048 ], [ -74.011576869242376, 40.740160099501622 ], [ -74.011586378875975, 40.739973847952584 ], [ -74.01151491736529, 40.739972863698853 ], [ -74.011460739553343, 40.740584214752545 ], [ -74.01215741913083, 40.740605998131294 ], [ -74.012153726240513, 40.740674256620778 ], [ -74.012657424899828, 40.740696652231868 ], [ -74.012659282084854, 40.740747638497524 ], [ -74.012573729969105, 40.740741731844913 ], [ -74.012573728747384, 40.74073525812522 ], [ -74.011474869188532, 40.74068706027105 ], [ -74.011374388204828, 40.740723947641371 ], [ -74.010718406096387, 40.740685593925527 ], [ -74.00963145571744, 40.74064536737432 ], [ -74.009496855203651, 40.740727011785459 ], [ -74.009491546212871, 40.740742709439807 ], [ -74.009516273582079, 40.74077358367353 ], [ -74.009518441959273, 40.740805722916939 ], [ -74.009501379058534, 40.740829223745756 ], [ -74.009462938602084, 40.7409023372403 ], [ -74.009411402661314, 40.741154093312865 ], [ -74.009581318221763, 40.741174960284823 ], [ -74.009576927916186, 40.741210656654452 ], [ -74.012162329092121, 40.741491889682692 ], [ -74.012117458721391, 40.741758516211618 ], [ -74.009519471450048, 40.741490302198649 ], [ -74.00944784072523, 40.741891591220153 ], [ -74.009277927560689, 40.741878610856162 ], [ -74.009166082584812, 40.742416591231709 ], [ -74.009024391999944, 40.742399743 ], [ -74.008893399, 40.742384166999919 ], [ -74.008790805999951, 40.742375143999965 ], [ -74.008699022999934, 40.742361722999966 ], [ -74.008204018999876, 40.742147517999896 ], [ -74.007791160999886, 40.741970844999862 ] ] ] } },
{ "type": "Feature", "properties": { "locationid": 161 }, "geometry": { "type": "Polygon", "coordinates": [ [ [ -73.975343779999932, 40.755299694999948 ], [ -73.975807393999858, 40.754677274999977 ], [ -73.975898777000026, 40.754714222999937 ], [ -73.9765156939999, 40.754974262999959 ], [ -73.97697379099985, 40.754348675999964 ], [ -73.977432592000014, 40.753717087999902 ], [ -73.9778749419999, 40.75309839199997 ], [ -73.978369692999905, 40.752416226999955 ], [ -73.979286861999924, 40.752800496999988 ], [ -73.980887098999872, 40.753480988999925 ], [ -73.984117547999986, 40.754842053 ], [ -73.983624332999881, 40.755516345999901 ], [ -73.983167960999879, 40.756140221999978 ], [ -73.982712052999787, 40.75677122799997 ], [ -73.982255287000058, 40.757387364999978 ], [ -73.981794042999923, 40.758021303 ], [ -73.98134107099996, 40.758645297999912 ], [ -73.980885745999871, 40.75927066999995 ], [ -73.980426063999943, 40.759899081 ], [ -73.979971881999873, 40.760524700999909 ], [ -73.979513191999956, 40.761148561999953 ], [ -73.979057311999867, 40.76177071999998 ], [ -73.978601693999892, 40.762396072 ], [ -73.978139316999972, 40.763024013999953 ], [ -73.977686006, 40.763644402999972 ], [ -73.974457305999891, 40.76229308399995 ], [ -73.972852504999921, 40.761614356999914 ], [ -73.971337772999917, 40.760977297999929 ], [ -73.971242773000029, 40.760936417999879 ], [ -73.971696091999846, 40.760312660999972 ], [ -73.972155954999835, 40.759681240000013 ], [ -73.972612713999894, 40.759059308 ], [ -73.97306851999987, 40.75843149399995 ], [ -73.973524195999985, 40.75780844 ], [ -73.973981831999751, 40.757179757999971 ], [ -73.974438663999777, 40.75655630599995 ], [ -73.97488727199989, 40.755923790999944 ], [ -73.975343779999932, 40.755299694999948 ] ] ] } },
{ "type": "Feature", "properties": { "locationid": 162 }, "geometry": { "type": "Polygon", "coordinates": [ [ [ -73.971217044999904, 40.755193323999983 ], [ -73.971676991999971, 40.754569630999981 ], [ -73.972136173999942, 40.753943234999944 ], [ -73.972588749999829, 40.753317887999899 ], [ -73.973045025999852, 40.752691621999929 ], [ -73.97350255899984, 40.752064931999925 ], [ -73.97395914699996, 40.751441020999984 ], [ -73.974449410999796, 40.750766444999954 ], [ -73.976048248999859, 40.751441392999972 ], [ -73.976851523999926, 40.751776493999934 ], [ -73.977107810999826, 40.751883405999941 ], [ -73.977542849999836, 40.752063555999925 ], [ -73.977676604999814, 40.752118936999942 ], [ -73.977791520999858, 40.752167594999932 ], [ -73.978369692999905, 40.752416226999955 ], [ -73.9778749419999, 40.75309839199997 ], [ -73.977432592000014, 40.753717087999902 ], [ -73.976973790000059, 40.754348675999935 ], [ -73.9765156939999, 40.754974262999959 ], [ -73.975898777000026, 40.754714222999937 ], [ -73.975807393999844, 40.754677274 ], [ -73.975343779999932, 40.755299694999948 ], [ -73.97488727199989, 40.755923790999944 ], [ -73.974438662999958, 40.756556305999922 ], [ -73.973981831999751, 40.757179757999971 ], [ -73.973524195999985, 40.75780844 ], [ -73.97306851999987, 40.75843149399995 ], [ -73.972612713999894, 40.759059308 ], [ -73.972155954999835, 40.759681240000013 ], [ -73.971696091999846, 40.760312660999972 ], [ -73.971242773000029, 40.760936417999879 ], [ -73.970750638999974, 40.761608701999968 ], [ -73.970258146999825, 40.762288752999936 ], [ -73.96980028899992, 40.762913511999976 ], [ -73.969688011999921, 40.7628659619999 ], [ -73.968186877999855, 40.76222682099997 ], [ -73.966583383999904, 40.761550934999931 ], [ -73.966571469999849, 40.76148188 ], [ -73.966994718999814, 40.760905382999965 ], [ -73.967462151999911, 40.760222905999981 ], [ -73.96792193499995, 40.759593086999921 ], [ -73.968024368999963, 40.759578139999924 ], [ -73.968479795999826, 40.758950127999917 ], [ -73.968935102999922, 40.758330091999987 ], [ -73.969394112999836, 40.757699527999947 ], [ -73.969848598999889, 40.757075957999902 ], [ -73.970313935999926, 40.756453018999935 ], [ -73.970759193999982, 40.755824850999943 ], [ -73.971217044999904, 40.755193323999983 ] ] ] } },
{ "type": "Feature", "properties": { "locationid": 163 }, "geometry": { "type": "Polygon", "coordinates": [ [ [ -73.981362136999948, 40.767836738999947 ], [ -73.979076587999913, 40.766876085999961 ], [ -73.978361130000025, 40.766573710999921 ], [ -73.976233887999953, 40.765674630999897 ], [ -73.974192289999905, 40.764806527999973 ], [ -73.973635846999898, 40.764569912999946 ], [ -73.973014871999951, 40.764278878999939 ], [ -73.971411416999956, 40.763587473999984 ], [ -73.969904892999907, 40.762958042999863 ], [ -73.96980028899992, 40.762913511999976 ], [ -73.970258146999825, 40.762288752999936 ], [ -73.970750638999974, 40.761608701999968 ], [ -73.971242773000029, 40.760936417999879 ], [ -73.971337772999917, 40.760977297999929 ], [ -73.972852504999921, 40.761614356999914 ], [ -73.974457305999891, 40.76229308399995 ], [ -73.977686006, 40.763644402999972 ], [ -73.978139316999972, 40.763024013999953 ], [ -73.978601693999892, 40.762396072 ], [ -73.981433519999953, 40.763594359999942 ], [ -73.982469707999797, 40.764033463999972 ], [ -73.984282300999865, 40.764791814999974 ], [ -73.983821857, 40.765418474999947 ], [ -73.983366578999949, 40.766045241999969 ], [ -73.982877134999882, 40.766715594999908 ], [ -73.982365451, 40.76739215299996 ], [ -73.982151572000035, 40.767681796999966 ], [ -73.982058996999854, 40.767642574999876 ], [ -73.982058818999903, 40.767642502999976 ], [ -73.98205860599991, 40.767642448999943 ], [ -73.981954453999819, 40.767617660999903 ], [ -73.981954182, 40.767617596999905 ], [ -73.981953884999811, 40.767617578999946 ], [ -73.981844081000034, 40.767609708999927 ], [ -73.981843807999809, 40.767609690999969 ], [ -73.981843535999985, 40.767609717999989 ], [ -73.981735028999864, 40.767619291 ], [ -73.981734898999846, 40.767619299999978 ], [ -73.981734781000029, 40.767619327999931 ], [ -73.981634120999914, 40.767644723999936 ], [ -73.981553014999932, 40.767680216999921 ], [ -73.981478987999893, 40.767725058999936 ], [ -73.981414694999813, 40.767777872999915 ], [ -73.981362136999948, 40.767836738999947 ] ] ] } },
{ "type": "Feature", "properties": { "locationid": 164 }, "geometry": { "type": "Polygon", "coordinates": [ [ [ -73.983625199999949, 40.743943114999951 ], [ -73.984074852999939, 40.743324717999919 ], [ -73.984137290999968, 40.743349590999962 ], [ -73.985695712999913, 40.744007640999982 ], [ -73.987298055000011, 40.744681497999942 ], [ -73.98872905499988, 40.745286373999946 ], [ -73.990517612999852, 40.746038637999952 ], [ -73.990067491999909, 40.746659282999957 ], [ -73.989616831000021, 40.747276422999917 ], [ -73.989166516999887, 40.747895434999947 ], [ -73.988714050999803, 40.748513274 ], [ -73.988237614999832, 40.749130168999969 ], [ -73.987973576999849, 40.749490778999913 ], [ -73.987769058999945, 40.749787028999961 ], [ -73.987293770999813, 40.750451608999924 ], [ -73.986849910999979, 40.75108167899991 ], [ -73.986399308999879, 40.751699985999977 ], [ -73.985946530999939, 40.752316804999914 ], [ -73.985488190999845, 40.752935179999973 ], [ -73.985043637999951, 40.753554148999896 ], [ -73.984595843, 40.754176941999951 ], [ -73.984117547999986, 40.754842053 ], [ -73.980887098999872, 40.753480988999925 ], [ -73.981371431999889, 40.752813855999982 ], [ -73.981822442999828, 40.752197126999903 ], [ -73.982274903999809, 40.751577297999894 ], [ -73.982723874999905, 40.750958943999962 ], [ -73.983174162999802, 40.750342209999943 ], [ -73.983621411, 40.749723770999964 ], [ -73.984076361000021, 40.749102124999972 ], [ -73.982472119999855, 40.748431500999899 ], [ -73.980942499999969, 40.747790070999962 ], [ -73.980850544999981, 40.747750369999984 ], [ -73.981340686999971, 40.747078663999972 ], [ -73.981774553000022, 40.746496798999935 ], [ -73.981833650999874, 40.746416591 ], [ -73.982278726999866, 40.745797562999904 ], [ -73.98233039299987, 40.745726411999982 ], [ -73.982726864999989, 40.745180413999904 ], [ -73.983174118999955, 40.744560310999937 ], [ -73.983625199999949, 40.743943114999951 ] ] ] } },
{ "type": "Feature", "properties": { "locationid": 166 }, "geometry": { "type": "Polygon", "coordinates": [ [ [ -73.957077384999948, 40.814298093999959 ], [ -73.956269579999869, 40.813375022999899 ], [ -73.955706901000028, 40.81414396000001 ], [ -73.955203378999855, 40.81355412899994 ], [ -73.954080583999868, 40.812280112999943 ], [ -73.953543829999845, 40.812050820999964 ], [ -73.952101251999906, 40.811442853999971 ], [ -73.952591257999899, 40.810765333 ], [ -73.95307869999975, 40.810094084999918 ], [ -73.953276548999895, 40.809879603999924 ], [ -73.953575777999902, 40.809476697999948 ], [ -73.954966570999915, 40.810064554999975 ], [ -73.955429748999833, 40.809429152999968 ], [ -73.955884175999856, 40.80880224899991 ], [ -73.956344937000011, 40.808173353999948 ], [ -73.95680543799989, 40.80754570899996 ], [ -73.957265815999847, 40.806916171000019 ], [ -73.95772176, 40.806290988999933 ], [ -73.958181672999956, 40.805596790999935 ], [ -73.958254825999873, 40.804713877999951 ], [ -73.958203008, 40.803894270999955 ], [ -73.958248782999874, 40.803106485999926 ], [ -73.958688393999978, 40.802469793999897 ], [ -73.959147410999933, 40.801843759999947 ], [ -73.959646853999871, 40.801156422999959 ], [ -73.961077939999754, 40.801800357999895 ], [ -73.963861262999885, 40.802972037999957 ], [ -73.966597315999863, 40.804122764999988 ], [ -73.966701068999953, 40.804168475999958 ], [ -73.966803272999968, 40.804207560999963 ], [ -73.968048492999884, 40.804683699999956 ], [ -73.968495066999836, 40.804832269999984 ], [ -73.968559133999847, 40.804853583999964 ], [ -73.968607073999877, 40.804870949999938 ], [ -73.969787220000015, 40.805300497 ], [ -73.970693264999952, 40.805630267999966 ], [ -73.970763623999929, 40.805657372999924 ], [ -73.970841483999948, 40.805685343999897 ], [ -73.971107658761369, 40.805790139589682 ], [ -73.970459902266072, 40.806631093988301 ], [ -73.97021400799224, 40.806935706153382 ], [ -73.969882906146907, 40.807364788481301 ], [ -73.969772889433258, 40.807525282643788 ], [ -73.969559347973473, 40.807795500999006 ], [ -73.969111735658245, 40.808406370069001 ], [ -73.969091032443686, 40.808430165078462 ], [ -73.968916784840403, 40.808630780559817 ], [ -73.96885218645302, 40.80875198661716 ], [ -73.968662647649225, 40.808963292678285 ], [ -73.968557477712054, 40.809072894323606 ], [ -73.968544206337654, 40.809145110392791 ], [ -73.968463486116534, 40.809318714019938 ], [ -73.9684247350703, 40.809394060333084 ], [ -73.968239527321543, 40.809662683894473 ], [ -73.968153375120536, 40.809765881408822 ], [ -73.96811675018661, 40.80980683624049 ], [ -73.968131865927148, 40.809844489225064 ], [ -73.967960653117402, 40.810100010069348 ], [ -73.967883124975316, 40.810201565182219 ], [ -73.967880991740003, 40.810244147324532 ], [ -73.967794848344312, 40.810366997374054 ], [ -73.967721600952189, 40.810434161110955 ], [ -73.967704390523053, 40.810488199884418 ], [ -73.967667789408921, 40.81055044594288 ], [ -73.967620388246232, 40.810584850394335 ], [ -73.967620414225905, 40.810630701540006 ], [ -73.967543972705187, 40.810773199724146 ], [ -73.96740185312369, 40.81102215539709 ], [ -73.967130487585848, 40.811387420074027 ], [ -73.967041111802899, 40.811520099626918 ], [ -73.967002321440489, 40.811547948029677 ], [ -73.966922655084375, 40.811690446533724 ], [ -73.966881750149398, 40.811773976428213 ], [ -73.966749307879425, 40.811981985514429 ], [ -73.966633007600635, 40.812153970788096 ], [ -73.966529623218577, 40.812285015524871 ], [ -73.966391777208756, 40.812473373162 ], [ -73.966277627167585, 40.812638812502854 ], [ -73.966158092239525, 40.812815702791269 ], [ -73.966106395394931, 40.812863206936306 ], [ -73.965882409451083, 40.813200626348603 ], [ -73.96579194974646, 40.81332838170006 ], [ -73.965658401612657, 40.813498731492452 ], [ -73.965489750129635, 40.813747072367896 ], [ -73.965489324248949, 40.813747693756333 ], [ -73.965347065516866, 40.813939651896746 ], [ -73.965107842674087, 40.814275476532337 ], [ -73.965095119063108, 40.814319572659187 ], [ -73.964324833913636, 40.815512737010685 ], [ -73.964140828882933, 40.815771657453944 ], [ -73.963403951022798, 40.81668419794029 ], [ -73.963127024037959, 40.816955095336439 ], [ -73.963085296940889, 40.817006113433166 ], [ -73.962719133920743, 40.817368490757389 ], [ -73.962031057979686, 40.81808633074089 ], [ -73.961899849999895, 40.818047286999935 ], [ -73.961818603, 40.818023153999981 ], [ -73.961688060999975, 40.817966693999985 ], [ -73.961636135999896, 40.817939851 ], [ -73.961575440999923, 40.817909970999935 ], [ -73.96138875999992, 40.817818075999959 ], [ -73.961020156999794, 40.817648685999906 ], [ -73.960687178999834, 40.817510516999981 ], [ -73.95949328899988, 40.817007473999936 ], [ -73.958394965999801, 40.815796886999962 ], [ -73.958294473999942, 40.815690789999962 ], [ -73.958199532, 40.81558041799989 ], [ -73.957828218999921, 40.815156048999917 ], [ -73.957169299999791, 40.814403124 ], [ -73.957106899999943, 40.814331820999918 ], [ -73.957077384999948, 40.814298093999959 ] ] ] } },
{ "type": "Feature", "properties": { "locationid": 170 }, "geometry": { "type": "Polygon", "coordinates": [ [ [ -73.972033310999834, 40.74580496799998 ], [ -73.972129588999863, 40.745680901999989 ], [ -73.972575982999771, 40.745067854999967 ], [ -73.97302670299986, 40.744450040999965 ], [ -73.973508350000031, 40.743782033999928 ], [ -73.975224199999857, 40.744504681999921 ], [ -73.975881176999948, 40.744779223999949 ], [ -73.977359889999946, 40.745404215999983 ], [ -73.978123781999827, 40.745727172999914 ], [ -73.978607132999841, 40.745057830999926 ], [ -73.979058494999904, 40.744443551999929 ], [ -73.97950791, 40.743825200999986 ], [ -73.979958997999958, 40.743205200999952 ], [ -73.980409980999866, 40.7425871599999 ], [ -73.980859653999929, 40.74196976799994 ], [ -73.982455208, 40.742646959999981 ], [ -73.98400852, 40.743299017999988 ], [ -73.984074852999939, 40.743324717999919 ], [ -73.983625199999949, 40.743943114999951 ], [ -73.983174118999955, 40.744560310999937 ], [ -73.982726864999989, 40.745180413999904 ], [ -73.98233039299987, 40.745726411999982 ], [ -73.982278726999866, 40.745797562999904 ], [ -73.981833650999874, 40.746416591 ], [ -73.981774553000022, 40.746496798999935 ], [ -73.981340686999971, 40.747078663999972 ], [ -73.98085054399985, 40.747750369999942 ], [ -73.980942499999969, 40.747790070999962 ], [ -73.982472119999855, 40.748431500999899 ], [ -73.984076361000021, 40.749102124999972 ], [ -73.983621411, 40.749723770999964 ], [ -73.983174162999887, 40.750342208999975 ], [ -73.982723873999959, 40.750958943999933 ], [ -73.982274903999809, 40.751577297999894 ], [ -73.981822442999828, 40.752197126999903 ], [ -73.981371431999889, 40.752813855999982 ], [ -73.980887098999872, 40.753480988999925 ], [ -73.979286861999924, 40.752800496999988 ], [ -73.978369692999905, 40.752416226999955 ], [ -73.977791520999858, 40.752167594999932 ], [ -73.977676604999814, 40.752118936999942 ], [ -73.977542849999836, 40.752063555999925 ], [ -73.977107810999826, 40.751883405999941 ], [ -73.976851523999926, 40.751776493999934 ], [ -73.976048248999859, 40.751441392999972 ], [ -73.974449410999796, 40.750766444999954 ], [ -73.974934711999893, 40.750099627999965 ], [ -73.975382958999859, 40.749483057999974 ], [ -73.975834666999901, 40.748863146000012 ], [ -73.974970005999879, 40.748501848999901 ], [ -73.973591875999972, 40.74791866299995 ], [ -73.972737919999901, 40.747557989999983 ], [ -73.97121971999988, 40.746921541 ], [ -73.971657405999835, 40.746303693999984 ], [ -73.971748106999769, 40.74618613899991 ], [ -73.971944289000021, 40.745931871999922 ], [ -73.972033310999834, 40.74580496799998 ] ] ] } },
{ "type": "Feature", "properties": { "locationid": 186 }, "geometry": { "type": "Polygon", "coordinates": [ [ [ -73.990968327999951, 40.745420889999906 ], [ -73.991418585999938, 40.744802681999921 ], [ -73.994262585999962, 40.746003980999916 ], [ -73.997099028999941, 40.74720510199996 ], [ -73.996647043999886, 40.747822728999978 ], [ -73.996196554999926, 40.748439328000011 ], [ -73.995748555999867, 40.749052195999937 ], [ -73.995298214999792, 40.74967168299996 ], [ -73.994843637999892, 40.750293308999943 ], [ -73.994379468999824, 40.750930389999965 ], [ -73.993948256999843, 40.751522221999977 ], [ -73.993464176999851, 40.752190054999922 ], [ -73.992117088999919, 40.751622077999912 ], [ -73.990622199999862, 40.750991753999983 ], [ -73.987936874999889, 40.749854966999976 ], [ -73.987769058999945, 40.749787028999961 ], [ -73.987973576999849, 40.749490778999913 ], [ -73.988237614999832, 40.749130168999969 ], [ -73.988714050999803, 40.748513274 ], [ -73.989166516999887, 40.747895434999947 ], [ -73.989616831000021, 40.747276422999917 ], [ -73.990067491999909, 40.746659282999957 ], [ -73.990517612999852, 40.746038637999952 ], [ -73.990968327999951, 40.745420889999906 ] ] ] } },
{ "type": "Feature", "properties": { "locationid": 194 }, "geometry": { "type": "Polygon", "coordinates": [ [ [ -73.916398529140437, 40.79768484203899 ], [ -73.915454709664189, 40.797063466030977 ], [ -73.914438272332973, 40.795665517863881 ], [ -73.913804282767927, 40.794511846456011 ], [ -73.913783853705937, 40.793836285482115 ], [ -73.914592084677594, 40.792776601959133 ], [ -73.915141344261045, 40.792012482994913 ], [ -73.915356989103586, 40.791843049507705 ], [ -73.915521178462754, 40.791783250249388 ], [ -73.916305770760999, 40.791117369952651 ], [ -73.916169656525625, 40.79101537285414 ], [ -73.916854419600597, 40.790358447884707 ], [ -73.917078004303974, 40.79045626926618 ], [ -73.917106223128812, 40.790468617239412 ], [ -73.917840719220308, 40.790171319937421 ], [ -73.918123308711259, 40.790040239934257 ], [ -73.918433384656609, 40.789803964336706 ], [ -73.918562997749802, 40.789695333825932 ], [ -73.918590013667824, 40.789474103908667 ], [ -73.918508769590929, 40.789425089769423 ], [ -73.921888983708314, 40.785701197162908 ], [ -73.921991950970977, 40.785753949919638 ], [ -73.922188311576534, 40.785509278139301 ], [ -73.922852032801373, 40.783555693417725 ], [ -73.923064731393907, 40.783342884774285 ], [ -73.924011457826438, 40.782660689825043 ], [ -73.924013647387596, 40.782657643982596 ], [ -73.924062088291564, 40.782590278452112 ], [ -73.924121139967866, 40.782523074010847 ], [ -73.924236218758196, 40.782496915589306 ], [ -73.92424754901657, 40.782494339126607 ], [ -73.924310779586847, 40.782455956554323 ], [ -73.924480522804188, 40.782320490645951 ], [ -73.924673296718723, 40.78224486000105 ], [ -73.924883947717021, 40.782222582773585 ], [ -73.925060879088079, 40.782216293972866 ], [ -73.925140215191462, 40.78224376759573 ], [ -73.925153518403448, 40.782248374807814 ], [ -73.925241953080842, 40.782274048848571 ], [ -73.925389390879801, 40.782274144398848 ], [ -73.92571808678538, 40.782176557944602 ], [ -73.927137540686232, 40.781194268623601 ], [ -73.927324225748521, 40.781090629324304 ], [ -73.927544107685122, 40.781050635401677 ], [ -73.927603954745393, 40.781039748349059 ], [ -73.92769650608254, 40.781014785266549 ], [ -73.92778746547549, 40.780989858917643 ], [ -73.928101189936626, 40.780920320021096 ], [ -73.928492695806739, 40.781008353240509 ], [ -73.929173527953253, 40.781410578771052 ], [ -73.930309881647204, 40.782077335895345 ], [ -73.93063819695584, 40.782261413024422 ], [ -73.931053528039214, 40.782396593783275 ], [ -73.932670806052101, 40.782693639812408 ], [ -73.935023451172356, 40.783006382014378 ], [ -73.935405662921141, 40.783394499134076 ], [ -73.935812997992983, 40.783710081268836 ], [ -73.93598226003293, 40.783942368053239 ], [ -73.936070646584923, 40.784217215810138 ], [ -73.936053327207588, 40.784512368076825 ], [ -73.936002712203532, 40.784675370903727 ], [ -73.935918238700353, 40.784806879981772 ], [ -73.935793453244244, 40.785254781152048 ], [ -73.935763848064582, 40.785446039146379 ], [ -73.935712659988454, 40.785680489246282 ], [ -73.933147493831527, 40.788691282071206 ], [ -73.932707073189675, 40.789167192182148 ], [ -73.932406735639219, 40.789718503046537 ], [ -73.932243245886838, 40.789692515205793 ], [ -73.931475953148762, 40.790479159128907 ], [ -73.930841787196385, 40.790991430000815 ], [ -73.930729405018837, 40.790955114215421 ], [ -73.929784430041508, 40.791341475364568 ], [ -73.929724007909471, 40.791366178171572 ], [ -73.929666105212917, 40.791355786226518 ], [ -73.928719489633806, 40.790943532756252 ], [ -73.928594598239783, 40.790966924151945 ], [ -73.92807273587826, 40.790823391141586 ], [ -73.927373268990976, 40.790810825167277 ], [ -73.926922582785593, 40.790788693002035 ], [ -73.926808236972931, 40.790764440185455 ], [ -73.926667143730185, 40.790734513893611 ], [ -73.92641834021488, 40.790693376193566 ], [ -73.926254314743218, 40.790694533008512 ], [ -73.9261041024332, 40.790731607310008 ], [ -73.92606242622999, 40.790827936163666 ], [ -73.926065712538332, 40.790936682760012 ], [ -73.926086077817601, 40.791004012938792 ], [ -73.926089386647021, 40.791092046137024 ], [ -73.926045004981631, 40.791177459321268 ], [ -73.926048314009563, 40.791265491932727 ], [ -73.92608708144499, 40.791354133084582 ], [ -73.926112877190505, 40.791413114098795 ], [ -73.92615360747125, 40.791547774940142 ], [ -73.926160339905067, 40.791620275177195 ], [ -73.926160233779015, 40.791716073510926 ], [ -73.926272609816451, 40.791757571034502 ], [ -73.926442901766436, 40.7917965176973 ], [ -73.926548474529199, 40.791827654213549 ], [ -73.926568880179303, 40.791858736818639 ], [ -73.926514330190585, 40.791897539443383 ], [ -73.926279288088338, 40.791879265875323 ], [ -73.926146460747319, 40.79184811016755 ], [ -73.925928399875147, 40.79187645092194 ], [ -73.925764899237436, 40.791858221806685 ], [ -73.925636085867453, 40.791823155741653 ], [ -73.925587791477497, 40.79182185999818 ], [ -73.925580940014072, 40.791855514108185 ], [ -73.925608147810152, 40.791896958281505 ], [ -73.926170250868907, 40.791899908129416 ], [ -73.926429096608786, 40.79195703508011 ], [ -73.926630103657828, 40.791946806944466 ], [ -73.926667753804324, 40.791940572139616 ], [ -73.926739138861379, 40.791928751852339 ], [ -73.926701770766329, 40.791832930109798 ], [ -73.926640495785279, 40.791791464226385 ], [ -73.926579171740485, 40.791794015171526 ], [ -73.926507654131555, 40.791773256479068 ], [ -73.926368102801604, 40.791661834192169 ], [ -73.926330803928821, 40.791503873114259 ], [ -73.926344714931147, 40.791247557059698 ], [ -73.926426626154793, 40.791110386293639 ], [ -73.926488043118638, 40.791022393999754 ], [ -73.926565848079875, 40.790979501856619 ], [ -73.926702722811413, 40.7909681588838 ], [ -73.926738855941139, 40.790974120837234 ], [ -73.926828745826057, 40.790988952076738 ], [ -73.926944561089186, 40.790999382012735 ], [ -73.927019506898162, 40.790999429752816 ], [ -73.927114877132354, 40.791015024230283 ], [ -73.927165996839435, 40.790996933453563 ], [ -73.927240942867343, 40.790996980621735 ], [ -73.927315878793493, 40.79100738396172 ], [ -73.92738061595081, 40.790997068665995 ], [ -73.927438568600181, 40.790960857122847 ], [ -73.92751010802489, 40.79096090213126 ], [ -73.927561205829676, 40.790963523663706 ], [ -73.927653190891363, 40.790958402864582 ], [ -73.927784099642395, 40.790941603827108 ], [ -73.927868892205197, 40.790954838317255 ], [ -73.927893287154703, 40.790978846340536 ], [ -73.927902027597028, 40.791009818668364 ], [ -73.927910535831401, 40.79103914679127 ], [ -73.927893744992801, 40.791091111210534 ], [ -73.927659828030983, 40.791348334265315 ], [ -73.92757830264749, 40.791460474869602 ], [ -73.927320657042983, 40.791743160229835 ], [ -73.927276644620733, 40.791767327255982 ], [ -73.927232860762089, 40.791791368188967 ], [ -73.92713563764022, 40.791929306801535 ], [ -73.927801414861932, 40.791997479131219 ], [ -73.928000535862409, 40.792133640953494 ], [ -73.928267202980791, 40.792328523974071 ], [ -73.928319435991199, 40.793091266082769 ], [ -73.928292199932798, 40.793150822240598 ], [ -73.928262215993414, 40.793202875153526 ], [ -73.927352245787986, 40.79446084678262 ], [ -73.927243622029138, 40.794779710855003 ], [ -73.92709775283825, 40.79510394223805 ], [ -73.927051177468257, 40.795178784064632 ], [ -73.927011554738201, 40.795255903895793 ], [ -73.92697907687112, 40.795334928943284 ], [ -73.926953900832473, 40.795415477815858 ], [ -73.926936148450395, 40.795497160940542 ], [ -73.926925904622621, 40.795579584003605 ], [ -73.92692321960746, 40.795662348903207 ], [ -73.926904927141535, 40.795983851767993 ], [ -73.926890669809239, 40.796234524362418 ], [ -73.926889678639498, 40.796252011431356 ], [ -73.926951923779811, 40.796708432142211 ], [ -73.927038456858213, 40.796988795207518 ], [ -73.927111514162306, 40.797197880067394 ], [ -73.927185148003787, 40.797349896718728 ], [ -73.927202998122198, 40.797386747692791 ], [ -73.927216892785964, 40.797415433248851 ], [ -73.927277202844493, 40.797407453074307 ], [ -73.927439221926448, 40.797710538108021 ], [ -73.927475886017447, 40.798122899832507 ], [ -73.92726293295631, 40.7989186450611 ], [ -73.926919956578928, 40.799837590489972 ], [ -73.926901054221446, 40.799888236676104 ], [ -73.926882617771739, 40.79994076875164 ], [ -73.926854101863213, 40.799987559023066 ], [ -73.926806076717639, 40.800035900768812 ], [ -73.926695726147713, 40.800146977076274 ], [ -73.926665654901811, 40.800182714017872 ], [ -73.926553516768095, 40.800315172960694 ], [ -73.926538464450161, 40.80033389815398 ], [ -73.926502502877497, 40.800374917153412 ], [ -73.926677818009395, 40.800449689468749 ], [ -73.926552418042405, 40.800604825046186 ], [ -73.926509548836407, 40.800657031262276 ], [ -73.925880463188719, 40.801551741963046 ], [ -73.925824946193543, 40.801642489889119 ], [ -73.925775518058643, 40.801730600998177 ], [ -73.925698261893118, 40.801810871426618 ], [ -73.925492935465087, 40.801956168825328 ], [ -73.925290306025971, 40.801995586077744 ], [ -73.925275210201207, 40.801998522743411 ], [ -73.924360441075564, 40.801985553419058 ], [ -73.922633785948818, 40.801868738141174 ], [ -73.922155388988216, 40.801626469974899 ], [ -73.921910922295652, 40.801502666253526 ], [ -73.921337524192737, 40.800852107502259 ], [ -73.921135947090917, 40.800475460096578 ], [ -73.921033176451317, 40.800265281858124 ], [ -73.920838987131219, 40.800012598006703 ], [ -73.920578781166554, 40.799668148460263 ], [ -73.920354798937311, 40.7994228523606 ], [ -73.920314655212195, 40.799375459290076 ], [ -73.919237857643466, 40.798881067682856 ], [ -73.919145737482523, 40.798838987346002 ], [ -73.919065602821433, 40.798802797319389 ], [ -73.918994968434319, 40.798771843204499 ], [ -73.918987244578503, 40.798769712219887 ], [ -73.918910761005648, 40.79874013836826 ], [ -73.917979920581899, 40.798380201927579 ], [ -73.917902798109296, 40.798362653231521 ], [ -73.916629852477982, 40.797858139437203 ], [ -73.916398529140437, 40.79768484203899 ] ] ] } },
{ "type": "Feature", "properties": { "locationid": 202 }, "geometry": { "type": "Polygon", "coordinates": [ [ [ -73.941800327294374, 40.769046926624767 ], [ -73.942568061421397, 40.768505905731516 ], [ -73.942855286206893, 40.768303494409359 ], [ -73.943219235201028, 40.767892643853301 ], [ -73.943814273227616, 40.767220912049901 ], [ -73.944223430892308, 40.766664977889889 ], [ -73.944840266522107, 40.765823628390876 ], [ -73.946237879598229, 40.764285014549728 ], [ -73.946621414086849, 40.76386277208092 ], [ -73.946824602283854, 40.763617633234503 ], [ -73.947088769295178, 40.763298921086758 ], [ -73.947882683892033, 40.76236569759206 ], [ -73.9479297966422, 40.762310316259814 ], [ -73.948324595250256, 40.761846230001218 ], [ -73.948331972281835, 40.761837558821775 ], [ -73.94896770106449, 40.761090236621975 ], [ -73.949431754971144, 40.760548617361209 ], [ -73.949712267000265, 40.760328917384804 ], [ -73.950333588144758, 40.759856755553635 ], [ -73.951260059087659, 40.758810116371784 ], [ -73.951486262830329, 40.758666455854488 ], [ -73.951711904110297, 40.758462494201481 ], [ -73.95177822026001, 40.758402549877012 ], [ -73.952092330226293, 40.757993140344873 ], [ -73.952176634236935, 40.757831336440077 ], [ -73.952211463420596, 40.75758363983298 ], [ -73.952540793368811, 40.757095314537295 ], [ -73.953121565461785, 40.756523804827133 ], [ -73.95322009963138, 40.756426842320366 ], [ -73.953268886109996, 40.756381044103385 ], [ -73.953306960358532, 40.756344327127543 ], [ -73.953345564628862, 40.756311375667487 ], [ -73.953405830519671, 40.756258531877307 ], [ -73.95409527736291, 40.755654928945404 ], [ -73.955073269281442, 40.754798682554814 ], [ -73.955195031835459, 40.754774523476229 ], [ -73.955794152377038, 40.754161547408692 ], [ -73.956924043046385, 40.752961159891271 ], [ -73.957210035312983, 40.752715356831743 ], [ -73.957914524931809, 40.752109854525358 ], [ -73.958607557564193, 40.751613323987009 ], [ -73.959039759873363, 40.75139248511163 ], [ -73.95902757442488, 40.751297369850981 ], [ -73.959412351075713, 40.750947663845189 ], [ -73.959558759307953, 40.750814597762009 ], [ -73.959901870818712, 40.750558515353582 ], [ -73.960391705725399, 40.750256186117355 ], [ -73.960829033923758, 40.749910550705295 ], [ -73.961040192669785, 40.749670844523543 ], [ -73.961173729608646, 40.74949844307389 ], [ -73.961424779365203, 40.749401291404041 ], [ -73.96158304969282, 40.749414301053221 ], [ -73.961607994712196, 40.749564316755112 ], [ -73.961550800522488, 40.749773889852854 ], [ -73.961320034043709, 40.750074671967468 ], [ -73.961110601709322, 40.750600469450426 ], [ -73.960709408550599, 40.751148498122099 ], [ -73.960267661863682, 40.751580713811478 ], [ -73.960011323979458, 40.751831517167574 ], [ -73.959493528916155, 40.752972403252862 ], [ -73.959016166637326, 40.753595059478684 ], [ -73.958926711104581, 40.753562492180755 ], [ -73.958458368528227, 40.753949236752433 ], [ -73.957680728800227, 40.754821961082804 ], [ -73.956894769800101, 40.755703995161937 ], [ -73.956463487864909, 40.756187982772865 ], [ -73.955985634550004, 40.756724225403801 ], [ -73.955655131820492, 40.757095105862945 ], [ -73.955592862867093, 40.757222800086801 ], [ -73.95556724783259, 40.757257666843088 ], [ -73.95553464388513, 40.75729603423418 ], [ -73.955504255122406, 40.757333456036328 ], [ -73.955464553903866, 40.757377368105956 ], [ -73.955445890074685, 40.757399251221401 ], [ -73.9549940600116, 40.757929019328607 ], [ -73.95365747474159, 40.759496101375184 ], [ -73.953323216089473, 40.759745964343708 ], [ -73.953391407169804, 40.759796762178851 ], [ -73.953124515524578, 40.760052758214748 ], [ -73.952977882080177, 40.759962107938385 ], [ -73.952312570725454, 40.76063375519734 ], [ -73.952086322832599, 40.760862154202435 ], [ -73.95187667349164, 40.761245582899051 ], [ -73.95162504986979, 40.761678863802885 ], [ -73.950971916471943, 40.762494507753722 ], [ -73.950937349140261, 40.762570495118908 ], [ -73.950730687913421, 40.762758225216871 ], [ -73.950375480871884, 40.763173845290247 ], [ -73.949971917251219, 40.763646030158519 ], [ -73.949203760113832, 40.764269643916428 ], [ -73.949086287957655, 40.764264027137479 ], [ -73.948813153081886, 40.76461075423434 ], [ -73.947701090063816, 40.766022397162629 ], [ -73.946552739465247, 40.76736820528329 ], [ -73.945914588527913, 40.768213939009364 ], [ -73.945851123165241, 40.768247750117787 ], [ -73.945844514118889, 40.768321228125693 ], [ -73.945753613167653, 40.768301671213628 ], [ -73.945703572843144, 40.768327934155721 ], [ -73.945596585179246, 40.768470865002548 ], [ -73.945481142946363, 40.768624779218875 ], [ -73.945627210967231, 40.768692953089435 ], [ -73.945563020243469, 40.768801776013532 ], [ -73.945404918750057, 40.768732173019337 ], [ -73.945382081894735, 40.768763203023973 ], [ -73.945245103206673, 40.768773268155194 ], [ -73.945157042107553, 40.769118317875822 ], [ -73.945090657970397, 40.769213721159012 ], [ -73.944723532103268, 40.769734058941978 ], [ -73.94472478498723, 40.769786271767387 ], [ -73.944672932916674, 40.769819968026653 ], [ -73.944561615087721, 40.769886395963717 ], [ -73.944270070317501, 40.770140535378651 ], [ -73.94400423978152, 40.770293982075351 ], [ -73.943204141571059, 40.770992399874338 ], [ -73.942817109801382, 40.771410860851162 ], [ -73.942578303004922, 40.771701856859238 ], [ -73.942126746234038, 40.772034700754688 ], [ -73.94136990721195, 40.772309150913898 ], [ -73.940887072058132, 40.772372515888073 ], [ -73.940569574102881, 40.772614758982066 ], [ -73.94027460960578, 40.772947437449055 ], [ -73.940179598020478, 40.772959315797159 ], [ -73.94007665725826, 40.772926186178999 ], [ -73.940011572791704, 40.772842360776338 ], [ -73.940184512245082, 40.772564906804185 ], [ -73.940282079242024, 40.772301406991254 ], [ -73.940277667223498, 40.771713141739582 ], [ -73.94020021779653, 40.771128305662771 ], [ -73.940228703890767, 40.770852261664473 ], [ -73.940279858293252, 40.770670711009814 ], [ -73.940355334775063, 40.770496574371123 ], [ -73.940826053002439, 40.769912157268138 ], [ -73.941117787180204, 40.769414408574676 ], [ -73.941219341730076, 40.769334343122303 ], [ -73.941259753826017, 40.76930887939276 ], [ -73.941800327294374, 40.769046926624767 ] ] ] } },
{ "type": "Feature", "properties": { "locationid": 209 }, "geometry": { "type": "Polygon", "coordinates": [ [ [ -74.004998050999959, 40.712011896999918 ], [ -74.004906745999918, 40.711972279 ], [ -74.004428603999941, 40.711786225999944 ], [ -74.004181438999922, 40.711687141999953 ], [ -74.003823587999946, 40.711551861999951 ], [ -74.003661182999977, 40.711487283 ], [ -74.003364074999922, 40.711269414 ], [ -74.003324416999902, 40.71123748299992 ], [ -74.002579669999903, 40.710637896999884 ], [ -74.002238697999971, 40.710363931999908 ], [ -74.001736888999915, 40.709960169999967 ], [ -74.001559081999986, 40.709817107999953 ], [ -74.001471402999968, 40.709746553999906 ], [ -74.001344397999944, 40.709646292999949 ], [ -74.000550048999941, 40.709017916999919 ], [ -74.000265666999965, 40.708792949999925 ], [ -74.000191031, 40.708733911999907 ], [ -74.000123591, 40.708684518999959 ], [ -74.000007654999891, 40.708599618999912 ], [ -73.999929363999897, 40.708536816999938 ], [ -73.999811938999869, 40.708442613999928 ], [ -73.999562733999838, 40.708236482999951 ], [ -73.99944281399992, 40.708136556999918 ], [ -73.999399549999922, 40.70810033799998 ], [ -73.999361955999888, 40.708072286999951 ], [ -73.999287343999882, 40.708016626999935 ], [ -73.999287310999989, 40.708016602999976 ], [ -73.999194511544076, 40.70794737617576 ], [ -73.999259454707669, 40.707914021310444 ], [ -73.999326326754201, 40.707879676493917 ], [ -73.99938225177354, 40.707841549321515 ], [ -73.999421291386085, 40.707818937055308 ], [ -73.999460330751759, 40.70779632645106 ], [ -73.999523249410558, 40.707762628658251 ], [ -73.999512113647484, 40.707748706609138 ], [ -73.99949062474623, 40.707721845224988 ], [ -73.999538396594446, 40.707693470025681 ], [ -73.999551213254918, 40.707694352776528 ], [ -73.999571495137729, 40.707717198185911 ], [ -73.999609480392337, 40.707759973176273 ], [ -73.999882970852141, 40.707624086035331 ], [ -73.999948559497838, 40.707591496371052 ], [ -73.999945056551169, 40.707582626983317 ], [ -73.999948559523148, 40.707558691553821 ], [ -73.99995671262306, 40.707531198855897 ], [ -73.999972226487984, 40.707506398822055 ], [ -73.999996450160154, 40.707491647898493 ], [ -74.000138688591377, 40.70740505440758 ], [ -74.000233805257551, 40.707347142486917 ], [ -74.000400278320299, 40.707260279570733 ], [ -74.000552479320504, 40.707184275922948 ], [ -74.000771752190943, 40.707080148200745 ], [ -74.00084973367683, 40.707043119139115 ], [ -74.00088259097619, 40.707025253300536 ], [ -74.001186852628351, 40.706859825771794 ], [ -74.001131305771906, 40.706799050684594 ], [ -74.001223675388161, 40.706745261647832 ], [ -74.001232136919626, 40.70674033693097 ], [ -74.001227012999578, 40.706734869906469 ], [ -74.001160390225706, 40.706663720834342 ], [ -74.001175216109743, 40.706648745269213 ], [ -74.001169133415331, 40.70663949766778 ], [ -74.001176435676825, 40.706635058795399 ], [ -74.001176020796692, 40.706627574359054 ], [ -74.000982766917275, 40.706416712992926 ], [ -74.001405330240559, 40.70618013520798 ], [ -74.001406666919536, 40.706179388020665 ], [ -74.001405814958318, 40.706178612883157 ], [ -74.000582970479797, 40.705433933648933 ], [ -74.000592402093403, 40.705410079413539 ], [ -74.000824175499176, 40.705267112515763 ], [ -74.001436611793977, 40.704872177705269 ], [ -74.001454374094152, 40.704873303216019 ], [ -74.001460857828107, 40.704873717906068 ], [ -74.001835099915013, 40.705212258911232 ], [ -74.002055177139852, 40.705411349934629 ], [ -74.002061425318999, 40.705417005320335 ], [ -74.002062821422683, 40.705416077174 ], [ -74.002122787432043, 40.705379002836231 ], [ -74.002158183242727, 40.705357119059222 ], [ -74.002569650797241, 40.705523579761774 ], [ -74.002954172000017, 40.706027114999969 ], [ -74.002960190999886, 40.706034997999971 ], [ -74.002965300999904, 40.706041688999953 ], [ -74.002994745999914, 40.706080245999956 ], [ -74.00302615299988, 40.706108674999918 ], [ -74.00306957, 40.706142802999949 ], [ -74.003161103999986, 40.706232014999912 ], [ -74.003605379999939, 40.706780592999948 ], [ -74.003722347999968, 40.706932343999952 ], [ -74.003921274999911, 40.707239744999967 ], [ -74.004056601999849, 40.707436780999977 ], [ -74.004328572999967, 40.707823495999904 ], [ -74.004787826999944, 40.70840189299993 ], [ -74.005056727999886, 40.708788769 ], [ -74.005262171999931, 40.708920711 ], [ -74.005512528999915, 40.709093407999958 ], [ -74.006435491999923, 40.709557321999938 ], [ -74.007053357999951, 40.709871950999947 ], [ -74.007744664999933, 40.710220772999953 ], [ -74.00906264699988, 40.710886703999961 ], [ -74.008600853999923, 40.711392239999988 ], [ -74.00834760999993, 40.711358545999907 ], [ -74.007967877999988, 40.711447331999906 ], [ -74.007467493999926, 40.711566902999934 ], [ -74.007389214999989, 40.71164226899991 ], [ -74.006985840999974, 40.711737498999909 ], [ -74.006077524, 40.711962352999912 ], [ -74.005891749999989, 40.712007159999985 ], [ -74.005734992999948, 40.711978687999924 ], [ -74.005439864999957, 40.712078532999925 ], [ -74.005381983999925, 40.712076742999926 ], [ -74.005228127999942, 40.712073451999885 ], [ -74.005185486999878, 40.712071232999968 ], [ -74.005109898999933, 40.712055593999949 ], [ -74.004998050999959, 40.712011896999918 ] ] ] } },
{ "type": "Feature", "properties": { "locationid": 211 }, "geometry": { "type": "Polygon", "coordinates": [ [ [ -74.001523638, 40.719820797999986 ], [ -74.00188406299992, 40.719397570999952 ], [ -74.002600018999871, 40.719903425999902 ], [ -74.0032595509999, 40.720377095999986 ], [ -74.003511863999975, 40.720556351999939 ], [ -74.003929283999909, 40.720854434999964 ], [ -74.004635161999971, 40.721353632999879 ], [ -74.005226848999925, 40.721744221999927 ], [ -74.005309860999901, 40.721824191999914 ], [ -74.005352499999944, 40.721890134999953 ], [ -74.005380486, 40.721962173999977 ], [ -74.005391866999886, 40.722037365999952 ], [ -74.005386167999959, 40.722112360999937 ], [ -74.005364359999945, 40.722183952 ], [ -74.00505887099996, 40.72297786399993 ], [ -74.004785748999964, 40.723624837999928 ], [ -74.004574743999953, 40.724173130999972 ], [ -74.004274570999868, 40.724912108999973 ], [ -74.004030678999968, 40.725512495999951 ], [ -74.003730175, 40.72625005899998 ], [ -74.003122063999953, 40.726877127999941 ], [ -74.002513245999921, 40.727600926999962 ], [ -74.002211009999968, 40.727961316999924 ], [ -74.002148914999964, 40.728035366999954 ], [ -74.001390334999911, 40.727660001999936 ], [ -74.000632391999943, 40.727286611999936 ], [ -73.999915791999882, 40.726934712999913 ], [ -73.999118246999899, 40.726542312999904 ], [ -73.99836119299998, 40.726167467999915 ], [ -73.997610195999926, 40.725797137999947 ], [ -73.996771757999895, 40.725431943999958 ], [ -73.996842958999949, 40.725347837999941 ], [ -73.997785088999905, 40.724234893999949 ], [ -73.9988117219999, 40.723021408999941 ], [ -73.999521631999983, 40.722183346999913 ], [ -73.999853303999814, 40.721791787999962 ], [ -74.000660725, 40.720839793999964 ], [ -74.00142450999995, 40.719937197999982 ], [ -74.001523638, 40.719820797999986 ] ] ] } },
{ "type": "Feature", "properties": { "locationid": 224 }, "geometry": { "type": "Polygon", "coordinates": [ [ [ -73.975110553999912, 40.735390254999892 ], [ -73.974959929999926, 40.735368717999982 ], [ -73.974893050999896, 40.73537519599995 ], [ -73.974826185999902, 40.735381673999939 ], [ -73.974749005999968, 40.735425188 ], [ -73.974671930999918, 40.73539830299994 ], [ -73.974437009792965, 40.735316356064658 ], [ -73.974422811301665, 40.735233848373468 ], [ -73.97440811789221, 40.735177896632074 ], [ -73.974387789004865, 40.735091821036931 ], [ -73.974371558549279, 40.735030348615801 ], [ -73.974348247072029, 40.734942058485792 ], [ -73.974313791744763, 40.734803480784763 ], [ -73.974270293793381, 40.734630482401606 ], [ -73.974254477797857, 40.734566786306189 ], [ -73.974211543918869, 40.734405829321894 ], [ -73.974183172819778, 40.734300956916613 ], [ -73.974169179789229, 40.734239711792512 ], [ -73.974151108403575, 40.734163966166115 ], [ -73.97410591714231, 40.733993543547548 ], [ -73.974060162163155, 40.733811072442343 ], [ -73.974021745882524, 40.733663893934427 ], [ -73.973992370897449, 40.733554574253702 ], [ -73.973959050297054, 40.733421165538516 ], [ -73.973943219249378, 40.733403088863263 ], [ -73.973935313569797, 40.733366076783973 ], [ -73.97390702695192, 40.733349716608295 ], [ -73.973901377113592, 40.733327337305013 ], [ -73.973891203822348, 40.733309261904601 ], [ -73.973866318655766, 40.733310976086806 ], [ -73.973862929586133, 40.733291182396144 ], [ -73.973852751936249, 40.733282571401062 ], [ -73.973844838548644, 40.733265361113773 ], [ -73.973865208023966, 40.733246428039649 ], [ -73.973857300364941, 40.733216303638571 ], [ -73.973841459626613, 40.733219740365683 ], [ -73.973849373812698, 40.733232655106313 ], [ -73.973831268466952, 40.733245565109186 ], [ -73.973809768465443, 40.733248999372968 ], [ -73.973783757833957, 40.733227480705501 ], [ -73.97380298847429, 40.733211987539917 ], [ -73.973783768671467, 40.733199934826978 ], [ -73.973764526494705, 40.733212843387882 ], [ -73.973740768993665, 40.733209388937098 ], [ -73.973727187077685, 40.733219714350945 ], [ -73.973707951695914, 40.733213685205001 ], [ -73.973689849825817, 40.733218851106116 ], [ -73.973676275760539, 40.733205933888108 ], [ -73.973694380986046, 40.733195609011027 ], [ -73.973692128598316, 40.733174095747486 ], [ -73.973715889142454, 40.733169796747134 ], [ -73.97372607356364, 40.733159470559514 ], [ -73.973737397623154, 40.7331431193724 ], [ -73.973757760327203, 40.733139684862863 ], [ -73.973778139226482, 40.733124191460256 ], [ -73.973805297552957, 40.733120757484329 ], [ -73.973818871718464, 40.73309924765465 ], [ -73.973840367970524, 40.733103556295909 ], [ -73.973872061740067, 40.733094954806653 ], [ -73.973868107762073, 40.733065687195641 ], [ -73.973770308261805, 40.732688446176851 ], [ -73.97367702799221, 40.732310231251432 ], [ -73.973647357665982, 40.732175493766583 ], [ -73.973627364012501, 40.732107445607888 ], [ -73.97360833346643, 40.732042689729681 ], [ -73.973539692897106, 40.731764332823424 ], [ -73.97352137914261, 40.73169016478132 ], [ -73.973413217308519, 40.731282416428684 ], [ -73.973381814101117, 40.731236024422053 ], [ -73.973365910006905, 40.731220019948452 ], [ -73.973340646886783, 40.731183041661993 ], [ -73.973317154263867, 40.731157927173122 ], [ -73.973283211111436, 40.731112675908527 ], [ -73.973236254179369, 40.731056926741026 ], [ -73.973200129154066, 40.731016632390052 ], [ -73.973145927916093, 40.730960880996179 ], [ -73.973098581484734, 40.73091367989074 ], [ -73.973053048537992, 40.730867303755616 ], [ -73.973006059753871, 40.730823131910469 ], [ -73.972919291001716, 40.730750241502726 ], [ -73.972832155628311, 40.730681481309702 ], [ -73.972746116431495, 40.730605831947003 ], [ -73.972642704924112, 40.730523537807393 ], [ -73.972559900072881, 40.730458093618182 ], [ -73.972479700530272, 40.730400807362962 ], [ -73.97245936471883, 40.730386329377744 ], [ -73.972332774394943, 40.730296572970701 ], [ -73.972240185787967, 40.730230497135949 ], [ -73.97223370120912, 40.730225677843222 ], [ -73.972089185902405, 40.730118357041668 ], [ -73.972053852149813, 40.730086650432476 ], [ -73.972010260334571, 40.730045171487589 ], [ -73.971963403012481, 40.730000377217507 ], [ -73.971902385128132, 40.729930708644453 ], [ -73.971856089490259, 40.729875550267266 ], [ -73.971829928417009, 40.729845691470217 ], [ -73.971748223570202, 40.729742014544605 ], [ -73.971744947900774, 40.729734548588532 ], [ -73.97170029038125, 40.729665702453971 ], [ -73.971627299985528, 40.729557884146018 ], [ -73.971577194417989, 40.72946913663786 ], [ -73.971518826280217, 40.729351361740143 ], [ -73.971508160315636, 40.729323966492423 ], [ -73.971479949071963, 40.729249577698511 ], [ -73.971457161223128, 40.729169407558004 ], [ -73.97143981566721, 40.729095849864486 ], [ -73.971432218142098, 40.729063619044219 ], [ -73.97142139208222, 40.72899584397225 ], [ -73.971412351097825, 40.728879856021742 ], [ -73.971406596720527, 40.728794471305719 ], [ -73.971406179085093, 40.728718764251141 ], [ -73.971419463792643, 40.728568827544045 ], [ -73.971427184435342, 40.728485826387562 ], [ -73.971452695596668, 40.728341433313091 ], [ -73.97145662182912, 40.728319238516875 ], [ -73.971473438199766, 40.728209255928128 ], [ -73.971510484479225, 40.72800276390663 ], [ -73.971555535149477, 40.727703108598142 ], [ -73.971569316470976, 40.727693767198453 ], [ -73.971572787601488, 40.72764591976771 ], [ -73.971589651499855, 40.727640033693248 ], [ -73.971618727069924, 40.727650558185779 ], [ -73.971635861521435, 40.727647974121382 ], [ -73.971651600755649, 40.727643212534652 ], [ -73.971685148665784, 40.727405886636554 ], [ -73.971586041063347, 40.727396933052766 ], [ -73.971561143659102, 40.727394688247685 ], [ -73.971536865927433, 40.727392965100897 ], [ -73.971520767896052, 40.727386166239818 ], [ -73.971512821812254, 40.727374308581091 ], [ -73.971492600582366, 40.727373123351413 ], [ -73.971490390928381, 40.727350098109937 ], [ -73.971626972858616, 40.726628452998476 ], [ -73.971796020999861, 40.726713679999932 ], [ -73.971856713000051, 40.726758684999936 ], [ -73.971912441999947, 40.726791008999932 ], [ -73.97197685099988, 40.726830355999986 ], [ -73.972050152999884, 40.726880945999916 ], [ -73.973297967999954, 40.72742800799994 ], [ -73.975696511000052, 40.728475052999968 ], [ -73.975802437999917, 40.72851847999992 ], [ -73.9761329, 40.728638271999976 ], [ -73.976152041, 40.72864520999989 ], [ -73.976269971, 40.728689258999935 ], [ -73.976904364000021, 40.728957824 ], [ -73.977393867999879, 40.729165047999977 ], [ -73.978026979999854, 40.729433060000027 ], [ -73.979268491999946, 40.729981427999903 ], [ -73.980340075999919, 40.730442460999974 ], [ -73.980820007999981, 40.730639158999985 ], [ -73.981500533999835, 40.730918077 ], [ -73.982468761999939, 40.73131488399995 ], [ -73.982556292999845, 40.731350133999939 ], [ -73.982386286999926, 40.731411243999936 ], [ -73.982322825999958, 40.731497889999957 ], [ -73.981967821999945, 40.731982560999917 ], [ -73.981803392999851, 40.732204797999948 ], [ -73.981499103999852, 40.732618595999966 ], [ -73.981257248, 40.732938574999913 ], [ -73.981053236, 40.733208482 ], [ -73.980889756999915, 40.733437070999891 ], [ -73.980644989, 40.733779319999947 ], [ -73.980419912999849, 40.73408982099992 ], [ -73.980204962000016, 40.734385321999909 ], [ -73.980090504999978, 40.734544370999956 ], [ -73.979789040000043, 40.734961816999949 ], [ -73.979446060000043, 40.735414514999952 ], [ -73.979348195999904, 40.73555311199992 ], [ -73.978909173999867, 40.736164125999956 ], [ -73.978574497999844, 40.736677280999892 ], [ -73.978498455999954, 40.736790956999926 ], [ -73.97833820599989, 40.736721470999946 ], [ -73.977927983999976, 40.736544145999922 ], [ -73.977124411999966, 40.736196797999924 ], [ -73.9763637329999, 40.735867977999952 ], [ -73.975890936999932, 40.735673198999983 ], [ -73.975222755999965, 40.735397906999921 ], [ -73.975110553999912, 40.735390254999892 ] ] ] } },
{ "type": "Feature", "properties": { "locationid": 229 }, "geometry": { "type": "Polygon", "coordinates": [ [ [ -73.961629275349068, 40.755152384259198 ], [ -73.962193818384137, 40.754504315153248 ], [ -73.962231251655794, 40.754522130421847 ], [ -73.962687030465361, 40.754004373286655 ], [ -73.962897292025346, 40.753765517094287 ], [ -73.962868967692103, 40.753742509156893 ], [ -73.963160740497443, 40.753412207328168 ], [ -73.963735722831643, 40.752783775777033 ], [ -73.964263521371933, 40.752206901080207 ], [ -73.96482214210387, 40.751596325791169 ], [ -73.964854516999836, 40.751696759999959 ], [ -73.96495708499998, 40.751743445999914 ], [ -73.965055486999916, 40.751812580999953 ], [ -73.965215370999815, 40.75180846 ], [ -73.965185241999819, 40.751952307 ], [ -73.965304804000056, 40.751931873999915 ], [ -73.96532415299987, 40.751930897999976 ], [ -73.965470922999941, 40.751939596999947 ], [ -73.966881571999963, 40.752544555999954 ], [ -73.967018549999878, 40.752600741999913 ], [ -73.967067339, 40.752620674999967 ], [ -73.966948273999961, 40.752785487999979 ], [ -73.96677887099986, 40.753018786999938 ], [ -73.966655431999939, 40.753188785000013 ], [ -73.966615818000022, 40.75324342499998 ], [ -73.968978037000014, 40.754250534999969 ], [ -73.971217044999904, 40.755193323999983 ], [ -73.970759193999982, 40.755824850999943 ], [ -73.970313935999926, 40.756453018999935 ], [ -73.969848598999889, 40.757075957999902 ], [ -73.969394112999836, 40.757699527999947 ], [ -73.968935102999922, 40.758330091999987 ], [ -73.968479795999826, 40.758950127999917 ], [ -73.968024368999963, 40.759578139999924 ], [ -73.96792193499995, 40.759593086999921 ], [ -73.967462151999911, 40.760222905999981 ], [ -73.966994718999814, 40.760905382999965 ], [ -73.966571469999849, 40.76148188 ], [ -73.966583383999904, 40.761550934999931 ], [ -73.964313535999878, 40.760599230999972 ], [ -73.963556188999931, 40.760280818999938 ], [ -73.963080735999867, 40.760083162999919 ], [ -73.961965736999971, 40.759619460999915 ], [ -73.959721803999912, 40.758663063999983 ], [ -73.959036810999947, 40.758383782999921 ], [ -73.958934485999848, 40.758335154999969 ], [ -73.958777908113348, 40.758270920924389 ], [ -73.959070030312006, 40.757939098020401 ], [ -73.959172642488284, 40.757864780394037 ], [ -73.959181032199865, 40.757856111052291 ], [ -73.959657708766514, 40.757260145123269 ], [ -73.959664003001066, 40.757211412186905 ], [ -73.960039009906112, 40.756725350238845 ], [ -73.960364551408134, 40.756269411133431 ], [ -73.960656381804739, 40.755923149550213 ], [ -73.960797099149744, 40.755804772740625 ], [ -73.960797229859381, 40.755804655852096 ], [ -73.961027908671724, 40.755610584579088 ], [ -73.961629275349068, 40.755152384259198 ] ] ] } },
{ "type": "Feature", "properties": { "locationid": 230 }, "geometry": { "type": "Polygon", "coordinates": [ [ [ -73.983624332999881, 40.755516345999901 ], [ -73.984117547999986, 40.754842053 ], [ -73.986404367, 40.755808028999908 ], [ -73.986948738999928, 40.756035901999951 ], [ -73.988418354999965, 40.756654986999948 ], [ -73.989790853999949, 40.757233131999946 ], [ -73.98929727499997, 40.757906637999938 ], [ -73.988842538999933, 40.758533498999959 ], [ -73.988390445999926, 40.759164185999985 ], [ -73.9879264059999, 40.759790276999887 ], [ -73.987475245999917, 40.760404786999935 ], [ -73.987015145999948, 40.761037366999936 ], [ -73.986561384999959, 40.761660121999959 ], [ -73.986104060999892, 40.762289952999922 ], [ -73.985646777999989, 40.762914873999932 ], [ -73.985191521999965, 40.76354367499998 ], [ -73.984733937999849, 40.764169104999944 ], [ -73.984282300999865, 40.764791814999974 ], [ -73.982469707999797, 40.764033463999972 ], [ -73.981433519999953, 40.763594359999942 ], [ -73.978601693999892, 40.762396072 ], [ -73.979057311999867, 40.76177071999998 ], [ -73.979513191999956, 40.761148561999953 ], [ -73.979971881999873, 40.760524700999909 ], [ -73.980426063999943, 40.759899081 ], [ -73.980885745999984, 40.75927066899991 ], [ -73.981341069999971, 40.758645299 ], [ -73.981794042999923, 40.758021303 ], [ -73.982255287000058, 40.757387364999978 ], [ -73.982712052999958, 40.756771228999966 ], [ -73.983167959999889, 40.756140221999956 ], [ -73.983624332999881, 40.755516345999901 ] ] ] } },
{ "type": "Feature", "properties": { "locationid": 231 }, "geometry": { "type": "Polygon", "coordinates": [ [ [ -74.009317603999946, 40.724701550999924 ], [ -74.008643805999967, 40.724221316999945 ], [ -74.008570909999889, 40.72416935499993 ], [ -74.008302162999911, 40.723977808999983 ], [ -74.008078352999959, 40.723826862999907 ], [ -74.007912059999967, 40.723699766999921 ], [ -74.007629041999976, 40.723497704 ], [ -74.006298416999954, 40.722549503999915 ], [ -74.005912898999924, 40.722252948999945 ], [ -74.005309860999901, 40.721824191999914 ], [ -74.005226848999925, 40.721744221999927 ], [ -74.004635161999971, 40.721353632999879 ], [ -74.003929283999909, 40.720854434999964 ], [ -74.003511863999975, 40.720556351999939 ], [ -74.0032595509999, 40.720377095999986 ], [ -74.002600018999871, 40.719903425999902 ], [ -74.00188406299992, 40.719397570999952 ], [ -74.001400556999954, 40.719052620999925 ], [ -74.001272733999926, 40.718961426 ], [ -74.000531954999985, 40.718430238999922 ], [ -73.999956209, 40.718017094999922 ], [ -74.000274436999973, 40.717619401999919 ], [ -74.000818424999977, 40.716929707999967 ], [ -74.001683061999913, 40.715744122999908 ], [ -74.002114557999917, 40.715158909999978 ], [ -74.002453932, 40.71478982 ], [ -74.002722861999942, 40.714389708999967 ], [ -74.003219830999967, 40.714036236999938 ], [ -74.003602803999982, 40.713645429999914 ], [ -74.004059007, 40.713134789999877 ], [ -74.004214053999931, 40.712980742999939 ], [ -74.00429113899996, 40.71290782599997 ], [ -74.004706522999939, 40.712574014999902 ], [ -74.004857680999962, 40.712452540999941 ], [ -74.004987166999939, 40.712374856999929 ], [ -74.00512712599992, 40.712306773999977 ], [ -74.005275619999978, 40.712249439999965 ], [ -74.005430478999941, 40.71220369499995 ], [ -74.005589329999978, 40.712170053999941 ], [ -74.005740446999908, 40.712088756999918 ], [ -74.005891749999989, 40.712007159999985 ], [ -74.006077524, 40.711962352999912 ], [ -74.006985840999974, 40.711737498999909 ], [ -74.007389214999989, 40.711642269999878 ], [ -74.007467493999926, 40.711566902999934 ], [ -74.007967877999988, 40.711447331999906 ], [ -74.00834760999993, 40.711358545999907 ], [ -74.008600853999923, 40.711392239999988 ], [ -74.008838794999974, 40.711503958999963 ], [ -74.010121674999951, 40.712084695999913 ], [ -74.011663347999971, 40.712798055999926 ], [ -74.012543784999949, 40.713179103999963 ], [ -74.013597299999915, 40.713623377999951 ], [ -74.013753884999971, 40.713690554999914 ], [ -74.013592399999879, 40.714494316999918 ], [ -74.013475242999917, 40.715110711999927 ], [ -74.013351214999901, 40.715233311999967 ], [ -74.013233848999917, 40.715656187999897 ], [ -74.013148623999953, 40.716029349999928 ], [ -74.013051463999901, 40.716454770999931 ], [ -74.012866630999895, 40.717176100999914 ], [ -74.012815667999917, 40.717356297999906 ], [ -74.012441091999889, 40.719057672999924 ], [ -74.012554687999895, 40.719069863 ], [ -74.01270167899996, 40.719091774999896 ], [ -74.013030681132079, 40.719131455909583 ], [ -74.013012590804365, 40.719215117577185 ], [ -74.012958682391869, 40.719473696443067 ], [ -74.012960839550786, 40.719483935271633 ], [ -74.012914487463306, 40.719708293225416 ], [ -74.01294460912554, 40.719713197540543 ], [ -74.012945837439531, 40.719696808422178 ], [ -74.013026167907171, 40.71970920840733 ], [ -74.013024325515431, 40.719725597596003 ], [ -74.013446941156673, 40.719782020791399 ], [ -74.013389069034346, 40.720042607273257 ], [ -74.013965461956758, 40.720116133491636 ], [ -74.014524158565081, 40.720187397445727 ], [ -74.01450706139606, 40.72026590617731 ], [ -74.014572314380828, 40.720274137742223 ], [ -74.014519685887251, 40.720515786883304 ], [ -74.014525864536523, 40.720516569459271 ], [ -74.014522789900241, 40.720532050327826 ], [ -74.01418581466784, 40.720488012020745 ], [ -74.01414732641814, 40.720481589088607 ], [ -74.014158612542275, 40.72043159083745 ], [ -74.014090959498319, 40.720422747859182 ], [ -74.014079544193962, 40.720473311522497 ], [ -74.014004167555925, 40.720468520737796 ], [ -74.013963013130834, 40.720464446458926 ], [ -74.013966097224852, 40.720413634538183 ], [ -74.013867143572142, 40.720407572312538 ], [ -74.013859210648917, 40.720449933757877 ], [ -74.013681739107, 40.72042590148726 ], [ -74.013687448368302, 40.720390575271239 ], [ -74.013641927487384, 40.720383366300005 ], [ -74.01363580332405, 40.720419550132647 ], [ -74.013548417230766, 40.720406854379455 ], [ -74.013553783159082, 40.720368726324644 ], [ -74.013507243766014, 40.720362832840472 ], [ -74.013500694705058, 40.720401861823461 ], [ -74.012965585268248, 40.720328675587169 ], [ -74.012869090719818, 40.72083375221176 ], [ -74.013239373370155, 40.720887986728108 ], [ -74.013158950208634, 40.721253260783556 ], [ -74.013138461534481, 40.721251318137533 ], [ -74.013083476951508, 40.721528774532771 ], [ -74.013080101456268, 40.721545807195284 ], [ -74.013078050097675, 40.721545530339 ], [ -74.013043535138536, 40.721544723927352 ], [ -74.013009558039272, 40.721560486512104 ], [ -74.012538758072509, 40.721503176576391 ], [ -74.012491710315203, 40.72177975782747 ], [ -74.012370717153814, 40.722387580579039 ], [ -74.012230808401426, 40.723056257072692 ], [ -74.012094638295935, 40.723707052481096 ], [ -74.011964320245511, 40.72432986411993 ], [ -74.011591225999922, 40.724297603999979 ], [ -74.01143933, 40.724284468999983 ], [ -74.011354282999946, 40.724277182999913 ], [ -74.011176661, 40.725169424999955 ], [ -74.011036819999958, 40.725725377 ], [ -74.01102457999994, 40.725793861999968 ], [ -74.010922772999919, 40.725794150999953 ], [ -74.010812382999902, 40.725789802999984 ], [ -74.010040786999937, 40.72520616299996 ], [ -74.009317603999946, 40.724701550999924 ] ] ] } },
{ "type": "Feature", "properties": { "locationid": 232 }, "geometry": { "type": "Polygon", "coordinates": [ [ [ -73.976355251999948, 40.719132883999869 ], [ -73.975510126999851, 40.718958612999948 ], [ -73.975451674999945, 40.718946559 ], [ -73.975095201999935, 40.718880745999911 ], [ -73.97497644799995, 40.718870651999943 ], [ -73.974912988999876, 40.7188624429999 ], [ -73.974859198999937, 40.718855479999952 ], [ -73.974742399999982, 40.718840794 ], [ -73.974686874999847, 40.718841701999956 ], [ -73.974647207999979, 40.718842349999946 ], [ -73.97347975524508, 40.718861429112941 ], [ -73.973543687377301, 40.718662629450613 ], [ -73.973594921573579, 40.718518018808894 ], [ -73.973652552844356, 40.718357417325599 ], [ -73.973722082712115, 40.718155790530737 ], [ -73.973802588074832, 40.717940263467952 ], [ -73.973905969738922, 40.717639219737428 ], [ -73.973991958249428, 40.717415345236333 ], [ -73.974081615839282, 40.717155325222478 ], [ -73.974181311386161, 40.716921025772713 ], [ -73.974223403122821, 40.716786147252122 ], [ -73.974250846433208, 40.716698543367684 ], [ -73.974453153830581, 40.716151681161747 ], [ -73.974497209843761, 40.716042576306322 ], [ -73.974639333667341, 40.715707689764415 ], [ -73.974733127899711, 40.715482988622021 ], [ -73.974818402169845, 40.715286372090603 ], [ -73.974917873527488, 40.715065993886469 ], [ -73.975000293169842, 40.714871546061303 ], [ -73.975134894527258, 40.71460810394025 ], [ -73.975158652417932, 40.714561606776613 ], [ -73.975174842861463, 40.714529913168718 ], [ -73.975188509862946, 40.714503160723908 ], [ -73.97521319223425, 40.714449964345626 ], [ -73.97523888264773, 40.714394578936449 ], [ -73.97523893090127, 40.714394480105945 ], [ -73.975801330885943, 40.713182224269424 ], [ -73.975793463659954, 40.713174037248201 ], [ -73.975968445196827, 40.712789573390836 ], [ -73.976049814554969, 40.712604193777857 ], [ -73.976123688387958, 40.712460325398425 ], [ -73.976165312383273, 40.712420197910795 ], [ -73.976311278671901, 40.712118647310213 ], [ -73.976428725145169, 40.711909032503669 ], [ -73.976505401153858, 40.711798789452516 ], [ -73.976550088142204, 40.711734538728322 ], [ -73.976712215396475, 40.711535765178503 ], [ -73.97681883540065, 40.711419567021196 ], [ -73.976990765746223, 40.711256660230568 ], [ -73.977056594017242, 40.711197626969437 ], [ -73.977222135625482, 40.711068731228373 ], [ -73.977526684326349, 40.710843072733191 ], [ -73.977721194930524, 40.710710074660732 ], [ -73.977820916382456, 40.710645444907072 ], [ -73.977899496194496, 40.710599866202493 ], [ -73.977996747903802, 40.710561017391662 ], [ -73.978079749065998, 40.71053225107989 ], [ -73.978181906942794, 40.710506865517658 ], [ -73.978255577492021, 40.710497909557887 ], [ -73.97837148165253, 40.710489707491625 ], [ -73.978615601239937, 40.710473781910899 ], [ -73.97877613342088, 40.710463315047221 ], [ -73.979188943769998, 40.710434923388299 ], [ -73.979207264345945, 40.710433666895725 ], [ -73.979290152371206, 40.710428144566976 ], [ -73.980036422928279, 40.710378401266688 ], [ -73.980283443321753, 40.71036181510847 ], [ -73.980299341498707, 40.710342673010054 ], [ -73.98031391320167, 40.710332590711225 ], [ -73.980331134159627, 40.710323524412068 ], [ -73.980330162467808, 40.710286730118831 ], [ -73.980509483124138, 40.710273569877167 ], [ -73.981276842109835, 40.710217251191025 ], [ -73.981237344620908, 40.709823343318497 ], [ -73.983060194774012, 40.709647911748135 ], [ -73.983642344726277, 40.709591879244762 ], [ -73.984496470767681, 40.70950966393945 ], [ -73.986550353399778, 40.70931194464206 ], [ -73.988164917266701, 40.709156781506493 ], [ -73.988173409678595, 40.709147518301279 ], [ -73.988390640232609, 40.709126949162638 ], [ -73.988446534373736, 40.709133820546974 ], [ -73.988479672687717, 40.709155847308509 ], [ -73.988497271738765, 40.709176305795779 ], [ -73.988636580718406, 40.709912061516313 ], [ -73.988645334936763, 40.709916934401164 ], [ -73.988667505809488, 40.709920034830752 ], [ -73.988696102713249, 40.709928449844618 ], [ -73.988717711112329, 40.709947090518952 ], [ -73.988736817075306, 40.709970741845154 ], [ -73.988797177857975, 40.709966607472282 ], [ -73.98889845980878, 40.709954735765116 ], [ -73.989357656966732, 40.709900986707851 ], [ -73.989460670194276, 40.709889287051304 ], [ -73.989574496087059, 40.70987408160655 ], [ -73.989745151557415, 40.709848761655628 ], [ -73.990158253733824, 40.709790372663768 ], [ -73.99051420376685, 40.709733884621343 ], [ -73.990789130185618, 40.709689506086136 ], [ -73.991067834629902, 40.709657230345222 ], [ -73.991351092370607, 40.709620332703366 ], [ -73.991702602925173, 40.709565262956048 ], [ -73.991767795801309, 40.709555056026268 ], [ -73.991908242710309, 40.709532926643384 ], [ -73.991920474999958, 40.709554293999929 ], [ -73.991943465999896, 40.709589052999952 ], [ -73.991975091000015, 40.709645534999908 ], [ -73.992005958999854, 40.709696478999973 ], [ -73.992047462999892, 40.709775744999966 ], [ -73.991907097999899, 40.709801993999903 ], [ -73.991838174999842, 40.709810552 ], [ -73.991776626999965, 40.709819039999957 ], [ -73.991916905999886, 40.710597505999914 ], [ -73.991976748999875, 40.710911265999897 ], [ -73.99200166199995, 40.711015522999936 ], [ -73.99202215999982, 40.711101299999903 ], [ -73.992135502999943, 40.711575614999923 ], [ -73.992154844999973, 40.711656555999895 ], [ -73.99216806999992, 40.711711898999965 ], [ -73.99218322399993, 40.711775310999961 ], [ -73.992205777999843, 40.711960634999961 ], [ -73.992218559999969, 40.71206565499994 ], [ -73.99224319399994, 40.712268054999896 ], [ -73.992253692999952, 40.712354325999904 ], [ -73.992267474999849, 40.712467556999947 ], [ -73.99239157, 40.713190810000015 ], [ -73.992455635999903, 40.713762881999884 ], [ -73.992468276999844, 40.713856824999915 ], [ -73.992562421999892, 40.714388077 ], [ -73.992134864999954, 40.714419801999931 ], [ -73.99122551100001, 40.714486643999955 ], [ -73.990755152999895, 40.714554072999938 ], [ -73.990220126999887, 40.71440493999993 ], [ -73.990227509999883, 40.714491668999969 ], [ -73.990221556999884, 40.714578755999902 ], [ -73.990202359999898, 40.714664429999914 ], [ -73.989754181999885, 40.715552348 ], [ -73.989154637999789, 40.71670864699994 ], [ -73.988366262999875, 40.716445701999959 ], [ -73.987951815000031, 40.71726562799995 ], [ -73.987916459999951, 40.717335573999947 ], [ -73.987879357999972, 40.717408972999941 ], [ -73.987512080999892, 40.718072185999908 ], [ -73.987434057999963, 40.718213079999948 ], [ -73.987393931999918, 40.718303522999932 ], [ -73.987360152999955, 40.718369796999973 ], [ -73.98675136699994, 40.719592846 ], [ -73.985910923999896, 40.71933897299995 ], [ -73.985073423, 40.719083293999923 ], [ -73.984477317999861, 40.720234238999929 ], [ -73.983864227999916, 40.721396377999937 ], [ -73.983823872999807, 40.721472871999907 ], [ -73.983003086999915, 40.721222680999936 ], [ -73.982166152999824, 40.720968855 ], [ -73.981308241999841, 40.720708785999953 ], [ -73.979660216999818, 40.720212829999973 ], [ -73.978752349999922, 40.719933706999988 ], [ -73.978031227, 40.719638347999911 ], [ -73.977223791999918, 40.719309774999957 ], [ -73.97674495699998, 40.719215233999975 ], [ -73.976481823999947, 40.719159627999957 ], [ -73.976355251999948, 40.719132883999869 ] ] ] } },
{ "type": "Feature", "properties": { "locationid": 233 }, "geometry": { "type": "MultiPolygon", "coordinates": [ [ [ [ -73.965470922999941, 40.751939596999947 ], [ -73.96532415299987, 40.751930897999976 ], [ -73.965304804000056, 40.751931873999915 ], [ -73.965185241999819, 40.751952307 ], [ -73.965215370999886, 40.751808460999953 ], [ -73.965055486999916, 40.751812580999953 ], [ -73.96495708499998, 40.751743445999914 ], [ -73.964854516999836, 40.751696759999959 ], [ -73.96482214210387, 40.751596325791169 ], [ -73.965324055864812, 40.75104771827209 ], [ -73.96791272994389, 40.747970935642215 ], [ -73.968118933992812, 40.74772582974996 ], [ -73.968173761010561, 40.74766675374174 ], [ -73.968235747534521, 40.747591218392529 ], [ -73.968365193241439, 40.747433494620175 ], [ -73.968231717157934, 40.747368476489321 ], [ -73.968296221132377, 40.747295651367132 ], [ -73.968298114515136, 40.747283395002817 ], [ -73.968301910058827, 40.747273299747235 ], [ -73.968316137157586, 40.747274024359314 ], [ -73.968326104334068, 40.74725203459883 ], [ -73.968346965913142, 40.747241218310023 ], [ -73.968361188447531, 40.74721814548635 ], [ -73.968400083141589, 40.747166953964296 ], [ -73.96843139158797, 40.747129456620272 ], [ -73.96846363690706, 40.747094128485699 ], [ -73.968476919429165, 40.74707250130826 ], [ -73.968500640358599, 40.747044384507227 ], [ -73.968514859550197, 40.747032843998092 ], [ -73.968534790007595, 40.747000397779559 ], [ -73.968544278661994, 40.746988142312745 ], [ -73.968588852245446, 40.746943443580747 ], [ -73.96859169569538, 40.746933347552876 ], [ -73.968600234722388, 40.746921091822394 ], [ -73.968609719974992, 40.746914603605731 ], [ -73.968617308769268, 40.746899455777864 ], [ -73.968639124646344, 40.746879274646645 ], [ -73.968663797966258, 40.74684682031495 ], [ -73.96867043421345, 40.74683600997998 ], [ -73.968692251905296, 40.746808607957675 ], [ -73.968704580897551, 40.74680068279622 ], [ -73.9687107654442, 40.746788263917189 ], [ -73.968752712403614, 40.74674271521679 ], [ -73.968943011093018, 40.746518335696528 ], [ -73.968966705374854, 40.746530500799437 ], [ -73.968973668494641, 40.746529007336534 ], [ -73.968988992316753, 40.74650579199745 ], [ -73.968999815954646, 40.746501934772411 ], [ -73.969003028100715, 40.746490808881944 ], [ -73.969016417540573, 40.74648115208629 ], [ -73.96901961115914, 40.746472438902622 ], [ -73.969071933332543, 40.746412983006337 ], [ -73.969130961188355, 40.746340715306701 ], [ -73.969211359212665, 40.746244515303907 ], [ -73.969234321723263, 40.746222284011552 ], [ -73.969247075841906, 40.746207781993661 ], [ -73.969250288816809, 40.746196171442669 ], [ -73.969325914373812, 40.746104087710442 ], [ -73.969332280265576, 40.746101672337552 ], [ -73.969339244591737, 40.746092656088393 ], [ -73.96938290644789, 40.746035949025 ], [ -73.969400223278555, 40.746020843265512 ], [ -73.969400866521056, 40.746014027130045 ], [ -73.969417533995497, 40.745996966332008 ], [ -73.969432923898481, 40.745976989231359 ], [ -73.969462100383069, 40.745944577633637 ], [ -73.96952046125196, 40.745869041116556 ], [ -73.969550596586387, 40.745838827693618 ], [ -73.969597402611527, 40.745782784111825 ], [ -73.969623705833996, 40.745746716794415 ], [ -73.969632041802612, 40.745743305646016 ], [ -73.969694877775638, 40.745666796890958 ], [ -73.969696788459146, 40.74565700029293 ], [ -73.969875614030443, 40.745444789137643 ], [ -73.969905752652622, 40.745458205145177 ], [ -73.96991227975748, 40.7454517594363 ], [ -73.969931396149434, 40.745463001919909 ], [ -73.969927049590638, 40.7454677920351 ], [ -73.969973770262683, 40.745495747430645 ], [ -73.970047589049003, 40.745402861299382 ], [ -73.970091231757024, 40.745351129150983 ], [ -73.970129625769545, 40.745305366594351 ], [ -73.970216022886362, 40.745200579032812 ], [ -73.970339311612378, 40.745049632022528 ], [ -73.97032571321418, 40.745036949464442 ], [ -73.970325719310978, 40.74502326140022 ], [ -73.970378119404828, 40.744952306085871 ], [ -73.970442554890013, 40.74487037600958 ], [ -73.970460637036069, 40.744864743390707 ], [ -73.970472405764312, 40.744866241747722 ], [ -73.970505600326632, 40.744823764259301 ], [ -73.970568772290903, 40.744731865306107 ], [ -73.970623815106421, 40.744656426210092 ], [ -73.970788347766359, 40.74440621769039 ], [ -73.970857044343333, 40.744432637397246 ], [ -73.970876882338572, 40.744445573430994 ], [ -73.970889633767072, 40.744447729701882 ], [ -73.970897420677034, 40.744454736779751 ], [ -73.970909461321597, 40.744456352094154 ], [ -73.970917248454299, 40.744463360343403 ], [ -73.97092858032363, 40.744463363204254 ], [ -73.970940629604144, 40.744471444025507 ], [ -73.971016480590691, 40.744355089523637 ], [ -73.971125030185505, 40.744189748947683 ], [ -73.971110766269277, 40.744183945109341 ], [ -73.971091549867523, 40.744182247937488 ], [ -73.971075284559674, 40.744176066490745 ], [ -73.971064206428238, 40.744167068050928 ], [ -73.970928959519767, 40.744110246781297 ], [ -73.970913439923251, 40.744102373652247 ], [ -73.970904571079814, 40.744103496183399 ], [ -73.970897919520851, 40.744097866123347 ], [ -73.970879439424991, 40.744092810033173 ], [ -73.970861710100081, 40.74407593850335 ], [ -73.970845443433674, 40.744076493254454 ], [ -73.97083878967527, 40.744070873074421 ], [ -73.970815881837567, 40.744065239395141 ], [ -73.970796223002424, 40.744048880666547 ], [ -73.970782761286671, 40.744047247389453 ], [ -73.970777577160987, 40.744046625221984 ], [ -73.970758339536488, 40.744039190884919 ], [ -73.970750849551251, 40.744029804664791 ], [ -73.970718234940279, 40.744016927848186 ], [ -73.970705787208232, 40.744002561986747 ], [ -73.970703174655796, 40.743990495411147 ], [ -73.970742572720397, 40.74394832466006 ], [ -73.970750613819959, 40.743948634113174 ], [ -73.970761235246982, 40.743942108144232 ], [ -73.970792096946894, 40.74395601043512 ], [ -73.970798929892879, 40.743952797506431 ], [ -73.970835874041455, 40.743969672238158 ], [ -73.970835950901176, 40.743969701658479 ], [ -73.97087357851332, 40.743987674769436 ], [ -73.970959649927977, 40.744025696987116 ], [ -73.970963001934578, 40.74402367277483 ], [ -73.971173466870454, 40.744107535510679 ], [ -73.971181935760598, 40.744103232707886 ], [ -73.971206165029955, 40.744066029846643 ], [ -73.971273624622881, 40.743964748423622 ], [ -73.971357529418569, 40.743838455359565 ], [ -73.971234239814891, 40.743784646190257 ], [ -73.971205463019629, 40.743771510301343 ], [ -73.971281018316716, 40.743651942051358 ], [ -73.971241277700571, 40.743637740147534 ], [ -73.971207873306327, 40.743698794789765 ], [ -73.971199903297091, 40.743706321092183 ], [ -73.971187801719822, 40.743707363261805 ], [ -73.971098221763128, 40.743678496815477 ], [ -73.971085334395582, 40.743664058345239 ], [ -73.971233015201918, 40.74341466396011 ], [ -73.971245841328084, 40.74340203417448 ], [ -73.971256367718567, 40.743401558682095 ], [ -73.971267100921366, 40.743389882433874 ], [ -73.971306636060433, 40.743413403261883 ], [ -73.971354168438268, 40.743424933195094 ], [ -73.971350163351744, 40.743431659048753 ], [ -73.971357253277716, 40.74343661339126 ], [ -73.971360801738683, 40.743444277092742 ], [ -73.971310625200388, 40.743524023190929 ], [ -73.97135563409158, 40.743539649852011 ], [ -73.971494212704229, 40.743334674465125 ], [ -73.971637722404168, 40.743117200984678 ], [ -73.971679212004062, 40.743054464029932 ], [ -73.971916591999928, 40.743137393999881 ], [ -73.971988802999888, 40.74316289599998 ], [ -73.972061652999983, 40.743188029999963 ], [ -73.972108975999944, 40.743205490999969 ], [ -73.972230284999839, 40.743249026999919 ], [ -73.973508350000031, 40.743782033999928 ], [ -73.97302670299986, 40.744450040999965 ], [ -73.972575982999771, 40.745067854999967 ], [ -73.972129588999863, 40.745680901999989 ], [ -73.972033310999834, 40.74580496799998 ], [ -73.971944289000021, 40.745931871999922 ], [ -73.971657405999835, 40.746303693999984 ], [ -73.97121971999988, 40.746921541 ], [ -73.972737919999901, 40.747557989999983 ], [ -73.973591875999972, 40.74791866299995 ], [ -73.974970006999953, 40.748501848999922 ], [ -73.975834666999901, 40.748863146000012 ], [ -73.975382958999859, 40.749483057999974 ], [ -73.97493471299984, 40.750099627999958 ], [ -73.974449410999796, 40.750766444999954 ], [ -73.973959146999988, 40.751441021999952 ], [ -73.97350255899984, 40.752064931999925 ], [ -73.973045025999852, 40.752691621999929 ], [ -73.972588749999829, 40.753317887999899 ], [ -73.972136173999942, 40.753943234999944 ], [ -73.971676991999971, 40.754569630999981 ], [ -73.971217044999904, 40.755193323999983 ], [ -73.968978037000014, 40.754250534999969 ], [ -73.966615818000022, 40.75324342499998 ], [ -73.966655431999939, 40.753188785000013 ], [ -73.966778870999946, 40.753018788 ], [ -73.966948273999961, 40.752785487999979 ], [ -73.967067338999925, 40.752620675999943 ], [ -73.967018549999878, 40.752600741999913 ], [ -73.966881571999963, 40.752544555999954 ], [ -73.965470922999941, 40.751939596999947 ] ] ], [ [ [ -73.964212303956714, 40.746604318476692 ], [ -73.964273647524195, 40.74654184505507 ], [ -73.964337293223878, 40.746545726593197 ], [ -73.96437765404302, 40.746495088038898 ], [ -73.964445227526184, 40.746410425763209 ], [ -73.964583184269415, 40.74645440067335 ], [ -73.96458702399427, 40.746515898544622 ], [ -73.964545181925928, 40.746564150472985 ], [ -73.964475436576933, 40.746640833197858 ], [ -73.964374437721943, 40.746704530643107 ], [ -73.964337586717377, 40.746734848181397 ], [ -73.96427256202216, 40.746751308084129 ], [ -73.964216166823633, 40.746837000831029 ], [ -73.964159802884367, 40.746865547359583 ], [ -73.964125144861583, 40.746845760605353 ], [ -73.964133829334855, 40.746812796165443 ], [ -73.964211924627534, 40.746666676802988 ], [ -73.964212303956714, 40.746604318476692 ] ] ] ] } },
{ "type": "Feature", "properties": { "locationid": 234 }, "geometry": { "type": "Polygon", "coordinates": [ [ [ -73.98996936399989, 40.73490456699998 ], [ -73.98990295999991, 40.734434789999938 ], [ -73.990753967999893, 40.734839154999911 ], [ -73.991198992999855, 40.735012368999968 ], [ -73.991714987999828, 40.735215300999968 ], [ -73.99361688399992, 40.73600449199995 ], [ -73.996839938999983, 40.737360888999987 ], [ -73.996336894999899, 40.738043746999942 ], [ -73.995874094999891, 40.738685945999954 ], [ -73.995446641999948, 40.739272132999936 ], [ -73.995017985999922, 40.739860011 ], [ -73.99459264899987, 40.740441980999961 ], [ -73.994164923999861, 40.741030936999934 ], [ -73.993970716999868, 40.741298438999955 ], [ -73.993739287999944, 40.741617207999901 ], [ -73.993291668000012, 40.742233300999978 ], [ -73.992803409000018, 40.742910020000025 ], [ -73.992318884999989, 40.743568321999902 ], [ -73.991871024, 40.74418557099996 ], [ -73.991418585999938, 40.744802681999921 ], [ -73.990968327999823, 40.745420890999902 ], [ -73.990517612999852, 40.746038637999952 ], [ -73.98872905499988, 40.745286373999946 ], [ -73.987298054999826, 40.744681498999945 ], [ -73.985695712999856, 40.744007641999893 ], [ -73.984137290999968, 40.743349590999962 ], [ -73.984074852999939, 40.743324717999919 ], [ -73.984526366999958, 40.742707041999935 ], [ -73.984977755000031, 40.742088957999975 ], [ -73.985427677999937, 40.741470348999911 ], [ -73.985879131999909, 40.740853 ], [ -73.986361416999912, 40.740184800999963 ], [ -73.986849185999901, 40.739521821999887 ], [ -73.98703592799987, 40.739266378999929 ], [ -73.98730154899981, 40.738903025999967 ], [ -73.987740744999826, 40.738312187999973 ], [ -73.988179102999965, 40.737730748999894 ], [ -73.988592983999936, 40.737142560999985 ], [ -73.989015593999866, 40.736560153999953 ], [ -73.989209538999873, 40.736307120999889 ], [ -73.989454720999873, 40.735987246999947 ], [ -73.989874214, 40.735408257999964 ], [ -73.989916899999812, 40.735349341999957 ], [ -73.98994254999981, 40.735276970999976 ], [ -73.98996152699992, 40.73520341999992 ], [ -73.989973738999822, 40.735129042999951 ], [ -73.989979127999902, 40.73505420099989 ], [ -73.98997766699992, 40.734979254999949 ], [ -73.98996936399989, 40.73490456699998 ] ] ] } },
{ "type": "Feature", "properties": { "locationid": 236 }, "geometry": { "type": "Polygon", "coordinates": [ [ [ -73.957793804999838, 40.773599896999968 ], [ -73.958255348999984, 40.772965336999938 ], [ -73.959856817999935, 40.773642767999931 ], [ -73.96136792699977, 40.774278760999941 ], [ -73.961475811999904, 40.774324010999933 ], [ -73.961584538999873, 40.774368783999954 ], [ -73.963087602999764, 40.775002841999914 ], [ -73.964687357999921, 40.77567708199998 ], [ -73.964228202000029, 40.776310308999982 ], [ -73.963761238999894, 40.776950968999905 ], [ -73.963726026999936, 40.777005717999948 ], [ -73.963229918999929, 40.777677046999926 ], [ -73.962767155999899, 40.778313040999912 ], [ -73.962303615000025, 40.77894704099991 ], [ -73.961838369, 40.779584191999916 ], [ -73.961368727, 40.780229748999922 ], [ -73.960918495000058, 40.78085062899995 ], [ -73.96041638899996, 40.781531632999922 ], [ -73.959920943, 40.782212944999905 ], [ -73.95946905999989, 40.78283332099997 ], [ -73.959003631999863, 40.783467289999884 ], [ -73.958558136999898, 40.784097598999963 ], [ -73.95809563799989, 40.784717461999982 ], [ -73.957635994000057, 40.785343457999957 ], [ -73.957168536999987, 40.785982893999901 ], [ -73.956718630999887, 40.786600792999977 ], [ -73.956261308999942, 40.787222875999902 ], [ -73.955777358999896, 40.787913923999987 ], [ -73.954163830999946, 40.787226860999972 ], [ -73.952661366999962, 40.786595019999936 ], [ -73.952551455, 40.786548580999899 ], [ -73.952446150999961, 40.786502485999982 ], [ -73.950927339999907, 40.785865446999971 ], [ -73.949331705999924, 40.785193126999978 ], [ -73.949823903999899, 40.784515570999915 ], [ -73.95028254899988, 40.78389047 ], [ -73.950739137999861, 40.783261709999941 ], [ -73.951199272999872, 40.782633391999951 ], [ -73.951659206999977, 40.782007673999964 ], [ -73.952122032999895, 40.781386709999978 ], [ -73.952574219000056, 40.780753033999915 ], [ -73.953033679999876, 40.780125454999968 ], [ -73.95349212400005, 40.779496621999982 ], [ -73.953983701999803, 40.778822109999957 ], [ -73.954482240999965, 40.778138664999901 ], [ -73.954945200999902, 40.77750394699995 ], [ -73.955407297999898, 40.776868479999969 ], [ -73.955869336999896, 40.776236225999902 ], [ -73.956334922999915, 40.775600782999973 ], [ -73.95679749099989, 40.774966310999986 ], [ -73.957294099999856, 40.774283554999954 ], [ -73.957793804999838, 40.773599896999968 ] ] ] } },
{ "type": "Feature", "properties": { "locationid": 237 }, "geometry": { "type": "Polygon", "coordinates": [ [ [ -73.966127472999887, 40.762179299999971 ], [ -73.966583383999904, 40.761550934999931 ], [ -73.968186877999855, 40.76222682099997 ], [ -73.969688011999921, 40.7628659619999 ], [ -73.96980028899992, 40.762913511999976 ], [ -73.969904892999907, 40.762958042999863 ], [ -73.971411416999956, 40.763587473999984 ], [ -73.973014871999951, 40.764278878999939 ], [ -73.972553522999846, 40.764897731999952 ], [ -73.972098524000046, 40.765517250999956 ], [ -73.971647742999963, 40.766142467999977 ], [ -73.971188129999959, 40.766766592999964 ], [ -73.970727773999855, 40.767393721999916 ], [ -73.970281654999809, 40.768025031999947 ], [ -73.969824552999867, 40.768646008999966 ], [ -73.969364845999934, 40.769270656999943 ], [ -73.968904546999937, 40.769900831999948 ], [ -73.96844155899997, 40.77051632699996 ], [ -73.967993277999909, 40.771147229999947 ], [ -73.967533983999829, 40.771776183999947 ], [ -73.967039475999869, 40.772461218999901 ], [ -73.966536169999813, 40.77314036899994 ], [ -73.966074489999926, 40.773772988999944 ], [ -73.965609685999922, 40.774407200999924 ], [ -73.965147453999847, 40.775044231999878 ], [ -73.964687357999921, 40.77567708199998 ], [ -73.963087602999764, 40.775002841999914 ], [ -73.961584538999873, 40.774368783999954 ], [ -73.961475811999904, 40.774324010999933 ], [ -73.96136792699977, 40.774278760999941 ], [ -73.959856817999935, 40.773642767999931 ], [ -73.958255348999984, 40.772965336999938 ], [ -73.958717073999907, 40.772331674999961 ], [ -73.959181799999897, 40.771696823999989 ], [ -73.959644408, 40.771064265999961 ], [ -73.960109551999935, 40.770432210999935 ], [ -73.960601805999787, 40.76974918699996 ], [ -73.961101706999898, 40.769059318999943 ], [ -73.961558242999828, 40.768437612 ], [ -73.962014130999947, 40.767812307999925 ], [ -73.962469989999903, 40.767184932999946 ], [ -73.96292865800001, 40.766558627999913 ], [ -73.963401540999882, 40.76591119099993 ], [ -73.963842910999929, 40.765309686000016 ], [ -73.964297903999906, 40.764681986999953 ], [ -73.964755448999881, 40.764057069999957 ], [ -73.965213280999862, 40.763431358999952 ], [ -73.96566959999997, 40.762804555999978 ], [ -73.966127472999887, 40.762179299999971 ] ] ] } },
{ "type": "Feature", "properties": { "locationid": 238 }, "geometry": { "type": "Polygon", "coordinates": [ [ [ -73.968843789999852, 40.785967389 ], [ -73.969335732999909, 40.785293279999955 ], [ -73.972174149999859, 40.78648646099996 ], [ -73.975014171999959, 40.787685605999911 ], [ -73.976391491999948, 40.78826674699998 ], [ -73.976501493999876, 40.788312676999972 ], [ -73.976605041999917, 40.788354480999949 ], [ -73.977856498999984, 40.788881538999973 ], [ -73.980356593999858, 40.789940558 ], [ -73.980971507999982, 40.790160877999945 ], [ -73.981594590999904, 40.790384123999985 ], [ -73.981693289000034, 40.790418728 ], [ -73.981765730999925, 40.790455425999944 ], [ -73.981859804999814, 40.790503077999894 ], [ -73.981886459232442, 40.790516580467532 ], [ -73.981391744685524, 40.791228246005183 ], [ -73.981289373709416, 40.791375509433045 ], [ -73.980947083540698, 40.791867893782587 ], [ -73.980537679464007, 40.792456812625026 ], [ -73.980434342559874, 40.792594283096747 ], [ -73.980132225786676, 40.792993765383194 ], [ -73.98004684398002, 40.793113525163903 ], [ -73.9792881710042, 40.794177657450717 ], [ -73.978289373133975, 40.795586819072362 ], [ -73.977794755031894, 40.796284629771954 ], [ -73.976852078451785, 40.797631348393217 ], [ -73.976399519652645, 40.79827321084629 ], [ -73.976355980999941, 40.798254020999984 ], [ -73.975829558999891, 40.798021996999971 ], [ -73.975633508999934, 40.797946205999928 ], [ -73.975494193999921, 40.797888551999975 ], [ -73.975398139999882, 40.797847743999945 ], [ -73.975210146999814, 40.797773547999981 ], [ -73.975070699999861, 40.797713349999924 ], [ -73.974131480999958, 40.797343787999949 ], [ -73.973651453999949, 40.797148317999969 ], [ -73.972256617999875, 40.796560864999925 ], [ -73.970930731999928, 40.796001047999916 ], [ -73.970827341999907, 40.795958599999935 ], [ -73.970732695999914, 40.795919169999927 ], [ -73.969415438999988, 40.795360779 ], [ -73.969870632999957, 40.794735204999938 ], [ -73.967013969999982, 40.79355999099996 ], [ -73.96644741199998, 40.793314953999932 ], [ -73.965259972999988, 40.792801370999946 ], [ -73.964175985999887, 40.792362044999905 ], [ -73.964685406999948, 40.791664026999932 ], [ -73.96517705600003, 40.790990341 ], [ -73.965632697999951, 40.790365403999942 ], [ -73.966095005999932, 40.789734388999939 ], [ -73.966552266999756, 40.789107152999946 ], [ -73.967009770999908, 40.788476789999933 ], [ -73.967449083999924, 40.787860721 ], [ -73.967926963999901, 40.787221570999918 ], [ -73.968384793999846, 40.786595696999925 ], [ -73.968843789999852, 40.785967389 ] ] ] } },
{ "type": "Feature", "properties": { "locationid": 239 }, "geometry": { "type": "Polygon", "coordinates": [ [ [ -73.975014171999959, 40.787685605999911 ], [ -73.972174149999859, 40.78648646099996 ], [ -73.969335732999909, 40.785293279999955 ], [ -73.969832255999975, 40.784610910999945 ], [ -73.970300681999916, 40.783975413999947 ], [ -73.970760130999949, 40.7833401379999 ], [ -73.971222922, 40.782706255999933 ], [ -73.971723055999846, 40.782021476000011 ], [ -73.973571174999876, 40.779477861999986 ], [ -73.974066682999933, 40.778805416999901 ], [ -73.974532314999934, 40.778167784999987 ], [ -73.974997440000053, 40.777532545999932 ], [ -73.977830543999886, 40.778729730999942 ], [ -73.980673654, 40.77992518199995 ], [ -73.981409486999837, 40.780235418999943 ], [ -73.981519112999763, 40.780281757999944 ], [ -73.981627873999983, 40.780328934999979 ], [ -73.983514222999986, 40.78112538999995 ], [ -73.985071842999886, 40.781779680999982 ], [ -73.985369526999889, 40.781078371999953 ], [ -73.985679360999967, 40.78031263299998 ], [ -73.986543789999942, 40.780657980999948 ], [ -73.987071374999857, 40.780906382 ], [ -73.987307728999838, 40.781041302999959 ], [ -73.987363639999984, 40.781062804999884 ], [ -73.987414326999939, 40.781087510999953 ], [ -73.98746219899995, 40.781108609 ], [ -73.987993631999885, 40.781342816999917 ], [ -73.988127461343396, 40.781401796723685 ], [ -73.988041288067222, 40.781585961353819 ], [ -73.988100293824559, 40.781602878305286 ], [ -73.988076449145055, 40.7816509350017 ], [ -73.988018059972219, 40.781634188810443 ], [ -73.987960792842131, 40.781770987031571 ], [ -73.987919684592484, 40.781833477713214 ], [ -73.98787728724993, 40.781892051334836 ], [ -73.986474803685823, 40.783916573718791 ], [ -73.986251870035488, 40.784238764245472 ], [ -73.986113727252899, 40.784438912379983 ], [ -73.98561580396364, 40.785141862595161 ], [ -73.985465811970315, 40.785360700575488 ], [ -73.986172704965341, 40.786068452258682 ], [ -73.986455862401883, 40.785919219081414 ], [ -73.987072345615374, 40.78518963882015 ], [ -73.987119013942447, 40.785210319004136 ], [ -73.986497781023644, 40.785951202887262 ], [ -73.986164628806208, 40.786121882448349 ], [ -73.986128422485791, 40.786239001331126 ], [ -73.986071135219518, 40.786240706026675 ], [ -73.986027274789052, 40.78622896423682 ], [ -73.986097637849412, 40.786058225698014 ], [ -73.985429321269322, 40.785413942184626 ], [ -73.985081137731896, 40.785921935110494 ], [ -73.985198833254586, 40.785966552197841 ], [ -73.985170502389835, 40.786013334158199 ], [ -73.985216218673585, 40.786030501816406 ], [ -73.985255097980016, 40.78597620551156 ], [ -73.98524273937646, 40.785972572653442 ], [ -73.985249629330156, 40.785963139855888 ], [ -73.985281779186778, 40.785978620950097 ], [ -73.985240032884349, 40.786035858136827 ], [ -73.98568388524194, 40.786222123919792 ], [ -73.98571752900456, 40.786175994668866 ], [ -73.98576566029756, 40.786196274858753 ], [ -73.985682871922521, 40.786309786213145 ], [ -73.9856362709302, 40.786290150649279 ], [ -73.985670722564663, 40.786242911993845 ], [ -73.98561523764441, 40.78621964571532 ], [ -73.985205118800152, 40.786047669212856 ], [ -73.985211035607378, 40.786039554883679 ], [ -73.985162639947092, 40.786020999769761 ], [ -73.985131636311948, 40.786060297020065 ], [ -73.985016964065025, 40.786014237195772 ], [ -73.984935978203481, 40.786130720651038 ], [ -73.98465507883023, 40.786534741807955 ], [ -73.985743787900816, 40.786570082854865 ], [ -73.985892272283323, 40.786426529019614 ], [ -73.985942854995088, 40.786452847880376 ], [ -73.985949561556467, 40.786487113966558 ], [ -73.985812373526514, 40.786616865357168 ], [ -73.985135209703046, 40.786587618895602 ], [ -73.98461942858404, 40.786586016349823 ], [ -73.983715512652125, 40.787886090075517 ], [ -73.982346641475573, 40.789854781275302 ], [ -73.981886459232442, 40.790516580467532 ], [ -73.981859804999814, 40.790503077999894 ], [ -73.981765730999925, 40.790455425999944 ], [ -73.981693289000034, 40.790418728 ], [ -73.981594590999904, 40.790384123999985 ], [ -73.980971507999982, 40.790160877999945 ], [ -73.980356593999858, 40.789940558 ], [ -73.977856498999984, 40.788881538999973 ], [ -73.976605041999917, 40.788354480999949 ], [ -73.976501493999876, 40.788312676999972 ], [ -73.976391491999948, 40.78826674699998 ], [ -73.975014171999959, 40.787685605999911 ] ] ] } },
{ "type": "Feature", "properties": { "locationid": 243 }, "geometry": { "type": "Polygon", "coordinates": [ [ [ -73.931565369999944, 40.869582157999943 ], [ -73.931414373999957, 40.868961927999948 ], [ -73.931276715999829, 40.868843593999941 ], [ -73.931178775000049, 40.868768866999943 ], [ -73.930919424999928, 40.868571000999971 ], [ -73.929979747999809, 40.867796148999965 ], [ -73.929341040999986, 40.867257239999972 ], [ -73.928722031999925, 40.866742662999933 ], [ -73.928057702999865, 40.866199363999982 ], [ -73.927269150999848, 40.86553456 ], [ -73.926619489999936, 40.864524293999928 ], [ -73.926010928999943, 40.86357366499994 ], [ -73.925373181999859, 40.862580813999962 ], [ -73.924741533999921, 40.861593637999952 ], [ -73.924998183999875, 40.861463737999941 ], [ -73.924968640999921, 40.86128327 ], [ -73.924967789999883, 40.861253467999944 ], [ -73.924963106999869, 40.861089282999984 ], [ -73.924980503999933, 40.860892518999954 ], [ -73.925021622000031, 40.860695310999937 ], [ -73.925086695999823, 40.860500126999973 ], [ -73.925175355999841, 40.860309478999966 ], [ -73.925286626999906, 40.860125797 ], [ -73.925418984999936, 40.859951330999955 ], [ -73.925570378999893, 40.859788079999944 ], [ -73.925738398999954, 40.859637679999928 ], [ -73.925920324999893, 40.859501408999968 ], [ -73.926113288999886, 40.859380111 ], [ -73.926295948999879, 40.859287413999951 ], [ -73.926468034999914, 40.859178123999904 ], [ -73.926625751999893, 40.859053325999923 ], [ -73.926765631999942, 40.85891478399995 ], [ -73.926884709999896, 40.858764828999917 ], [ -73.926980786999778, 40.858606241 ], [ -73.927052532999909, 40.858442090999944 ], [ -73.927099515999842, 40.85827552099996 ], [ -73.927122220999934, 40.858109610999882 ], [ -73.92691117499983, 40.85750876099997 ], [ -73.926878111, 40.85761400599997 ], [ -73.926822735999892, 40.857722237999965 ], [ -73.926742322999857, 40.85782976799991 ], [ -73.926635539999836, 40.857931923999971 ], [ -73.926502994999979, 40.858023418999956 ], [ -73.926347754999952, 40.858098970999968 ], [ -73.926175268999899, 40.858154095999957 ], [ -73.925992857999915, 40.858185865999928 ], [ -73.925808729999929, 40.85819342 ], [ -73.925630758999858, 40.858177951999956 ], [ -73.925465479, 40.85814241100001 ], [ -73.925317483999919, 40.858090806999989 ], [ -73.925189249999931, 40.858027536999977 ], [ -73.925081436999989, 40.857956787999981 ], [ -73.924967173999846, 40.857811003999942 ], [ -73.924869299999912, 40.857656190999919 ], [ -73.924789520999866, 40.857493996999935 ], [ -73.924729188999905, 40.857326286999928 ], [ -73.924689152999889, 40.857155121999966 ], [ -73.924669779999988, 40.85698261099995 ], [ -73.924670946999981, 40.856810888999945 ], [ -73.924691999999851, 40.856641996999954 ], [ -73.926799378999874, 40.853717144999941 ], [ -73.92723935, 40.853115371999941 ], [ -73.927695657999962, 40.852487781999905 ], [ -73.927033156999812, 40.852200774999929 ], [ -73.927079823, 40.851432342999942 ], [ -73.927476805999845, 40.850694369999964 ], [ -73.928249188999857, 40.849839854999885 ], [ -73.92842288, 40.849745680999959 ], [ -73.928585200000057, 40.849638802 ], [ -73.92873382199987, 40.849520488999921 ], [ -73.928866753999856, 40.849392312999974 ], [ -73.928982426999838, 40.849256121999957 ], [ -73.929707315999948, 40.848122611999919 ], [ -73.930621078999806, 40.848480976999944 ], [ -73.930884300999807, 40.848118937999921 ], [ -73.931161517999868, 40.84774060099997 ], [ -73.931393553999868, 40.847428230999896 ], [ -73.932849848999908, 40.848038109999919 ], [ -73.934239464000015, 40.848626211999971 ], [ -73.935471081999921, 40.849144382999967 ], [ -73.936396831000039, 40.849541194999901 ], [ -73.935753942999938, 40.850168202999924 ], [ -73.93666142799988, 40.85044732599998 ], [ -73.937365316999944, 40.85064453 ], [ -73.938284166999765, 40.850908545999907 ], [ -73.939236032999915, 40.851178486999963 ], [ -73.939399532999872, 40.851232665 ], [ -73.939399697999917, 40.851232718999945 ], [ -73.939399852999841, 40.851232755999952 ], [ -73.939570737999858, 40.851275555999976 ], [ -73.939747007999912, 40.851306236999953 ], [ -73.9397471139998, 40.85130625499994 ], [ -73.939747208999989, 40.851306264999948 ], [ -73.939926313, 40.851324277999929 ], [ -73.93992646699995, 40.851324295999937 ], [ -73.939926631999938, 40.851324304999949 ], [ -73.940106328999832, 40.851329531999987 ], [ -73.940106457999832, 40.851329531999966 ], [ -73.940106588999924, 40.851329521999972 ], [ -73.94028476699981, 40.851322149999945 ], [ -73.940485632999867, 40.851312717 ], [ -73.940485750999855, 40.85131270899997 ], [ -73.940485869999904, 40.851312708999934 ], [ -73.940687850999879, 40.851315423999949 ], [ -73.940688041999948, 40.851315423999949 ], [ -73.940688220000027, 40.85131543299989 ], [ -73.940889548999962, 40.851330367999971 ], [ -73.940889727999874, 40.851330375999929 ], [ -73.940889905999825, 40.851330403999981 ], [ -73.94108881800004, 40.851357429999943 ], [ -73.941088888999971, 40.851357438999941 ], [ -73.941088959999902, 40.851357456999978 ], [ -73.941262202999823, 40.851391961999937 ], [ -73.941851912999923, 40.851821335999979 ], [ -73.942038717999836, 40.85193102899995 ], [ -73.942218509999989, 40.851798503999895 ], [ -73.94238599199987, 40.851655184999913 ], [ -73.942476844999973, 40.851564590999921 ], [ -73.942539509999904, 40.851502104999923 ], [ -73.942677665999952, 40.851340481999962 ], [ -73.942799272999949, 40.851171672999975 ], [ -73.942903461999833, 40.850997163999921 ], [ -73.942989639999936, 40.850818503999953 ], [ -73.943096478999877, 40.85038730299992 ], [ -73.943117995999842, 40.850237242999974 ], [ -73.943151434999919, 40.85000403399998 ], [ -73.943160938999966, 40.849935458999965 ], [ -73.943169777000037, 40.849847511999961 ], [ -73.943178060999955, 40.849799942999951 ], [ -73.943812298999958, 40.849919640999971 ], [ -73.943965939999941, 40.84995081 ], [ -73.944099662000013, 40.849977402999876 ], [ -73.944721032999908, 40.850100961999978 ], [ -73.944768533, 40.850110402999888 ], [ -73.944914825, 40.850137037999986 ], [ -73.945897034999902, 40.850327981999918 ], [ -73.946926264524208, 40.850528055834204 ], [ -73.946868996149178, 40.850589596858747 ], [ -73.946813673916282, 40.850649039178123 ], [ -73.946802196279862, 40.850661372491103 ], [ -73.946515958829082, 40.850968926946564 ], [ -73.946502344462857, 40.8509762730516 ], [ -73.946487473908562, 40.850982046592314 ], [ -73.946471659935028, 40.850986126135311 ], [ -73.946456894007227, 40.850988277643651 ], [ -73.946441884787831, 40.850988950102909 ], [ -73.946426888111446, 40.850988132050823 ], [ -73.946412113475972, 40.850985827887676 ], [ -73.946397862134887, 40.850982077295789 ], [ -73.946384378549098, 40.850976944611055 ], [ -73.946371894008763, 40.850970517876952 ], [ -73.946338568126492, 40.850948524476145 ], [ -73.946320533536309, 40.850923937715365 ], [ -73.946328626127539, 40.850905029423473 ], [ -73.946351499863539, 40.85089369453739 ], [ -73.946351914756988, 40.850870558569135 ], [ -73.94633765223675, 40.850853479285519 ], [ -73.946326965004346, 40.850846615401053 ], [ -73.946315542168691, 40.850839278924525 ], [ -73.946296786708032, 40.850833725838804 ], [ -73.946274611838476, 40.850841593471543 ], [ -73.946243363309506, 40.850885235525908 ], [ -73.946197357330234, 40.850906420202001 ], [ -73.946172671719168, 40.850958789751147 ], [ -73.946195653597741, 40.850975009538338 ], [ -73.946200540469093, 40.851032392116309 ], [ -73.946185752081107, 40.851032385218701 ], [ -73.946171855240976, 40.851053071063689 ], [ -73.946157919698933, 40.851048241560406 ], [ -73.946146689629572, 40.851032234646411 ], [ -73.946145083853267, 40.851008382411038 ], [ -73.94613353603556, 40.850984828080897 ], [ -73.946119342831139, 40.85096964315823 ], [ -73.946096247184713, 40.850967243987 ], [ -73.946081450219168, 40.850981646768979 ], [ -73.946087047221937, 40.851009023386233 ], [ -73.946097057370295, 40.851033585493589 ], [ -73.946097767199163, 40.851034559136465 ], [ -73.946141360913415, 40.851094723094704 ], [ -73.946136377475739, 40.851155828294623 ], [ -73.946117281944225, 40.851173721434783 ], [ -73.946047655907606, 40.851189663090835 ], [ -73.945964620767896, 40.851172965528477 ], [ -73.945930144219915, 40.85119079648436 ], [ -73.945895671749653, 40.851188402829266 ], [ -73.945840849916593, 40.851170529994995 ], [ -73.945767204337727, 40.851170495396858 ], [ -73.94572488131935, 40.851197841284467 ], [ -73.945727986909048, 40.851228774441353 ], [ -73.945682555442303, 40.851227564647878 ], [ -73.945652790455057, 40.851212080342108 ], [ -73.945612031475989, 40.851240614833713 ], [ -73.945555563102488, 40.85132148895223 ], [ -73.94552736155029, 40.851321475639196 ], [ -73.945519489439619, 40.85136311070999 ], [ -73.945481875775741, 40.851373800033521 ], [ -73.945448933169658, 40.851428516042617 ], [ -73.94542229851784, 40.851427315536206 ], [ -73.945395672344077, 40.851416594838305 ], [ -73.945378420002299, 40.851427294768961 ], [ -73.945389368477421, 40.851453467950527 ], [ -73.94532198248487, 40.851470094729322 ], [ -73.945312565108395, 40.851485561054581 ], [ -73.94527966082822, 40.851495062960424 ], [ -73.945253027800746, 40.851492664120606 ], [ -73.945243600612798, 40.851520025436848 ], [ -73.945272561884011, 40.851546811602013 ], [ -73.94526627919835, 40.851571788710416 ], [ -73.945195747914909, 40.851593177116534 ], [ -73.94515345120476, 40.851587204237596 ], [ -73.945065674117032, 40.851639507848837 ], [ -73.945043708691031, 40.851671618664504 ], [ -73.945006076723232, 40.851702541806034 ], [ -73.944977851949005, 40.851732272132303 ], [ -73.944932408466727, 40.851731052656575 ], [ -73.944877196413145, 40.85175440837056 ], [ -73.944776912483619, 40.851796831953301 ], [ -73.944765664714325, 40.851801590264678 ], [ -73.944714352502032, 40.851815911219013 ], [ -73.944693704687793, 40.851824601986266 ], [ -73.944687550003565, 40.851836237725344 ], [ -73.944692578246745, 40.851863003175858 ], [ -73.944689654068441, 40.851877645331427 ], [ -73.944683096310442, 40.851910491352633 ], [ -73.944667066659534, 40.851921698520705 ], [ -73.944632210689193, 40.851909961355901 ], [ -73.944588329341045, 40.85192778906994 ], [ -73.944577345966849, 40.85194325407933 ], [ -73.944503699980146, 40.85195749066515 ], [ -73.944486484974135, 40.851924173700439 ], [ -73.944503076516853, 40.851899825117734 ], [ -73.944505072473447, 40.851890330012608 ], [ -73.944487542026863, 40.851889223127216 ], [ -73.944461904292965, 40.851899805303901 ], [ -73.944453609506041, 40.851897980498222 ], [ -73.944422259188471, 40.851905106587445 ], [ -73.944397199076349, 40.851893199510997 ], [ -73.944406635614456, 40.851855131177771 ], [ -73.944367489565778, 40.851825368522519 ], [ -73.944325190231055, 40.851822970623914 ], [ -73.944317322957517, 40.851856276514567 ], [ -73.944290665896588, 40.851882441022703 ], [ -73.944245200216614, 40.851920491938962 ], [ -73.944210719003109, 40.851929984568585 ], [ -73.944221649250835, 40.851976391831528 ], [ -73.944196546229222, 40.85201564098292 ], [ -73.944133860222635, 40.852027505643775 ], [ -73.94407120589058, 40.852015580285119 ], [ -73.94401323929921, 40.852000090761436 ], [ -73.943991265231702, 40.852041718878773 ], [ -73.943959867791875, 40.852119037299254 ], [ -73.943881480682208, 40.852172533480008 ], [ -73.943796060845159, 40.852198074731767 ], [ -73.943600722527307, 40.852231072309863 ], [ -73.943479785456148, 40.852281882947132 ], [ -73.943059029443035, 40.852601430146983 ], [ -73.943026443711872, 40.852626177871038 ], [ -73.942798385053536, 40.852851233889893 ], [ -73.942609966835761, 40.853067914746802 ], [ -73.942473659257232, 40.853171278311805 ], [ -73.942055142584849, 40.853654107455753 ], [ -73.941869964266729, 40.853867739442791 ], [ -73.941827744250034, 40.853989960632632 ], [ -73.941731056614643, 40.854108388549356 ], [ -73.941581588004397, 40.854347143808475 ], [ -73.941537367424289, 40.854435643596133 ], [ -73.941502131898758, 40.854500126748555 ], [ -73.941497621321631, 40.854508384367733 ], [ -73.941409806423593, 40.854684630988736 ], [ -73.941313111313121, 40.85479553975528 ], [ -73.941265920511213, 40.85494407878857 ], [ -73.941233663597671, 40.855009887976934 ], [ -73.941032770030844, 40.855305039145108 ], [ -73.940999289991865, 40.855358618938638 ], [ -73.941009143133044, 40.855415039634806 ], [ -73.940957044724044, 40.855520334394591 ], [ -73.940855398554774, 40.855621830778468 ], [ -73.940768548428764, 40.85580797146757 ], [ -73.940746217103694, 40.855847446920357 ], [ -73.940694193800951, 40.855853066060178 ], [ -73.940619751345935, 40.856011000742463 ], [ -73.940488312692693, 40.856204628822688 ], [ -73.940405177766195, 40.856372905782081 ], [ -73.940350564614263, 40.856515803073236 ], [ -73.940293474970971, 40.856641770657596 ], [ -73.940147176187168, 40.856833517057119 ], [ -73.94008523452419, 40.85685605129769 ], [ -73.940018270158561, 40.856950046147759 ], [ -73.939948806771397, 40.857066614256127 ], [ -73.939781462111171, 40.857234836995971 ], [ -73.939684824102613, 40.857289321036127 ], [ -73.939610410732172, 40.857396476396808 ], [ -73.939402115143722, 40.85766529797219 ], [ -73.939364888882281, 40.857740505738384 ], [ -73.939283038506375, 40.857860822791345 ], [ -73.939222319761697, 40.857893694231095 ], [ -73.93911094164396, 40.858040911225757 ], [ -73.939041226417672, 40.858202016363933 ], [ -73.938914714434915, 40.858406937423212 ], [ -73.938656805655157, 40.858734030419342 ], [ -73.938653061646946, 40.858768813621985 ], [ -73.938501747250243, 40.859011335007743 ], [ -73.938437287918504, 40.85907336212113 ], [ -73.938416433963326, 40.859166245464586 ], [ -73.938309574342924, 40.859380523608216 ], [ -73.93785336586474, 40.859830271232973 ], [ -73.937735563779654, 40.859933512239365 ], [ -73.937557343184906, 40.860081356325281 ], [ -73.937529441725673, 40.860096641282105 ], [ -73.937530663054574, 40.860111878847583 ], [ -73.937552186569803, 40.860123674582979 ], [ -73.937587163184062, 40.860149540326631 ], [ -73.937580542064879, 40.860203206651192 ], [ -73.937354361344305, 40.86051512129027 ], [ -73.937135775115152, 40.860783636699615 ], [ -73.937093904075624, 40.860925242991243 ], [ -73.937042231421785, 40.861057532978982 ], [ -73.93696851748112, 40.861143219025138 ], [ -73.936810969728924, 40.861258023749819 ], [ -73.936802799636268, 40.86127908212913 ], [ -73.936818515475011, 40.861315818680467 ], [ -73.936810454492502, 40.86136346605997 ], [ -73.93647561664902, 40.8619265911708 ], [ -73.935968130067764, 40.86254409289873 ], [ -73.935594607978132, 40.8629650518521 ], [ -73.934850891731188, 40.863965576934952 ], [ -73.934755407175629, 40.86409633974322 ], [ -73.934618700762286, 40.864269871044961 ], [ -73.934434468510972, 40.864503731733784 ], [ -73.934355685135188, 40.864732907068472 ], [ -73.934231640792206, 40.864813897822671 ], [ -73.934192303018705, 40.86487910753106 ], [ -73.93408173881329, 40.86497781014824 ], [ -73.934016644266976, 40.865035548291601 ], [ -73.934016485244712, 40.865195817666724 ], [ -73.933950017115791, 40.865346746209838 ], [ -73.933862831234677, 40.865410046111826 ], [ -73.933789164363617, 40.865428634268589 ], [ -73.933630555685966, 40.865709019423313 ], [ -73.933571580075821, 40.865766750944282 ], [ -73.933573961220404, 40.865841295538821 ], [ -73.933492854241564, 40.86594561482493 ], [ -73.933436350696951, 40.865986581995315 ], [ -73.93343628914424, 40.866048075807605 ], [ -73.933401827008083, 40.866135646839894 ], [ -73.933323175575737, 40.866238095014147 ], [ -73.933256888799178, 40.866241784580993 ], [ -73.933131501856792, 40.86642621378963 ], [ -73.933075003078415, 40.866557418725101 ], [ -73.932833494283116, 40.866982048205514 ], [ -73.932663327214513, 40.867237066437013 ], [ -73.932756486272396, 40.867264360167958 ], [ -73.932762607831251, 40.867252297557179 ], [ -73.932901718917648, 40.867293043899771 ], [ -73.932839582050676, 40.867415276911395 ], [ -73.932645695745748, 40.867358477642419 ], [ -73.932660350563609, 40.867329661353743 ], [ -73.932598236172538, 40.867311462916511 ], [ -73.93254851408642, 40.867413918056023 ], [ -73.932519100229442, 40.867410578207583 ], [ -73.932425479006909, 40.867568270928487 ], [ -73.932386622357186, 40.86769389324472 ], [ -73.932364314311542, 40.867863301007844 ], [ -73.932350781368044, 40.867979120295395 ], [ -73.932354315629567, 40.868007195697906 ], [ -73.932367468095308, 40.86803721447599 ], [ -73.932373412886108, 40.868063488073261 ], [ -73.932273971280452, 40.868477151977899 ], [ -73.932281240066601, 40.868532538157602 ], [ -73.93226769826255, 40.868562318972415 ], [ -73.932322843844204, 40.868578111887082 ], [ -73.932315910113076, 40.868604142896089 ], [ -73.932446437482341, 40.868659765468941 ], [ -73.932492142985822, 40.868677519662249 ], [ -73.932493772801863, 40.868674809424562 ], [ -73.932530777968267, 40.868613271913929 ], [ -73.932536906623056, 40.868603078375536 ], [ -73.932568918163099, 40.868549847238143 ], [ -73.932579705011918, 40.868531909823268 ], [ -73.932614318915995, 40.868474347379504 ], [ -73.932622115146117, 40.868461384985757 ], [ -73.932625250750363, 40.868456167974209 ], [ -73.932628443502807, 40.868457274317144 ], [ -73.932650835128072, 40.868465033481876 ], [ -73.932545465218496, 40.868640259232954 ], [ -73.93255050661638, 40.868642005591191 ], [ -73.932568042641407, 40.86864808335347 ], [ -73.932523545600276, 40.868722078358914 ], [ -73.932501251630043, 40.86871435273158 ], [ -73.932506199657183, 40.86870612539122 ], [ -73.932495328840389, 40.868701950391461 ], [ -73.932352298746906, 40.868647028162414 ], [ -73.932305972788541, 40.86862923954245 ], [ -73.932298305141828, 40.868647395033548 ], [ -73.932250317549489, 40.86863950937267 ], [ -73.932254277490941, 40.868683399358098 ], [ -73.932277510532373, 40.868711157475119 ], [ -73.932287320442853, 40.868875142390415 ], [ -73.932313854482203, 40.868923720343744 ], [ -73.932360350937799, 40.868949609798463 ], [ -73.93245670800944, 40.868962273178248 ], [ -73.932537293549515, 40.868968002362287 ], [ -73.93256895482746, 40.868979403716587 ], [ -73.932567951698687, 40.869044391473857 ], [ -73.932504698031309, 40.869129558665229 ], [ -73.932390168046126, 40.869187303110017 ], [ -73.932293276898719, 40.869199501942234 ], [ -73.932189038260574, 40.869366976389152 ], [ -73.932468830699136, 40.869476099387057 ], [ -73.93235370807281, 40.869755255296603 ], [ -73.932265816369792, 40.869734771640125 ], [ -73.932359344660085, 40.869507363219405 ], [ -73.932133366030499, 40.869415975441058 ], [ -73.932109971066978, 40.869477249101735 ], [ -73.9320771261944, 40.869542684159995 ], [ -73.932059082863518, 40.869582816886734 ], [ -73.932053438477098, 40.869600750744404 ], [ -73.932050021697293, 40.869641746782754 ], [ -73.932067122118283, 40.869699427786436 ], [ -73.932095661029109, 40.869759651145209 ], [ -73.932179760245589, 40.869822366400321 ], [ -73.932198551075601, 40.869844870871731 ], [ -73.931565369999944, 40.869582157999943 ] ] ] } },
{ "type": "Feature", "properties": { "locationid": 244 }, "geometry": { "type": "Polygon", "coordinates": [ [ [ -73.940688220000027, 40.85131543299989 ], [ -73.940688041999948, 40.851315423999949 ], [ -73.940687851999954, 40.851315423999921 ], [ -73.940485869999904, 40.851312708999934 ], [ -73.940485750999855, 40.85131270899997 ], [ -73.940485632999867, 40.851312717 ], [ -73.94028476699981, 40.851322149999945 ], [ -73.940106590000042, 40.851329521999958 ], [ -73.940106458999949, 40.851329532 ], [ -73.940106328999832, 40.851329531999987 ], [ -73.939926631999938, 40.851324304999949 ], [ -73.93992646699995, 40.851324295999937 ], [ -73.939926313, 40.851324277999929 ], [ -73.939747208999989, 40.851306264999948 ], [ -73.9397471139998, 40.85130625499994 ], [ -73.939747007999912, 40.851306236999953 ], [ -73.939570737999858, 40.851275555999976 ], [ -73.939399852999841, 40.851232755999952 ], [ -73.939399697999917, 40.851232718999945 ], [ -73.939399532999872, 40.851232665 ], [ -73.939236032999915, 40.851178486999963 ], [ -73.938284166999765, 40.850908545999907 ], [ -73.937365317999834, 40.850644529999961 ], [ -73.93666142799988, 40.85044732599998 ], [ -73.935753942999938, 40.850168202999924 ], [ -73.936396831000039, 40.849541194999901 ], [ -73.935471081999921, 40.849144382999967 ], [ -73.934239463999987, 40.848626210999988 ], [ -73.932849848999908, 40.848038109999919 ], [ -73.931393553999868, 40.847428230999896 ], [ -73.931850102999974, 40.846802632999974 ], [ -73.931915073999946, 40.846710523999917 ], [ -73.931980043999957, 40.846618414999938 ], [ -73.93201002999993, 40.846575965999925 ], [ -73.932040027999889, 40.846533506999918 ], [ -73.932072580999886, 40.846495678999943 ], [ -73.93210093699993, 40.846457729999912 ], [ -73.932186635, 40.846343066999978 ], [ -73.93224030199994, 40.846264602999966 ], [ -73.932325153, 40.846153900999944 ], [ -73.932770204999883, 40.845541105999914 ], [ -73.933150442000027, 40.845021942999942 ], [ -73.933232484999834, 40.8449099219999 ], [ -73.933715538999948, 40.84424637499994 ], [ -73.934211985000019, 40.843568902999969 ], [ -73.934671063999957, 40.842957242999915 ], [ -73.935140174999958, 40.842311673999909 ], [ -73.93556697199989, 40.841712527999981 ], [ -73.935611051999857, 40.841608994999909 ], [ -73.935611085999881, 40.841608895999912 ], [ -73.935611110999915, 40.84160880699995 ], [ -73.935636649999864, 40.841500194999895 ], [ -73.935636661999922, 40.841500139999923 ], [ -73.935642436999913, 40.84138944599993 ], [ -73.935642448999943, 40.841389282999955 ], [ -73.935642424999784, 40.841389129999925 ], [ -73.93562830199987, 40.841279613999944 ], [ -73.935628266999956, 40.841279361999966 ], [ -73.935628183999853, 40.841279099999973 ], [ -73.935595062999965, 40.84117339999996 ], [ -73.93543637099998, 40.840751330999886 ], [ -73.935295433000036, 40.840474817999947 ], [ -73.935191805999978, 40.840335687999954 ], [ -73.935191699999962, 40.84033554399992 ], [ -73.93519161699993, 40.840335399999937 ], [ -73.935106666000038, 40.840183726999967 ], [ -73.935043768999861, 40.840021620999934 ], [ -73.935043744999916, 40.840021566999951 ], [ -73.935043733000029, 40.840021512999989 ], [ -73.935005778, 40.839852009999944 ], [ -73.935005754000045, 40.839851910999947 ], [ -73.935005743000048, 40.839851801999899 ], [ -73.934994623999955, 40.839678216999914 ], [ -73.93499462399987, 40.839678135999947 ], [ -73.934994636999861, 40.839678054999915 ], [ -73.93501119299988, 40.83950397199996 ], [ -73.935055087999842, 40.839333235999931 ], [ -73.93512471799994, 40.839169636999955 ], [ -73.935124776999899, 40.839169484999921 ], [ -73.935124871999975, 40.839169330999979 ], [ -73.935217694999849, 40.839015920999948 ], [ -73.935217729999934, 40.839015866999972 ], [ -73.935217765999866, 40.839015821999965 ], [ -73.935330519999923, 40.838875039999984 ], [ -73.935330614999884, 40.83887491299992 ], [ -73.935330732999844, 40.838874795999899 ], [ -73.935459621999883, 40.838748403999965 ], [ -73.935637112999956, 40.83863142 ], [ -73.935804166999858, 40.83850497699995 ], [ -73.935959502999879, 40.838369897999939 ], [ -73.936102005000038, 40.838227168999929 ], [ -73.936230757999979, 40.838077855999913 ], [ -73.936383168999924, 40.837850124999918 ], [ -73.936690787000046, 40.83719324999997 ], [ -73.937023539999927, 40.836468946999936 ], [ -73.937382810999893, 40.835690728999964 ], [ -73.937751161999984, 40.834890576 ], [ -73.937863061999977, 40.83463775 ], [ -73.937898047999809, 40.834547695999973 ], [ -73.937939685999979, 40.834459289999899 ], [ -73.937987839999877, 40.834372813999984 ], [ -73.938042357999933, 40.83428854499995 ], [ -73.938103064999908, 40.834206753999929 ], [ -73.938169765999959, 40.834127701999968 ], [ -73.938242247999824, 40.83405164199997 ], [ -73.938320277999949, 40.833978817999963 ], [ -73.938403606999984, 40.833909462999948 ], [ -73.93849196799988, 40.833843799999926 ], [ -73.939154878999901, 40.833277992999953 ], [ -73.939273485999934, 40.833199648999965 ], [ -73.939273710999885, 40.83319949600002 ], [ -73.939273901, 40.833199342999926 ], [ -73.939382094999814, 40.83311096299991 ], [ -73.939382165999973, 40.833110898999976 ], [ -73.939382224999875, 40.833110836 ], [ -73.939478001999973, 40.833013642999973 ], [ -73.939478144999811, 40.83301348899996 ], [ -73.9394782749999, 40.833013327999936 ], [ -73.939559771999811, 40.832908966999902 ], [ -73.939559867999932, 40.832908840999963 ], [ -73.939559950000017, 40.832908696999915 ], [ -73.939626038999876, 40.832798852999915 ], [ -73.939626062999864, 40.832798807999922 ], [ -73.939626086999851, 40.83279875399991 ], [ -73.939676018999876, 40.832685370999911 ], [ -73.940075356999941, 40.832067227999886 ], [ -73.94016848499993, 40.831959055999931 ], [ -73.940246008000031, 40.831842120999937 ], [ -73.940305917999936, 40.831718450999887 ], [ -73.940346887999851, 40.831590404999929 ], [ -73.940368307999961, 40.831460492999987 ], [ -73.940370333000047, 40.831331253999934 ], [ -73.940346432999831, 40.830457841999937 ], [ -73.941367995999926, 40.830890837999981 ], [ -73.942979662, 40.831567979999953 ], [ -73.945719336999943, 40.832721412999931 ], [ -73.945823951999884, 40.832765460999937 ], [ -73.945925581999859, 40.832806489999946 ], [ -73.94829108199994, 40.833861180999968 ], [ -73.948905432999908, 40.834065298999953 ], [ -73.949194488999922, 40.834210658999929 ], [ -73.949415705999925, 40.834358589999951 ], [ -73.949574317999861, 40.834419361999963 ], [ -73.949641197999966, 40.834434329999972 ], [ -73.949708078999947, 40.834449289999974 ], [ -73.949776162999953, 40.834455964999954 ], [ -73.949855904999907, 40.834459286999987 ], [ -73.950155210482933, 40.834396759407952 ], [ -73.949979680304125, 40.834875878605772 ], [ -73.949889156204421, 40.835284720759049 ], [ -73.949798265052124, 40.835489841210389 ], [ -73.94978471338267, 40.835520433884348 ], [ -73.949742578860494, 40.835628087824915 ], [ -73.949738915280463, 40.835705654477856 ], [ -73.949712435793018, 40.835774990284264 ], [ -73.949693138317599, 40.835862580943513 ], [ -73.949683490074591, 40.835921883370709 ], [ -73.949689505713863, 40.836041139876372 ], [ -73.949691176402141, 40.836074277497524 ], [ -73.949686347447425, 40.836109863325014 ], [ -73.949656289139867, 40.836190939970791 ], [ -73.949645418168089, 40.836220254750202 ], [ -73.949621376431736, 40.836232103601034 ], [ -73.949601497084586, 40.836305099304759 ], [ -73.949583340658677, 40.836483937836903 ], [ -73.949546007293677, 40.836604371501849 ], [ -73.949509917621597, 40.836665489687533 ], [ -73.949457019199599, 40.836705619473832 ], [ -73.949388529060954, 40.836715621940648 ], [ -73.949328460812751, 40.836719250936525 ], [ -73.949290346570564, 40.836729292484947 ], [ -73.949286985984173, 40.836732775779005 ], [ -73.949284462342561, 40.836736645418036 ], [ -73.949282850527908, 40.836740786581778 ], [ -73.949282198366291, 40.836745076392909 ], [ -73.949282525209057, 40.836749387563856 ], [ -73.949283821357866, 40.836753592172748 ], [ -73.949286048353727, 40.83675756546009 ], [ -73.949289140117159, 40.83676118952976 ], [ -73.949293004908668, 40.836764356847937 ], [ -73.949297528051858, 40.836766973433335 ], [ -73.949302575335395, 40.836768961646428 ], [ -73.94937713355948, 40.836780334419963 ], [ -73.949439946965256, 40.836791699316919 ], [ -73.949442300131125, 40.836792157018479 ], [ -73.949462920709834, 40.836797746086525 ], [ -73.949482046478082, 40.836805839857725 ], [ -73.949497398937822, 40.83681498145161 ], [ -73.949510815923816, 40.836825737294596 ], [ -73.94952200610777, 40.836837873841851 ], [ -73.949530696161347, 40.836851069894053 ], [ -73.94953674996701, 40.836865089747988 ], [ -73.949540037170578, 40.836879631523551 ], [ -73.949180588978578, 40.83786401012167 ], [ -73.949152341292901, 40.837933552557672 ], [ -73.949004597678922, 40.838425588533575 ], [ -73.948928911686806, 40.838643426286154 ], [ -73.94883961981111, 40.838875635844104 ], [ -73.948757636013667, 40.839020237482224 ], [ -73.948657750269064, 40.839301344715643 ], [ -73.948560545204927, 40.839564885664274 ], [ -73.948496402890385, 40.8396675931725 ], [ -73.948428607914948, 40.839860854653203 ], [ -73.948334179237321, 40.839997335886018 ], [ -73.948274498936996, 40.840063541164803 ], [ -73.948233526220832, 40.840117596270005 ], [ -73.94807484255449, 40.840466259477942 ], [ -73.947967010140488, 40.840654108198706 ], [ -73.947860034522222, 40.840896013090145 ], [ -73.947761960876917, 40.841125756833854 ], [ -73.947709348099522, 40.841263606866178 ], [ -73.947606004017814, 40.841409547682346 ], [ -73.947556098185657, 40.84152866737066 ], [ -73.947488969293062, 40.841697463881751 ], [ -73.947383221542168, 40.841940826304544 ], [ -73.947274304391215, 40.84205178297006 ], [ -73.947210475556716, 40.842101126696818 ], [ -73.947167882223596, 40.842159099043378 ], [ -73.947133679722455, 40.842258624112795 ], [ -73.94712053311035, 40.842285597443322 ], [ -73.947107151744106, 40.84230678757892 ], [ -73.946960123828347, 40.842539570126839 ], [ -73.94693502862745, 40.842619198509404 ], [ -73.946869186452687, 40.842704823396872 ], [ -73.946787682125759, 40.8428151274789 ], [ -73.946755100748433, 40.842888461013068 ], [ -73.946709847566069, 40.842944124651531 ], [ -73.946616425961992, 40.843020098338073 ], [ -73.946548082782684, 40.843119981159454 ], [ -73.946458580665791, 40.843254384265968 ], [ -73.946369199915182, 40.843454779954847 ], [ -73.94631349566346, 40.843559770439008 ], [ -73.946248919181897, 40.843671204578584 ], [ -73.946197888993979, 40.843754098967999 ], [ -73.946126255786112, 40.843888568769323 ], [ -73.946124164217721, 40.843892496557167 ], [ -73.946119335775492, 40.844004737494075 ], [ -73.946097458338812, 40.844055052047317 ], [ -73.946094151721809, 40.844097355249012 ], [ -73.94611365510724, 40.844196277526137 ], [ -73.94611699818816, 40.844224965669234 ], [ -73.946093164130971, 40.8442911486529 ], [ -73.946105377725488, 40.84434972213284 ], [ -73.946084258058121, 40.844468181965155 ], [ -73.946091240774834, 40.844498801346063 ], [ -73.946078805570664, 40.844597670328355 ], [ -73.946109299804334, 40.844858574990745 ], [ -73.946122721527772, 40.844879554715874 ], [ -73.94612836835266, 40.844911807661276 ], [ -73.946146923988763, 40.844939757423475 ], [ -73.946160187227932, 40.845029844919544 ], [ -73.946160869071392, 40.845125827057821 ], [ -73.946191387283235, 40.845197972779339 ], [ -73.946205745536403, 40.84523179311288 ], [ -73.946222711667687, 40.84525916634135 ], [ -73.946210651864803, 40.845333625131872 ], [ -73.946177048453833, 40.845365915213179 ], [ -73.946171749838769, 40.845392891580701 ], [ -73.946206824066763, 40.845461745738973 ], [ -73.946230623854149, 40.845576980744632 ], [ -73.946276649579659, 40.845690659918432 ], [ -73.946307748145969, 40.845740934326066 ], [ -73.946438782554708, 40.845885922923429 ], [ -73.946466209924736, 40.845881260909515 ], [ -73.946479505128451, 40.845919778073075 ], [ -73.946445444815197, 40.845921488093083 ], [ -73.946483876872321, 40.845964687313632 ], [ -73.94651730200566, 40.845995184403769 ], [ -73.946503895851905, 40.846028199767616 ], [ -73.946455979128046, 40.846058165096167 ], [ -73.946425819536501, 40.84606333862834 ], [ -73.946348394593514, 40.846156448606848 ], [ -73.946350780499301, 40.846240331289295 ], [ -73.94640288265272, 40.846361291622387 ], [ -73.946436438174985, 40.846439919994232 ], [ -73.946473530579013, 40.846528618163518 ], [ -73.946516832051074, 40.846593139850704 ], [ -73.946640582104351, 40.846684894539081 ], [ -73.946717678791657, 40.846824758247159 ], [ -73.946789568493045, 40.846996749345365 ], [ -73.946824453426387, 40.847134262069829 ], [ -73.94680935266598, 40.847288446637492 ], [ -73.946782205439632, 40.847353389196705 ], [ -73.946749338427693, 40.847405959337223 ], [ -73.94669858704907, 40.847497393872409 ], [ -73.946685768537805, 40.847728395044292 ], [ -73.946656064346101, 40.847883320483582 ], [ -73.946640582057682, 40.847939292150507 ], [ -73.946622857343584, 40.84814551949151 ], [ -73.94662027748582, 40.848214017831133 ], [ -73.946619499988842, 40.848278425911921 ], [ -73.946644225722721, 40.848399333885403 ], [ -73.946650407631552, 40.848667604216857 ], [ -73.946678537653895, 40.848837459093026 ], [ -73.946635500126689, 40.84891242505973 ], [ -73.94665064310523, 40.849005010411723 ], [ -73.946664996248302, 40.849045694100901 ], [ -73.946706017629921, 40.849094377297085 ], [ -73.946720511760134, 40.849231783919379 ], [ -73.946733134063876, 40.849267497214527 ], [ -73.946756564277564, 40.849302667695035 ], [ -73.946811646733821, 40.849351933788817 ], [ -73.946838720364568, 40.849382821351028 ], [ -73.946855250043441, 40.849427680199703 ], [ -73.946854798475599, 40.849539471265054 ], [ -73.946882444174463, 40.849592841569169 ], [ -73.946895057932878, 40.849639453080769 ], [ -73.946900632106349, 40.849674149258064 ], [ -73.946966522371952, 40.849815174032727 ], [ -73.946959229438093, 40.849848958490483 ], [ -73.946951088499858, 40.849859164465563 ], [ -73.946952221182727, 40.84989009836444 ], [ -73.946995786581141, 40.849955924292281 ], [ -73.946958144741743, 40.849985259449312 ], [ -73.946967065245389, 40.849995665920694 ], [ -73.94698516576905, 40.849994533070571 ], [ -73.947027824947284, 40.850041831812469 ], [ -73.947025361710715, 40.850062114591118 ], [ -73.947005273577318, 40.850081867271193 ], [ -73.94697447146315, 40.850089895081268 ], [ -73.946953429150611, 40.850097735222107 ], [ -73.946964044957028, 40.850111655775549 ], [ -73.946986450411814, 40.850118830885457 ], [ -73.947017816995071, 40.850126995982677 ], [ -73.947028972035653, 40.850144760436201 ], [ -73.9470192100042, 40.850195092735639 ], [ -73.947049802591991, 40.850223349228344 ], [ -73.947043992783406, 40.850254745987897 ], [ -73.947004065768638, 40.850329328700212 ], [ -73.947004596083488, 40.850344067993461 ], [ -73.947011102736596, 40.850356292656805 ], [ -73.947001674369844, 40.850386520112679 ], [ -73.946998083022294, 40.850398030842705 ], [ -73.946964417595893, 40.850465525818223 ], [ -73.946926264524208, 40.850528055834204 ], [ -73.945897034999902, 40.850327981999918 ], [ -73.944914825, 40.850137037999986 ], [ -73.944768533, 40.850110402999888 ], [ -73.944721032999823, 40.85010096299991 ], [ -73.944099662000013, 40.849977402999876 ], [ -73.943965939999941, 40.84995081 ], [ -73.943812298999958, 40.849919640999971 ], [ -73.943178060999841, 40.84979994399994 ], [ -73.943169777000037, 40.849847511999961 ], [ -73.943160938999966, 40.849935458999965 ], [ -73.943151434999919, 40.85000403399998 ], [ -73.943117995999842, 40.850237242999974 ], [ -73.943096478999877, 40.85038730299992 ], [ -73.942989639999936, 40.850818503999953 ], [ -73.942903461999833, 40.850997163999921 ], [ -73.942799272999949, 40.851171672999975 ], [ -73.942677665999952, 40.851340481999962 ], [ -73.942539509999904, 40.851502104999923 ], [ -73.942476844999973, 40.851564590999921 ], [ -73.94238599199987, 40.851655184999913 ], [ -73.942218510999908, 40.851798503999909 ], [ -73.942038717999836, 40.85193102899995 ], [ -73.941851912999923, 40.851821335999979 ], [ -73.941262202999823, 40.851391961999937 ], [ -73.941088959999902, 40.851357456999978 ], [ -73.941088888999971, 40.851357438999941 ], [ -73.94108881800004, 40.851357429999943 ], [ -73.940889905999825, 40.851330403999981 ], [ -73.940889727999874, 40.851330375999929 ], [ -73.940889548999962, 40.851330367999971 ], [ -73.940688220000027, 40.85131543299989 ] ] ] } },
{ "type": "Feature", "properties": { "locationid": 246 }, "geometry": { "type": "Polygon", "coordinates": [ [ [ -74.004399762035135, 40.762671359098931 ], [ -74.002200820732639, 40.761728432226469 ], [ -74.00178824022305, 40.762294520644332 ], [ -74.00153309083484, 40.76264459806378 ], [ -74.001337484999908, 40.762208521999909 ], [ -74.001277962999907, 40.762075824999911 ], [ -74.001150540999902, 40.762025811999912 ], [ -74.001035874999985, 40.761968351999961 ], [ -73.998314745000016, 40.760823208999952 ], [ -73.996232230999865, 40.759946031999959 ], [ -73.995474501999922, 40.759626856999944 ], [ -73.995942365999881, 40.758980979 ], [ -73.996409415999949, 40.758339158999959 ], [ -73.996635292999841, 40.758012921999956 ], [ -73.996800897, 40.75778916 ], [ -73.996852448999846, 40.757732708999924 ], [ -73.996921778999891, 40.75763758199993 ], [ -73.997233738, 40.757209542999945 ], [ -73.997306713999933, 40.757110507 ], [ -73.997758365999886, 40.756487528999905 ], [ -73.998208705999971, 40.75586865599994 ], [ -73.9986606719999, 40.755251762999947 ], [ -73.999142920999873, 40.754584933999901 ], [ -73.999632289999965, 40.753918084999988 ], [ -73.999924591999815, 40.753516279999957 ], [ -74.000015299000012, 40.753391587 ], [ -74.000526674999918, 40.752688623999902 ], [ -74.000861393, 40.752214838999961 ], [ -74.000974548, 40.752054664999939 ], [ -74.001429705999897, 40.751445720999939 ], [ -74.001882666999933, 40.750827930999925 ], [ -74.002331686999923, 40.750208257999944 ], [ -74.002431475, 40.75007275199993 ], [ -74.002458683, 40.750035805999929 ], [ -74.002785269999947, 40.749592319999905 ], [ -74.003128061999959, 40.749121859999988 ], [ -74.003161167999878, 40.749076422999941 ], [ -74.00323561099998, 40.748974254999965 ], [ -74.003683445999926, 40.748355 ], [ -74.004168305999912, 40.747689291999933 ], [ -74.00465274299988, 40.747022952999949 ], [ -74.005107134999903, 40.746402772999907 ], [ -74.005534038999883, 40.745815568999916 ], [ -74.005959775999969, 40.745230984999957 ], [ -74.006384771999961, 40.744645902999906 ], [ -74.006811499999955, 40.744061323999965 ], [ -74.006966043999924, 40.743847013999918 ], [ -74.007237745999944, 40.743470231999908 ], [ -74.007704614999938, 40.742833812999969 ], [ -74.007895687999948, 40.74257005099988 ], [ -74.008204018999876, 40.742147517999896 ], [ -74.008699022999934, 40.742361722999966 ], [ -74.008790805999951, 40.742375143999965 ], [ -74.008893397999913, 40.742384166999955 ], [ -74.009024391999944, 40.742399743 ], [ -74.00916608208486, 40.742416591231652 ], [ -74.009091568461898, 40.742886149575021 ], [ -74.009240135750304, 40.74289951841002 ], [ -74.009240741601047, 40.742913160863417 ], [ -74.009620153489138, 40.74295124889241 ], [ -74.009568434117611, 40.743257784726374 ], [ -74.009584643457089, 40.743263520483126 ], [ -74.012119400286664, 40.743516612182631 ], [ -74.012137269361716, 40.743531927059287 ], [ -74.012148131835886, 40.743559301547599 ], [ -74.012090082890182, 40.743897637648928 ], [ -74.012069034866684, 40.743922493548411 ], [ -74.012020850064033, 40.743939770208947 ], [ -74.011977633428629, 40.743935560420994 ], [ -74.009512017673572, 40.7436760937603 ], [ -74.009488683642203, 40.743695681179545 ], [ -74.009438008708656, 40.743971255975744 ], [ -74.009394269321106, 40.743968716838204 ], [ -74.00904207504226, 40.743933871255145 ], [ -74.00890032962846, 40.74391792709612 ], [ -74.008802835238924, 40.744439347624279 ], [ -74.008727800588801, 40.744858232910005 ], [ -74.008729863594112, 40.74488153782972 ], [ -74.008939758442793, 40.744909217332413 ], [ -74.009574406129133, 40.744992908662894 ], [ -74.009612279244081, 40.744997903150555 ], [ -74.009558329297391, 40.745288825298722 ], [ -74.009916608134446, 40.745327255007048 ], [ -74.009934366776903, 40.745317078101905 ], [ -74.009937961849289, 40.74529670191297 ], [ -74.009943418167168, 40.745265769736378 ], [ -74.009950487691455, 40.745225690320936 ], [ -74.009958526013449, 40.745180119646619 ], [ -74.009967599594134, 40.74512868110849 ], [ -74.009973506833902, 40.745095194115741 ], [ -74.009981357393357, 40.745050682388495 ], [ -74.009989172731494, 40.745006384762078 ], [ -74.009998226017203, 40.744955059302086 ], [ -74.009986857848119, 40.744944164215227 ], [ -74.009869484747242, 40.744933917707179 ], [ -74.009872110854758, 40.744916502125861 ], [ -74.010167905353924, 40.744942329709701 ], [ -74.010164651973639, 40.744963924629793 ], [ -74.010053756562129, 40.74495423492997 ], [ -74.010038483846117, 40.744963458078146 ], [ -74.010023612525387, 40.74504634531803 ], [ -74.010014043237035, 40.74509967661556 ], [ -74.010008140334477, 40.745132576765599 ], [ -74.009999301706017, 40.745181839791101 ], [ -74.009992505240561, 40.745219719064352 ], [ -74.009983201326492, 40.74527157308875 ], [ -74.009977436387629, 40.745303703608975 ], [ -74.009973950219106, 40.745323135109295 ], [ -74.009990953800099, 40.745336686673951 ], [ -74.010469200118564, 40.745386766028957 ], [ -74.010488355949605, 40.745375715094717 ], [ -74.010491874174605, 40.745355167013784 ], [ -74.010496934411904, 40.745325615430858 ], [ -74.010503327811861, 40.745288270908937 ], [ -74.010511716553367, 40.745239275258321 ], [ -74.010520834363348, 40.74518602135884 ], [ -74.010526816652742, 40.74515108070608 ], [ -74.01052968455852, 40.745134332512663 ], [ -74.01055044755887, 40.745013057710047 ], [ -74.010531881687527, 40.74500298186927 ], [ -74.010417006602509, 40.744993582703351 ], [ -74.010419372093949, 40.744976824673614 ], [ -74.010764197806807, 40.745005032020863 ], [ -74.010761560461319, 40.745023726183497 ], [ -74.010606215401793, 40.745011016474287 ], [ -74.010585792009365, 40.745020446561604 ], [ -74.010568010918959, 40.745137932826424 ], [ -74.010563708497344, 40.745166362253251 ], [ -74.010550569288156, 40.745253182077853 ], [ -74.010539782053328, 40.745324455419443 ], [ -74.010533735347323, 40.74536440745706 ], [ -74.010531065376995, 40.745382050389459 ], [ -74.010545203921453, 40.745392135011684 ], [ -74.011103598048777, 40.745447670244019 ], [ -74.011116241632777, 40.745436124625428 ], [ -74.011124662299636, 40.745377762202466 ], [ -74.011130100290345, 40.745343228325559 ], [ -74.011138870069217, 40.745287548631836 ], [ -74.011145457955237, 40.745245720718607 ], [ -74.011156273159443, 40.745177047156183 ], [ -74.011161134184405, 40.745146176461112 ], [ -74.011171831198141, 40.745078258283371 ], [ -74.011153287098438, 40.745068643572857 ], [ -74.011042817482206, 40.745060963423612 ], [ -74.011044591508195, 40.745046212402087 ], [ -74.011387699741874, 40.745073112682718 ], [ -74.01138567845328, 40.745088008644061 ], [ -74.011230380572329, 40.745075831165295 ], [ -74.011210852940351, 40.745170803682647 ], [ -74.011205924474453, 40.745194770630825 ], [ -74.011188168719315, 40.745281126091704 ], [ -74.011181029649791, 40.745315849441425 ], [ -74.011166750827826, 40.74538529798194 ], [ -74.011154191769052, 40.745446378083898 ], [ -74.011167099761224, 40.745460352540015 ], [ -74.011739585528147, 40.745519918190219 ], [ -74.011751407661407, 40.745442387696123 ], [ -74.011754957616674, 40.745419097671949 ], [ -74.011762811516718, 40.745367594285852 ], [ -74.01177255159179, 40.745303706497928 ], [ -74.011774046814509, 40.745293903213387 ], [ -74.011787571779365, 40.745205203565853 ], [ -74.011795276457235, 40.745154666984973 ], [ -74.011782735008083, 40.745134956631048 ], [ -74.011669008534724, 40.745127331191455 ], [ -74.011670675838019, 40.745113977842422 ], [ -74.011836428724067, 40.745125963678774 ], [ -74.011770257650511, 40.745552784540187 ], [ -74.011766354495194, 40.745577980043507 ], [ -74.011782758280802, 40.745601572255438 ], [ -74.011718975309066, 40.745939844997835 ], [ -74.011711234965404, 40.745961259151706 ], [ -74.011678855055919, 40.745979461815978 ], [ -74.011634512517176, 40.74597839430357 ], [ -74.010555249022516, 40.745871104925463 ], [ -74.01055133475721, 40.745902883999705 ], [ -74.01012821388646, 40.745857238928984 ], [ -74.010128211620753, 40.745842335463124 ], [ -74.009946684622719, 40.745819514445714 ], [ -74.009948079138454, 40.74580017091197 ], [ -74.009463898559616, 40.745750143659521 ], [ -74.00945258331889, 40.745817656644235 ], [ -74.009442068506928, 40.745880389871573 ], [ -74.009436151275452, 40.745915693320647 ], [ -74.009425176232426, 40.74598117736344 ], [ -74.009419849036007, 40.746012963047747 ], [ -74.009408513457643, 40.746080594635885 ], [ -74.009402726043191, 40.746115130634124 ], [ -74.009392049592506, 40.746178823960022 ], [ -74.009386710699957, 40.746210681009053 ], [ -74.009381986949066, 40.746238867843758 ], [ -74.009378016116116, 40.746262559721522 ], [ -74.009365504957756, 40.746337200862143 ], [ -74.011528218555597, 40.74657522476398 ], [ -74.011562061110865, 40.746586991426518 ], [ -74.011585283619496, 40.746609050951491 ], [ -74.011582387430892, 40.746635535792592 ], [ -74.011525386383269, 40.746973140773846 ], [ -74.011504112355283, 40.746990802505195 ], [ -74.011476062809521, 40.746996685639608 ], [ -74.011437379446448, 40.746992276512863 ], [ -74.009243145925879, 40.746762790753813 ], [ -74.009137362599205, 40.747359762803029 ], [ -74.009560479623744, 40.747402799604515 ], [ -74.009561034762257, 40.747387733595289 ], [ -74.009567653003515, 40.747387877453313 ], [ -74.009568266265518, 40.747371083406598 ], [ -74.009550398672303, 40.747370706112804 ], [ -74.009551554153603, 40.747339341767919 ], [ -74.009963849968685, 40.74737780301259 ], [ -74.009958384454507, 40.747411672082819 ], [ -74.009906699700309, 40.747406849608502 ], [ -74.009901589129541, 40.747438484348947 ], [ -74.0113567533772, 40.747592418346798 ], [ -74.011394776234866, 40.74761090210869 ], [ -74.011406739355166, 40.747630550570733 ], [ -74.011346931584555, 40.747976205492677 ], [ -74.011331744416992, 40.748000575341969 ], [ -74.011303529937393, 40.748014571908918 ], [ -74.011266112539602, 40.748013719181195 ], [ -74.009058479013504, 40.747785645332904 ], [ -74.00894606502311, 40.748411893168701 ], [ -74.008979184059726, 40.74841270962699 ], [ -74.008979182376237, 40.748400219380478 ], [ -74.009071009275445, 40.748409767206468 ], [ -74.009073907703467, 40.748395061700819 ], [ -74.00941511636573, 40.748429586917283 ], [ -74.009416076725245, 40.748436935037908 ], [ -74.009523367415056, 40.748447956808235 ], [ -74.009518823601141, 40.748473540436002 ], [ -74.011166875615444, 40.748645046766185 ], [ -74.011194727511452, 40.748656814113971 ], [ -74.011215618134088, 40.748677992243586 ], [ -74.011215621304046, 40.748696821175876 ], [ -74.011149142818908, 40.749025747264859 ], [ -74.011132899429739, 40.749041633830991 ], [ -74.011108911829837, 40.749049876422177 ], [ -74.011077970592211, 40.749051643117276 ], [ -74.009948179380245, 40.748931988005793 ], [ -74.009560049786842, 40.749935041791559 ], [ -74.009722574014063, 40.749972029008667 ], [ -74.009727710749388, 40.749963788300818 ], [ -74.010065445472591, 40.750068038251726 ], [ -74.01050182205222, 40.750209811644659 ], [ -74.010751186035009, 40.750293977204883 ], [ -74.010808158008984, 40.750319311368017 ], [ -74.010756580339233, 40.750410852957494 ], [ -74.010695312615468, 40.750394514816904 ], [ -74.010486790933641, 40.750326688769206 ], [ -74.009682823689218, 40.750062757793842 ], [ -74.009693502608258, 40.75004393617558 ], [ -74.009542480455707, 40.750000949023452 ], [ -74.009518086865043, 40.750107004781441 ], [ -74.009470019225049, 40.750081164156619 ], [ -74.009475596008258, 40.750075157719735 ], [ -74.00925340917918, 40.749985206224537 ], [ -74.00911896644935, 40.750332442431656 ], [ -74.009000982594586, 40.750648183782616 ], [ -74.008706186505748, 40.751426805003419 ], [ -74.008731378299871, 40.751465894969762 ], [ -74.008667290718236, 40.751628197220782 ], [ -74.008620898394369, 40.751652577922457 ], [ -74.008532569250121, 40.75188360930435 ], [ -74.008760049935091, 40.751948014709782 ], [ -74.009140821199907, 40.752097594099027 ], [ -74.009126611232389, 40.752116895734915 ], [ -74.008745677150415, 40.75196439532705 ], [ -74.008651159368085, 40.751939512113132 ], [ -74.008643182376261, 40.751956502031923 ], [ -74.00896912527908, 40.752076791478771 ], [ -74.008957422948001, 40.752090225130985 ], [ -74.009038959699723, 40.752125156152516 ], [ -74.009049097962532, 40.75211834944303 ], [ -74.009107579751543, 40.752139712111898 ], [ -74.009105968200032, 40.752142124949486 ], [ -74.009057740096623, 40.752214351243254 ], [ -74.008997349116513, 40.75218910594716 ], [ -74.009007628083367, 40.752176842739395 ], [ -74.008928876504655, 40.752144001870157 ], [ -74.008914724226059, 40.752163628475849 ], [ -74.00867223768384, 40.752062250000769 ], [ -74.008590531016935, 40.752028105434412 ], [ -74.008580957604664, 40.752043882411634 ], [ -74.008664565619881, 40.752072867374288 ], [ -74.009340892452684, 40.75235560954561 ], [ -74.00932795206235, 40.752373503046222 ], [ -74.008478955727895, 40.752018571919962 ], [ -74.008426364472257, 40.75215785023925 ], [ -74.008817798194258, 40.752324345854227 ], [ -74.008802737030692, 40.752344854037226 ], [ -74.008839416621399, 40.752358816534674 ], [ -74.008851735652954, 40.752342281773011 ], [ -74.009865669615237, 40.75276341313937 ], [ -74.009846279226181, 40.752785441959439 ], [ -74.009889226199448, 40.752803680525588 ], [ -74.009906315195934, 40.752780411198422 ], [ -74.009990558197401, 40.752816187149115 ], [ -74.009920106317878, 40.752912126017002 ], [ -74.009970587970116, 40.752933564153189 ], [ -74.009919162754812, 40.753003591459219 ], [ -74.009789131164311, 40.752948370087815 ], [ -74.009887748683127, 40.752814077653341 ], [ -74.009838546744021, 40.752794967983064 ], [ -74.009830569139737, 40.752803464244558 ], [ -74.008829945053876, 40.752380016007173 ], [ -74.008836327149922, 40.752371521109552 ], [ -74.008792100908408, 40.752352138379543 ], [ -74.008687922195605, 40.752493998628417 ], [ -74.008353528388426, 40.752350739342305 ], [ -74.008011522405425, 40.753256452612106 ], [ -74.007903869430393, 40.753541538745878 ], [ -74.007739686877642, 40.75397149569114 ], [ -74.007620132963211, 40.754281475520202 ], [ -74.007744786056321, 40.754336542719464 ], [ -74.007596643258381, 40.754530449686115 ], [ -74.007471930163661, 40.754476814511698 ], [ -74.007293946503054, 40.754723184450896 ], [ -74.007284999443286, 40.754735568203223 ], [ -74.007413620368965, 40.754789302669451 ], [ -74.007271811747572, 40.754985594535249 ], [ -74.00714468360961, 40.754932481173419 ], [ -74.006959174166724, 40.755180794849423 ], [ -74.006806357636762, 40.755391775640369 ], [ -74.006702918406418, 40.755532367490936 ], [ -74.006566200079391, 40.755722862944715 ], [ -74.006205489259656, 40.756220843971036 ], [ -74.006099004745323, 40.756367850497504 ], [ -74.00595462291497, 40.756575842184773 ], [ -74.005912516114023, 40.75663649996951 ], [ -74.005800622429774, 40.756801694277407 ], [ -74.005418858410039, 40.757323140851774 ], [ -74.005211877057732, 40.757231998539936 ], [ -74.004803925601777, 40.757809843164701 ], [ -74.004967770786479, 40.757884164447994 ], [ -74.005278947978866, 40.758028554928245 ], [ -74.005031051366345, 40.75835701647312 ], [ -74.006964287493048, 40.759160057561644 ], [ -74.006993752684608, 40.759176147642648 ], [ -74.007010383049561, 40.759203720386644 ], [ -74.007003589040153, 40.759231870341111 ], [ -74.006529599878306, 40.759874751241234 ], [ -74.006506876401787, 40.759892032317175 ], [ -74.006475883719489, 40.759893601268089 ], [ -74.00644352901304, 40.759890460967185 ], [ -74.006315159352511, 40.75984282204471 ], [ -74.00450483093914, 40.75908499655268 ], [ -74.004206291253794, 40.759501707688457 ], [ -74.00390742032765, 40.759375692183575 ], [ -74.003806578350066, 40.75951073146598 ], [ -74.004079889568402, 40.75962604474271 ], [ -74.004246971280523, 40.75969921417137 ], [ -74.00420247432244, 40.759761071881798 ], [ -74.004148638146887, 40.759835914170885 ], [ -74.004244875882677, 40.759886573166568 ], [ -74.004259678567109, 40.759875307678556 ], [ -74.004318894250702, 40.759910685763494 ], [ -74.004268696506756, 40.759959279013387 ], [ -74.004210593456492, 40.759924566610039 ], [ -74.004222660669953, 40.759913103043708 ], [ -74.004131716228045, 40.759861642396011 ], [ -74.00411162007795, 40.759893007307241 ], [ -74.003668914535297, 40.759705969576693 ], [ -74.003572510400716, 40.759846558973166 ], [ -74.00392854933564, 40.760003019720457 ], [ -74.003825595951938, 40.760133136666916 ], [ -74.003588009111937, 40.760451706951372 ], [ -74.003384882298903, 40.760728870706359 ], [ -74.003133389913899, 40.761078345096415 ], [ -74.00278691552613, 40.760928969703357 ], [ -74.002335281300574, 40.761543727001616 ], [ -74.004545209834333, 40.762492801944809 ], [ -74.004558143613949, 40.762507876075446 ], [ -74.004556415609215, 40.762524265025178 ], [ -74.004449515272668, 40.762664567200069 ], [ -74.004427096592451, 40.762675707356379 ], [ -74.004399762035135, 40.762671359098931 ] ] ] } },
{ "type": "Feature", "properties": { "locationid": 249 }, "geometry": { "type": "Polygon", "coordinates": [ [ [ -74.002506423999947, 40.729016385 ], [ -74.002817265999923, 40.728363128999973 ], [ -74.003127674999931, 40.728393800999939 ], [ -74.005313691999959, 40.72860449399996 ], [ -74.007090207999894, 40.728772252999974 ], [ -74.006972987999916, 40.729494989999921 ], [ -74.006856820999943, 40.730228235999945 ], [ -74.00673713399992, 40.730947065999928 ], [ -74.006624071999951, 40.731669378999982 ], [ -74.006501352999948, 40.732425874999933 ], [ -74.006407076999892, 40.733053939999934 ], [ -74.006294241999896, 40.733742041999967 ], [ -74.006181796999982, 40.734439131999913 ], [ -74.006068698999968, 40.735133213999958 ], [ -74.005960180000017, 40.735845006999952 ], [ -74.005853870999871, 40.736533225999928 ], [ -74.005796202999989, 40.736921697999939 ], [ -74.005687044999902, 40.737551878999959 ], [ -74.005591495999951, 40.738138339999956 ], [ -74.005494940999881, 40.738753922999933 ], [ -74.005390359999907, 40.739411972999989 ], [ -74.005291787999923, 40.740023222999959 ], [ -74.00515808199998, 40.740858080999942 ], [ -74.00252381499989, 40.739752643999978 ], [ -73.999683921999846, 40.738552248999902 ], [ -73.996839938999983, 40.737360888999987 ], [ -73.997341327999962, 40.736667888999953 ], [ -73.997804430999835, 40.736032157999951 ], [ -73.998274189999862, 40.735391139999912 ], [ -73.998530215999892, 40.735037891999916 ], [ -73.998714438000022, 40.734783860999904 ], [ -73.999187803, 40.734134833999917 ], [ -73.999555891999975, 40.73361059599997 ], [ -73.999757715999849, 40.733341321999916 ], [ -74.000066577, 40.732929235999947 ], [ -74.000510663999961, 40.732315223 ], [ -74.000954422999882, 40.731706097999982 ], [ -74.001412424999941, 40.731065255999944 ], [ -74.001684654999906, 40.730581562 ], [ -74.002138992999974, 40.729795743999901 ], [ -74.002203372999972, 40.72965325599997 ], [ -74.002506423999947, 40.729016385 ] ] ] } },
{ "type": "Feature", "properties": { "locationid": 261 }, "geometry": { "type": "Polygon", "coordinates": [ [ [ -74.013326108999877, 40.705030787999945 ], [ -74.013269794999971, 40.704553496 ], [ -74.01419226999991, 40.704570403999917 ], [ -74.014289228999985, 40.704549074999939 ], [ -74.014370312, 40.704558037999981 ], [ -74.014517122999976, 40.70460567499989 ], [ -74.014667097999975, 40.704647212999909 ], [ -74.014780594999948, 40.70467411299996 ], [ -74.014895420999963, 40.704697517999932 ], [ -74.014961252, 40.704759797999934 ], [ -74.01516257, 40.704805094999926 ], [ -74.015272197999948, 40.704830037000015 ], [ -74.015397586999953, 40.704800148999951 ], [ -74.015657565999945, 40.704833087999972 ], [ -74.015655822000014, 40.704882634999898 ], [ -74.015873960999897, 40.704882112999925 ], [ -74.016217368999861, 40.704853026999942 ], [ -74.016298884999912, 40.704846415000013 ], [ -74.016375197999864, 40.704838484999975 ], [ -74.016520403999948, 40.704799717999926 ], [ -74.016627611999908, 40.704799430999898 ], [ -74.016686130999986, 40.704799337999972 ], [ -74.016654172999964, 40.704963820999929 ], [ -74.016622178, 40.705094482999939 ], [ -74.016403054999884, 40.705666201999932 ], [ -74.01625159599989, 40.706072613999908 ], [ -74.016059667999897, 40.706705129999968 ], [ -74.015938693999871, 40.707007573999931 ], [ -74.015904982999984, 40.707092694999922 ], [ -74.015885740999948, 40.707142175999962 ], [ -74.015863959999947, 40.707200182999962 ], [ -74.015849854999942, 40.707247267999904 ], [ -74.015718151999963, 40.70758531099996 ], [ -74.015688293999972, 40.707663824999912 ], [ -74.015643777, 40.70775609899993 ], [ -74.015592201999937, 40.707883242999905 ], [ -74.015343307999956, 40.708496816999912 ], [ -74.014954153999952, 40.709432691999972 ], [ -74.01487257099997, 40.709684873999954 ], [ -74.014824327999932, 40.709823368999956 ], [ -74.014665070999939, 40.710426937999948 ], [ -74.014455593999955, 40.710907152999908 ], [ -74.014268935999937, 40.711467815999967 ], [ -74.01417753399997, 40.711882666 ], [ -74.014047445999864, 40.712437814999987 ], [ -74.013753884999971, 40.713690554999914 ], [ -74.013597299999915, 40.713623377999951 ], [ -74.012543784999949, 40.713179103999963 ], [ -74.011663347999971, 40.712798055999926 ], [ -74.010121674999951, 40.712084695999913 ], [ -74.008838794999974, 40.711503958999963 ], [ -74.008600853999923, 40.711392239999988 ], [ -74.00906264699988, 40.710886703999961 ], [ -74.009473578999945, 40.710412543 ], [ -74.009542772999936, 40.710327492999973 ], [ -74.009987390999939, 40.709805672999927 ], [ -74.010542463999897, 40.709154148999964 ], [ -74.010846381999926, 40.708797544999953 ], [ -74.011011984999897, 40.708594021999943 ], [ -74.011182283999915, 40.708385573999919 ], [ -74.011248349999974, 40.708304700999896 ], [ -74.011702498999952, 40.707755712999898 ], [ -74.011946912999989, 40.707451531999958 ], [ -74.012507739999961, 40.706767066999952 ], [ -74.013253963999929, 40.70587051399994 ], [ -74.013309428999932, 40.705706830999915 ], [ -74.013344847999946, 40.705538826999948 ], [ -74.013359461999912, 40.705368655999969 ], [ -74.013353097999982, 40.705198576999869 ], [ -74.013326108999877, 40.705030787999945 ] ] ] } },
{ "type": "Feature", "properties": { "locationid": 262 }, "geometry": { "type": "MultiPolygon", "coordinates": [ [ [ [ -73.943832566999859, 40.782859088999963 ], [ -73.943760052999906, 40.782828931999937 ], [ -73.943607604, 40.782865369999961 ], [ -73.943544207062232, 40.782880524162636 ], [ -73.943648235390114, 40.7826561613333 ], [ -73.94388068102414, 40.781532043866939 ], [ -73.943870759887005, 40.781273026571611 ], [ -73.943714688505537, 40.78062981552884 ], [ -73.94360047475412, 40.780159099466168 ], [ -73.943213862652172, 40.779317588660049 ], [ -73.943004239504617, 40.779639495474242 ], [ -73.942780666419594, 40.779506154068144 ], [ -73.942716005450848, 40.779544169476189 ], [ -73.942627995843765, 40.779323118968662 ], [ -73.942712374762237, 40.779214856939802 ], [ -73.942535563208537, 40.779090956062518 ], [ -73.942893408187885, 40.77861409324624 ], [ -73.942655306768572, 40.778124965573859 ], [ -73.942457409908229, 40.777407473347665 ], [ -73.942438481744986, 40.777315235765961 ], [ -73.942328816537227, 40.777242655641295 ], [ -73.942361325494403, 40.777164737886835 ], [ -73.942302455358003, 40.777144704412045 ], [ -73.942247906627728, 40.777118540064023 ], [ -73.942198777026263, 40.777086771368836 ], [ -73.94215605521731, 40.777050037632087 ], [ -73.942120600912801, 40.77700907807413 ], [ -73.942093127570772, 40.776964716953088 ], [ -73.942074188038774, 40.776917846977113 ], [ -73.942002667222738, 40.776185317382755 ], [ -73.942081604573815, 40.775957016317086 ], [ -73.942401009490439, 40.775726927526129 ], [ -73.942587696406804, 40.775218956528136 ], [ -73.942930437813814, 40.774676268035812 ], [ -73.943338947504841, 40.774211192590663 ], [ -73.94366431814754, 40.77384076467942 ], [ -73.94396084370824, 40.773530420594554 ], [ -73.944424335958459, 40.773045322515898 ], [ -73.944878895967022, 40.772569562007334 ], [ -73.945615140125113, 40.771943026587699 ], [ -73.946404189190631, 40.771269045619277 ], [ -73.946907641337674, 40.770733911723546 ], [ -73.947489754781699, 40.770115154009567 ], [ -73.947522578999966, 40.77012969499993 ], [ -73.947614529999839, 40.770170428999975 ], [ -73.947665383999819, 40.770193252999981 ], [ -73.947716250999946, 40.770216067999961 ], [ -73.947793855000015, 40.770249151999963 ], [ -73.948073878999963, 40.770394394999919 ], [ -73.950435605999985, 40.771391102999928 ], [ -73.952685149999937, 40.772339404999968 ], [ -73.952186219999959, 40.773019844999951 ], [ -73.951817615999943, 40.773526903999944 ], [ -73.951723382999973, 40.773656532 ], [ -73.9512617339999, 40.774291940999987 ], [ -73.950798346999989, 40.774927767999941 ], [ -73.95033856500001, 40.775563208999962 ], [ -73.949872496999944, 40.776196151000015 ], [ -73.949373666999904, 40.776875747999981 ], [ -73.948880419999895, 40.777553284999968 ], [ -73.948422725999777, 40.778182640999923 ], [ -73.947967681999927, 40.778806465999956 ], [ -73.947508180999861, 40.779437122999951 ], [ -73.947049218999794, 40.780064346999978 ], [ -73.946590592, 40.7806919739999 ], [ -73.946477641999849, 40.780845302999907 ], [ -73.946424432999777, 40.780917533999933 ], [ -73.946306317, 40.781077875999898 ], [ -73.946197187, 40.781226017999892 ], [ -73.946130916999977, 40.781315977999981 ], [ -73.945880944999857, 40.781658165999936 ], [ -73.945737852999855, 40.781854042 ], [ -73.945669815999963, 40.781947175999967 ], [ -73.945365651999836, 40.782362450999905 ], [ -73.945250354999985, 40.782519863999951 ], [ -73.94521308599991, 40.782570747 ], [ -73.944722644999857, 40.783247571999908 ], [ -73.944646660000018, 40.783217873 ], [ -73.944054394, 40.782964357999944 ], [ -73.943954601999891, 40.782915519999953 ], [ -73.943893245999845, 40.782887726999931 ], [ -73.943832566999859, 40.782859088999963 ] ] ], [ [ [ -73.938046406034218, 40.78082954427552 ], [ -73.937901336239506, 40.780749996172595 ], [ -73.937794487264156, 40.780781258755468 ], [ -73.937799441795576, 40.781031339796691 ], [ -73.937646318214789, 40.781001215892893 ], [ -73.937653659638045, 40.780790007552824 ], [ -73.93759894622616, 40.780467840861455 ], [ -73.937792690363423, 40.780357904212323 ], [ -73.938237735093907, 40.780259079465445 ], [ -73.938396225916904, 40.780262433893803 ], [ -73.938612008219451, 40.780338955868942 ], [ -73.939237461782284, 40.779733394058397 ], [ -73.939318219876, 40.7797180018269 ], [ -73.939530157932538, 40.779527620260474 ], [ -73.939583789724651, 40.779576474007186 ], [ -73.93943238100762, 40.779812200274634 ], [ -73.939493297520457, 40.779873691315416 ], [ -73.939375153796533, 40.779978771849215 ], [ -73.939305284967801, 40.779951224552143 ], [ -73.939217896252742, 40.780013520221523 ], [ -73.938728029265889, 40.780510743704625 ], [ -73.938839518450365, 40.780599249799884 ], [ -73.938828634101554, 40.780763450727697 ], [ -73.938744230892681, 40.781043876042325 ], [ -73.938300979516455, 40.781362084365007 ], [ -73.9380821326871, 40.781418437777234 ], [ -73.937967577216412, 40.781289334060332 ], [ -73.938049489217562, 40.781055806042474 ], [ -73.938067230898753, 40.780944703200696 ], [ -73.938046406034218, 40.78082954427552 ] ] ] ] } },
{ "type": "Feature", "properties": { "locationid": 263 }, "geometry": { "type": "Polygon", "coordinates": [ [ [ -73.952186219999959, 40.773019844999951 ], [ -73.952685149999937, 40.772339404999968 ], [ -73.955054815999986, 40.773336850999989 ], [ -73.957294099999856, 40.774283554999954 ], [ -73.95679749099989, 40.774966310999986 ], [ -73.956334922999915, 40.775600782999973 ], [ -73.955869336999896, 40.776236225999902 ], [ -73.955407297999898, 40.776868479999969 ], [ -73.954945200999902, 40.77750394699995 ], [ -73.954482240999965, 40.778138664999901 ], [ -73.953983701999803, 40.778822109999957 ], [ -73.95349212400005, 40.779496621999982 ], [ -73.953033679999876, 40.780125454999968 ], [ -73.952574219000056, 40.780753033999915 ], [ -73.952122032999895, 40.781386709999978 ], [ -73.951659206999977, 40.782007673999964 ], [ -73.951199272999872, 40.782633391999951 ], [ -73.950739137999861, 40.783261709999941 ], [ -73.95028254899988, 40.78389047 ], [ -73.949823903999899, 40.784515570999915 ], [ -73.949331705999924, 40.785193126999978 ], [ -73.947069381999981, 40.78423622699998 ], [ -73.944722644999857, 40.783247571999908 ], [ -73.94521308599991, 40.782570747 ], [ -73.945250354999985, 40.782519863999951 ], [ -73.945365651999836, 40.782362450999905 ], [ -73.945669815999963, 40.781947175999967 ], [ -73.945737852999855, 40.781854042 ], [ -73.945880944999857, 40.781658165999936 ], [ -73.946130916999977, 40.781315977999981 ], [ -73.946197187, 40.781226017999892 ], [ -73.946306317, 40.781077875999898 ], [ -73.946424432999777, 40.780917533999933 ], [ -73.946477641999849, 40.780845302999907 ], [ -73.946590592, 40.7806919739999 ], [ -73.947049218999794, 40.780064346999978 ], [ -73.947508180999861, 40.779437122999951 ], [ -73.947967681999927, 40.778806465999956 ], [ -73.948422725999777, 40.778182640999923 ], [ -73.948880419999895, 40.777553284999968 ], [ -73.949373666999904, 40.776875747999981 ], [ -73.949872496999944, 40.776196151000015 ], [ -73.95033856500001, 40.775563208999962 ], [ -73.950798346999989, 40.774927767999941 ], [ -73.9512617339999, 40.774291940999987 ], [ -73.951723382999973, 40.773656532 ], [ -73.951817615999943, 40.773526903999944 ], [ -73.952186219999959, 40.773019844999951 ] ] ] } }
]
}
